gene_id,chrom,start,end
ENSG00000101986,X,153743220,153743346
ENSG00000101986,X,153736611,153736911
ENSG00000101986,X,153738069,153738578
ENSG00000101986,X,153725725,153725952
ENSG00000101986,X,153724413,153724686
ENSG00000101986,X,153724855,153726166
ENSG00000101986,X,153729231,153729412
ENSG00000101986,X,153729231,153729897
ENSG00000101986,X,153736641,153736911
ENSG00000101986,X,153743488,153744743
ENSG00000101986,X,153743488,153744755
ENSG00000101986,X,153740573,153740604
ENSG00000101986,X,153742986,153743071
ENSG00000101986,X,153724494,153726166
ENSG00000101986,X,153725725,153725957
ENSG00000101986,X,153736111,153736254
ENSG00000101986,X,153735343,153735427
ENSG00000101986,X,153740091,153740237
ENSG00000101986,X,153725816,153726166
ENSG00000101986,X,153740573,153740719
ENSG00000101986,X,153724850,153726166
ENSG00000101986,X,153736344,153736513
ENSG00000101986,X,153724486,153724565
ENSG00000101986,X,153724333,153724664
ENSG00000101986,X,153736117,153736254
ENSG00000101986,X,153735625,153735959
ENSG00000101986,X,153728726,153728819
ENSG00000101986,X,153737156,153737251
ENSG00000143382,1,150560059,150560930
ENSG00000143382,1,150549380,150549499
ENSG00000143382,1,150560201,150562115
ENSG00000143382,1,150556161,150556366
ENSG00000143382,1,150556938,150556976
ENSG00000143382,1,150556607,150556684
ENSG00000143382,1,150557457,150557623
ENSG00000143382,1,150552087,150552308
ENSG00000143382,1,150549408,150549499
ENSG00000143382,1,150556147,150556217
ENSG00000143382,1,150560059,150560667
ENSG00000143382,1,150558253,150558649
ENSG00000143382,1,150550614,150551906
ENSG00000143382,1,150549368,150549499
ENSG00000143382,1,150557692,150557724
ENSG00000143382,1,150558472,150558748
ENSG00000143382,1,150560059,150560932
ENSG00000143382,1,150550141,150550276
ENSG00000143382,1,150558961,150559165
ENSG00000143382,1,150552897,150553253
ENSG00000143382,1,150550141,150550291
ENSG00000143382,1,150549416,150549499
ENSG00000143382,1,150557149,150557335
ENSG00000143382,1,150549407,150549499
ENSG00000143382,1,150555428,150555565
ENSG00000143382,1,150555953,150556052
ENSG00000143382,1,150557261,150557335
ENSG00000143382,1,150557944,150558149
ENSG00000143382,1,150554037,150554122
ENSG00000143382,1,150549751,150549895
ENSG00000143382,1,150556620,150556793
ENSG00000143382,1,150558472,150558649
ENSG00000143382,1,150549821,150549895
ENSG00000143382,1,150552542,150552600
ENSG00000143382,1,150553425,150554122
ENSG00000143382,1,150549420,150549499
ENSG00000143382,1,150560059,150560937
ENSG00000143382,1,150559760,150559905
ENSG00000143382,1,150560894,150561222
ENSG00000143382,1,150551928,150552014
ENSG00000143382,1,150554534,150554732
ENSG00000143382,1,150557493,150557623
ENSG00000143382,1,150549821,150550276
ENSG00000143382,1,150554382,150554467
ENSG00000143382,1,150556938,150557050
ENSG00000143382,1,150554565,150554634
ENSG00000143382,1,150554364,150554467
ENSG00000143382,1,150552204,150552308
ENSG00000143382,1,150559286,150559466
ENSG00000143382,1,150549838,150549895
ENSG00000143382,1,150560059,150560933
ENSG00000157985,2,235807238,235807331
ENSG00000157985,2,236072294,236072556
ENSG00000157985,2,236014804,236014879
ENSG00000157985,2,236123918,236124199
ENSG00000157985,2,235883344,235883449
ENSG00000157985,2,235776956,235777041
ENSG00000157985,2,236045936,236046031
ENSG00000157985,2,235506952,235507566
ENSG00000157985,2,235773854,235773982
ENSG00000157985,2,235882361,235882493
ENSG00000157985,2,236123918,236126554
ENSG00000157985,2,236049058,236049831
ENSG00000157985,2,235505538,235505634
ENSG00000157985,2,235797758,235797886
ENSG00000157985,2,235718380,235718392
ENSG00000157985,2,235744697,235744839
ENSG00000157985,2,235505750,235505800
ENSG00000157985,2,236120191,236120447
ENSG00000157985,2,235524323,235524539
ENSG00000157985,2,236123918,236124122
ENSG00000157985,2,236120191,236120279
ENSG00000157985,2,235744697,235744811
ENSG00000157985,2,235494106,235494849
ENSG00000157985,2,236037249,236037311
ENSG00000157985,2,235494042,235494849
ENSG00000157985,2,235799366,235799522
ENSG00000157985,2,236049058,236049281
ENSG00000157985,2,235494088,235494849
ENSG00000157985,2,235775656,235775794
ENSG00000157985,2,235973487,235973662
ENSG00000157985,2,235852685,235853202
ENSG00000157985,2,235669603,235671057
ENSG00000157985,2,236123918,236125482
ENSG00000157985,2,235506952,235507571
ENSG00000157985,2,235774302,235774477
ENSG00000157985,2,235908737,235908906
ENSG00000157985,2,236123918,236125256
ENSG00000157985,2,235717556,235717644
ENSG00000157985,2,235750353,235750488
ENSG00000157985,2,236040750,236040841
ENSG00000157985,2,235783313,235783387
ENSG00000157985,2,235740962,235741048
ENSG00000157985,2,236040611,236040841
ENSG00000157985,2,235930764,235930923
ENSG00000157985,2,236036560,236036715
ENSG00000157985,2,235968461,235968623
ENSG00000157985,2,236000228,236000454
ENSG00000157985,2,235494686,235494849
ENSG00000157985,2,235709178,235709237
ENSG00000157985,2,236123918,236131793
ENSG00000106992,9,127868046,127868076
ENSG00000106992,9,127867839,127868076
ENSG00000106992,9,127867007,127868076
ENSG00000106992,9,127867863,127868076
ENSG00000106992,9,127868462,127868512
ENSG00000106992,9,127877622,127877674
ENSG00000106992,9,127866485,127868076
ENSG00000106992,9,127873025,127873054
ENSG00000106992,9,127877622,127877671
ENSG00000106992,9,127871822,127871936
ENSG00000106992,9,127871822,127871939
ENSG00000106992,9,127874610,127874701
ENSG00000106992,9,127867839,127868100
ENSG00000106992,9,127878386,127878479
ENSG00000106992,9,127874610,127874649
ENSG00000106992,9,127867841,127868076
ENSG00000106992,9,127877541,127877673
ENSG00000106992,9,127874848,127875472
ENSG00000106992,9,127873393,127873544
ENSG00000106992,9,127867889,127868076
ENSG00000106992,9,127869414,127869495
ENSG00000106992,9,127875989,127876026
ENSG00000106992,9,127867037,127868076
ENSG00000106992,9,127871822,127871932
ENSG00000106992,9,127877622,127877673
ENSG00000106992,9,127872685,127872853
ENSG00000106992,9,127878386,127878423
ENSG00000106992,9,127867849,127868076
ENSG00000106992,9,127867838,127868076
ENSG00000106992,9,127873029,127873056
ENSG00000106992,9,127868329,127868512
ENSG00000106992,9,127867028,127868076
ENSG00000106992,9,127867851,127868076
ENSG00000106992,9,127867840,127868076
ENSG00000106992,9,127877771,127877954
ENSG00000106992,9,127868320,127868512
ENSG00000106992,9,127873029,127873059
ENSG00000106992,9,127872689,127872713
ENSG00000106992,9,127866491,127868076
ENSG00000106992,9,127872689,127872838
ENSG00000106992,9,127877622,127877712
ENSG00000106992,9,127867928,127868076
ENSG00000106992,9,127872689,127872853
ENSG00000106992,9,127872711,127872853
ENSG00000106992,9,127868320,127868475
ENSG00000106992,9,127877622,127877724
ENSG00000106992,9,127867998,127868076
ENSG00000106992,9,127872825,127872853
ENSG00000106992,9,127877622,127877675
ENSG00000106992,9,127877032,127877193
ENSG00000106992,9,127878464,127878558
ENSG00000106992,9,127873025,127873061
ENSG00000106992,9,127873025,127873180
ENSG00000106992,9,127877032,127877559
ENSG00000106992,9,127874610,127874647
ENSG00000106992,9,127875850,127876009
ENSG00000106992,9,127874876,127875007
ENSG00000106992,9,127868000,127868076
ENSG00000023516,13,42308453,42308609
ENSG00000023516,13,42299362,42303863
ENSG00000023516,13,42319087,42319303
ENSG00000023516,13,42271512,42271764
ENSG00000023516,13,42271490,42271764
ENSG00000023516,13,42313046,42313130
ENSG00000023516,13,42319087,42323259
ENSG00000023516,13,42317527,42317688
ENSG00000023516,13,42271474,42271764
ENSG00000023516,13,42271869,42272083
ENSG00000023516,13,42319087,42323283
ENSG00000023516,13,42319087,42319689
ENSG00000023516,13,42286299,42286399
ENSG00000023516,13,42295694,42295742
ENSG00000023516,13,42319087,42323261
ENSG00000023516,13,42285985,42286035
ENSG00000023516,13,42292384,42292501
ENSG00000023516,13,42298532,42298797
ENSG00000023516,13,42272151,42272228
ENSG00000023516,13,42272096,42272228
ENSG00000023516,13,42319087,42323267
ENSG00000023516,13,42271515,42271764
ENSG00000023516,13,42297047,42297182
ENSG00000023516,13,42313893,42313940
ENSG00000187134,10,4966926,4968386
ENSG00000187134,10,4968308,4968386
ENSG00000187134,10,4963392,4963528
ENSG00000187134,10,4963414,4963528
ENSG00000187134,10,4968821,4968944
ENSG00000187134,10,4965490,4966081
ENSG00000187134,10,4963427,4963528
ENSG00000187134,10,4977699,4979961
ENSG00000187134,10,4972583,4972747
ENSG00000187134,10,4977699,4979967
ENSG00000187134,10,4966926,4967043
ENSG00000187134,10,4977699,4983283
ENSG00000187134,10,4966009,4966081
ENSG00000187134,10,4977699,4977953
ENSG00000187134,10,4977699,4977950
ENSG00000187134,10,4963422,4963528
ENSG00000187134,10,4977699,4977965
ENSG00000187134,10,4963788,4963893
ENSG00000187134,10,4972200,4972310
ENSG00000187134,10,4972583,4972743
ENSG00000187134,10,4972583,4972749
ENSG00000187134,10,4963413,4963528
ENSG00000187134,10,4963448,4963528
ENSG00000187134,10,4966926,4967048
ENSG00000187134,10,4975850,4975933
ENSG00000187134,10,4963252,4963528
ENSG00000187134,10,4977699,4977967
ENSG00000187134,10,4969674,4969941
ENSG00000187134,10,4965913,4966081
ENSG00000187134,10,4966003,4966081
ENSG00000151632,10,5001513,5001681
ENSG00000151632,10,4991830,4991913
ENSG00000151632,10,4995487,4995667
ENSG00000151632,10,4999199,5000666
ENSG00000151632,10,4989789,4990038
ENSG00000151632,10,5006461,5006592
ENSG00000151632,10,5014902,5015048
ENSG00000151632,10,5010462,5010653
ENSG00000151632,10,5010343,5010653
ENSG00000151632,10,5015836,5015892
ENSG00000151632,10,4995881,4995932
ENSG00000151632,10,5007406,5007506
ENSG00000151632,10,5005994,5006052
ENSG00000151632,10,5014902,5015234
ENSG00000151632,10,4998624,4998738
ENSG00000151632,10,5003751,5004014
ENSG00000151632,10,4999199,4999277
ENSG00000151632,10,4998624,4998747
ENSG00000151632,10,5001204,5001327
ENSG00000151632,10,5003751,5004023
ENSG00000151632,10,5000302,5000460
ENSG00000151632,10,4989788,4990038
ENSG00000151632,10,4995755,4995865
ENSG00000151632,10,5013306,5013620
ENSG00000151632,10,5003751,5003922
ENSG00000151632,10,5003751,5003861
ENSG00000151632,10,4997239,4997374
ENSG00000151632,10,5001513,5001585
ENSG00000151632,10,5017899,5017934
ENSG00000151632,10,5001513,5001591
ENSG00000151632,10,4999910,5000460
ENSG00000151632,10,4997239,4997380
ENSG00000151632,10,4996036,4996146
ENSG00000151632,10,5004709,5004842
ENSG00000151632,10,4987774,4990038
ENSG00000151632,10,5017899,5017955
ENSG00000151632,10,4989433,4990038
ENSG00000151632,10,5017899,5018031
ENSG00000151632,10,5000549,5000666
ENSG00000151632,10,5003751,5003857
ENSG00000151632,10,5003751,5003860
ENSG00000151632,10,4995318,4995484
ENSG00000151632,10,4989774,4990038
ENSG00000151632,10,4995833,4995865
ENSG00000158578,X,55017614,55017665
ENSG00000158578,X,55025819,55026015
ENSG00000158578,X,55017649,55017665
ENSG00000158578,X,55020333,55020504
ENSG00000158578,X,55009054,55009343
ENSG00000158578,X,55020445,55020504
ENSG00000158578,X,55021265,55021274
ENSG00000158578,X,55006517,55009057
ENSG00000158578,X,55020319,55020504
ENSG00000158578,X,55030941,55030977
ENSG00000158578,X,55021051,55021274
ENSG00000158578,X,55023756,55023867
ENSG00000158578,X,55030941,55030986
ENSG00000158578,X,55017485,55017665
ENSG00000158578,X,55009088,55009343
ENSG00000158578,X,55020319,55020433
ENSG00000158578,X,55009112,55009343
ENSG00000158578,X,55013485,55013648
ENSG00000158578,X,55030941,55030976
ENSG00000158578,X,55014746,55015015
ENSG00000158578,X,55020319,55020329
ENSG00000158578,X,55017559,55017665
ENSG00000158578,X,55015577,55015742
ENSG00000158578,X,55024717,55024840
ENSG00000158578,X,55027750,55027857
ENSG00000136938,9,98011273,98011389
ENSG00000136938,9,98004963,98005153
ENSG00000136938,9,98004969,98005153
ENSG00000136938,9,98004934,98005135
ENSG00000136938,9,98015372,98015811
ENSG00000136938,9,97983527,97983609
ENSG00000136938,9,97983340,97983609
ENSG00000136938,9,97983410,97983609
ENSG00000136938,9,97983214,97983609
ENSG00000136938,9,97983258,97983609
ENSG00000136938,9,97987519,97987685
ENSG00000136938,9,98014778,98014895
ENSG00000136938,9,97998613,97998678
ENSG00000136938,9,98011270,98011389
ENSG00000136938,9,97983324,97983609
ENSG00000136938,9,98015363,98015502
ENSG00000136938,9,98004963,98005298
ENSG00000136938,9,98012445,98012472
ENSG00000136938,9,97983381,97983609
ENSG00000136938,9,98011276,98011389
ENSG00000136938,9,98015342,98015940
ENSG00000136938,9,97983341,97983609
ENSG00000136938,9,98011270,98011306
ENSG00000136938,9,98015384,98015811
ENSG00000136938,9,98015363,98015785
ENSG00000136938,9,97998555,97998678
ENSG00000136938,9,97984591,97984692
ENSG00000136938,9,97986550,97986815
ENSG00000136938,9,97994630,97994780
ENSG00000136938,9,98012420,98012472
ENSG00000136938,9,97983358,97983609
ENSG00000136938,9,98015363,98015827
ENSG00000136938,9,98015363,98015940
ENSG00000136938,9,98015363,98015943
ENSG00000136938,9,98002275,98002387
ENSG00000136938,9,97983314,97983609
ENSG00000163297,4,80072408,80073229
ENSG00000163297,4,80097499,80097629
ENSG00000163297,4,80073394,80073470
ENSG00000163297,4,80008523,80008616
ENSG00000163297,4,79905612,79906172
ENSG00000163297,4,79964838,79965097
ENSG00000163297,4,79964664,79964890
ENSG00000163297,4,80024636,80024755
ENSG00000163297,4,79905570,79906172
ENSG00000163297,4,79901145,79907467
ENSG00000163297,4,79907169,79907467
ENSG00000163297,4,80121147,80121277
ENSG00000163297,4,80072408,80073070
ENSG00000163297,4,80104462,80104537
ENSG00000163297,4,80034995,80035019
ENSG00000163297,4,80072408,80072719
ENSG00000163297,4,80054271,80054352
ENSG00000163297,4,79907404,79907467
ENSG00000163297,4,80072408,80072716
ENSG00000163297,4,80072408,80073326
ENSG00000163297,4,79977620,79977701
ENSG00000163297,4,80031622,80031692
ENSG00000163297,4,80055359,80055467
ENSG00000163297,4,80033493,80033568
ENSG00000163297,4,80072408,80073100
ENSG00000163297,4,80072408,80072563
ENSG00000163297,4,80055149,80055218
ENSG00000163297,4,79984818,79984863
ENSG00000163297,4,80072408,80073112
ENSG00000163297,4,80073394,80073472
ENSG00000163297,4,79906761,79907467
ENSG00000163297,4,80072408,80072993
ENSG00000163297,4,80072408,80072700
ENSG00000163297,4,80055931,80056013
ENSG00000163297,4,79977578,79977701
ENSG00000163297,4,79905590,79907467
ENSG00000163297,4,79983877,79983970
ENSG00000163297,4,79977536,79977701
ENSG00000163297,4,79983877,79983967
ENSG00000163297,4,79904866,79907467
ENSG00000163297,4,80033471,80033570
ENSG00000163297,4,80097736,80097961
ENSG00000163297,4,80008520,80008616
ENSG00000163297,4,80072708,80073123
ENSG00000163297,4,79907576,79907664
ENSG00000163297,4,80125385,80125454
ENSG00000163297,4,80072408,80073203
ENSG00000163297,4,80072708,80073077
ENSG00000163297,4,80071582,80071654
ENSG00000163297,4,80072408,80072846
ENSG00000163297,4,80079531,80081122
ENSG00000163297,4,79905570,79907467
ENSG00000163297,4,79905517,79907467
ENSG00000163297,4,79905572,79907467
ENSG00000163297,4,79905605,79907467
ENSG00000163297,4,79904837,79907467
ENSG00000163297,4,79920070,79920121
ENSG00000163297,4,80071582,80071620
ENSG00000163297,4,80069435,80069507
ENSG00000163297,4,79904205,79907467
ENSG00000163297,4,80079352,80079600
ENSG00000163297,4,80035971,80036032
ENSG00000163297,4,80072408,80073065
ENSG00000163297,4,80018897,80018976
ENSG00000163297,4,80072408,80072714
ENSG00000163297,4,80072408,80073074
ENSG00000163297,4,79907352,79907467
ENSG00000163297,4,79978006,79978174
ENSG00000163297,4,80054280,80054352
ENSG00000163297,4,79905571,79907467
ENSG00000135046,9,73154059,73154153
ENSG00000135046,9,73158694,73158803
ENSG00000135046,9,73167496,73167555
ENSG00000135046,9,73154202,73154342
ENSG00000135046,9,73165115,73165544
ENSG00000135046,9,73157932,73158013
ENSG00000135046,9,73163475,73163500
ENSG00000135046,9,73157653,73158601
ENSG00000135046,9,73154460,73154884
ENSG00000135046,9,73151901,73151924
ENSG00000135046,9,73167496,73167869
ENSG00000135046,9,73160802,73160893
ENSG00000135046,9,73159328,73159879
ENSG00000135046,9,73154460,73154716
ENSG00000135046,9,73170050,73170384
ENSG00000135046,9,73170050,73170390
ENSG00000135046,9,73170050,73170393
ENSG00000135046,9,73154197,73154342
ENSG00000135046,9,73151809,73151924
ENSG00000135046,9,73151863,73151924
ENSG00000135046,9,73160262,73160338
ENSG00000135046,9,73169031,73169154
ENSG00000135046,9,73154460,73154581
ENSG00000135046,9,73151867,73151924
ENSG00000135046,9,73148873,73148978
ENSG00000135046,9,73158706,73158803
ENSG00000135046,9,73170050,73170386
ENSG00000135046,9,73159328,73159423
ENSG00000135046,9,73163475,73163532
ENSG00000135046,9,73158499,73158601
ENSG00000135046,9,73158013,73158127
ENSG00000135046,9,73149632,73149677
ENSG00000135046,9,73151836,73151924
ENSG00000135046,9,73149447,73149677
ENSG00000135046,9,73158521,73158598
ENSG00000135046,9,73158521,73158601
ENSG00000135046,9,73157915,73158013
ENSG00000135046,9,73165115,73165209
ENSG00000135046,9,73151864,73151912
ENSG00000135046,9,73151736,73151812
ENSG00000135046,9,73162781,73162861
ENSG00000135046,9,73168097,73169154
ENSG00000135046,9,73166096,73166192
ENSG00000135046,9,73154460,73154674
ENSG00000135046,9,73151864,73151924
ENSG00000135046,9,73170050,73170629
ENSG00000135046,9,73170050,73170394
ENSG00000135046,9,73170050,73170385
ENSG00000135046,9,73170050,73170391
ENSG00000135046,9,73154197,73154340
ENSG00000135046,9,73160262,73160376
ENSG00000135046,9,73160284,73160376
ENSG00000135046,9,73154460,73154619
ENSG00000084234,11,130110537,130110585
ENSG00000084234,11,130143346,130143434
ENSG00000084234,11,130143346,130144273
ENSG00000084234,11,130069893,130070014
ENSG00000084234,11,130140397,130140468
ENSG00000084234,11,130109428,130109602
ENSG00000084234,11,130143331,130144806
ENSG00000084234,11,130121613,130121783
ENSG00000084234,11,130101369,130101513
ENSG00000084234,11,130069905,130070082
ENSG00000084234,11,130108604,130108983
ENSG00000084234,11,130069841,130070082
ENSG00000084234,11,130069893,130070037
ENSG00000084234,11,130122304,130122377
ENSG00000084234,11,130109428,130109823
ENSG00000084234,11,130138777,130139655
ENSG00000084234,11,130143346,130144805
ENSG00000084234,11,130069897,130070037
ENSG00000084234,11,130069871,130070082
ENSG00000084234,11,130069895,130070037
ENSG00000084234,11,130143346,130143575
ENSG00000084234,11,130110537,130110564
ENSG00000084234,11,130141411,130142074
ENSG00000084234,11,130140397,130140447
ENSG00000084234,11,130110537,130110573
ENSG00000084234,11,130127771,130127840
ENSG00000084234,11,130143346,130144807
ENSG00000084234,11,130110537,130110637
ENSG00000084234,11,130137255,130137291
ENSG00000084234,11,130143346,130143797
ENSG00000084234,11,130143346,130143806
ENSG00000084234,11,130069890,130070082
ENSG00000084234,11,130109428,130109617
ENSG00000084234,11,130121231,130121297
ENSG00000084234,11,130123611,130123779
ENSG00000084234,11,130069903,130070082
ENSG00000084234,11,130121613,130121810
ENSG00000084234,11,130143346,130144809
ENSG00000084234,11,130069914,130070082
ENSG00000084234,11,130141497,130141572
ENSG00000084234,11,130121613,130121718
ENSG00000084234,11,130121745,130121810
ENSG00000084234,11,130129047,130129206
ENSG00000084234,11,130120705,130120823
ENSG00000084234,11,130117796,130117859
ENSG00000084234,11,130127765,130127840
ENSG00000084234,11,130120705,130120777
ENSG00000084234,11,130141918,130142068
ENSG00000084234,11,130143346,130144802
ENSG00000084234,11,130143346,130144811
ENSG00000084234,11,130143346,130143673
ENSG00000084234,11,130121613,130121766
ENSG00000084234,11,130120765,130120818
ENSG00000084234,11,130110537,130110659
ENSG00000084234,11,130130055,130130166
ENSG00000084234,11,130069893,130070018
ENSG00000084234,11,130069827,130070082
ENSG00000084234,11,130069893,130070082
ENSG00000084234,11,130143346,130144804
ENSG00000084234,11,130069895,130070082
ENSG00000084234,11,130101925,130102000
ENSG00000084234,11,130122304,130122470
ENSG00000084234,11,130120705,130120818
ENSG00000084234,11,130140397,130140483
ENSG00000084234,11,130109549,130109602
ENSG00000084234,11,130143346,130143522
ENSG00000084234,11,130135517,130135715
ENSG00000084234,11,130121712,130121810
ENSG00000084234,11,130069872,130070082
ENSG00000084234,11,130126699,130126728
ENSG00000084234,11,130127774,130127840
ENSG00000084234,11,130100269,130100425
ENSG00000084234,11,130070567,130070747
ENSG00000084234,11,130141918,130142074
ENSG00000084234,11,130140376,130140483
ENSG00000084234,11,130143346,130143679
ENSG00000084234,11,130143331,130144804
ENSG00000084234,11,130135562,130135715
ENSG00000084234,11,130069836,130070082
ENSG00000084234,11,130109160,130109602
ENSG00000084234,11,130133628,130133728
ENSG00000084234,11,130069906,130070082
ENSG00000084234,11,130130037,130130166
ENSG00000084234,11,130069853,130070082
ENSG00000084234,11,130122304,130122513
ENSG00000084234,11,130082494,130082781
ENSG00000084234,11,130068146,130068158
ENSG00000084234,11,130110537,130110661
ENSG00000084234,11,130140494,130141572
ENSG00000084234,11,130110537,130110560
ENSG00000084234,11,130109426,130109549
ENSG00000084234,11,130069871,130070037
ENSG00000084234,11,130120705,130120817
ENSG00000084234,11,130069843,130070082
ENSG00000084234,11,130069898,130070082
ENSG00000084234,11,130143346,130144808
ENSG00000084234,11,130114250,130114335
ENSG00000084234,11,130121613,130121726
ENSG00000084234,11,130069915,130070082
ENSG00000084234,11,130110573,130110661
ENSG00000084234,11,130109428,130109581
ENSG00000084234,11,130126699,130126830
ENSG00000066777,8,67201466,67201805
ENSG00000066777,8,67299313,67299355
ENSG00000066777,8,67195381,67196215
ENSG00000066777,8,67228223,67228264
ENSG00000066777,8,67227136,67227309
ENSG00000066777,8,67195381,67196025
ENSG00000066777,8,67195381,67196034
ENSG00000066777,8,67195381,67196217
ENSG00000066777,8,67195381,67196162
ENSG00000066777,8,67227446,67227598
ENSG00000066777,8,67192097,67192217
ENSG00000066777,8,67204679,67204766
ENSG00000066777,8,67173510,67175572
ENSG00000066777,8,67197673,67199098
ENSG00000066777,8,67195381,67195844
ENSG00000066777,8,67238342,67238493
ENSG00000066777,8,67301223,67301380
ENSG00000066777,8,67175486,67175572
ENSG00000066777,8,67216607,67216662
ENSG00000066777,8,67197673,67200513
ENSG00000066777,8,67203082,67203251
ENSG00000066777,8,67258084,67258290
ENSG00000066777,8,67195381,67196530
ENSG00000066777,8,67343137,67343393
ENSG00000066777,8,67238734,67238754
ENSG00000066777,8,67195381,67196194
ENSG00000066777,8,67197648,67199098
ENSG00000066777,8,67195381,67196258
ENSG00000066777,8,67313042,67314198
ENSG00000066777,8,67195381,67196157
ENSG00000066777,8,67195381,67195611
ENSG00000066777,8,67197652,67199098
ENSG00000066777,8,67218002,67218138
ENSG00000066777,8,67343163,67343814
ENSG00000066777,8,67199928,67200513
ENSG00000066777,8,67343924,67344302
ENSG00000066777,8,67191193,67193602
ENSG00000066777,8,67195381,67196614
ENSG00000066777,8,67240161,67240290
ENSG00000066777,8,67195381,67196214
ENSG00000066777,8,67190649,67190759
ENSG00000066777,8,67195381,67195988
ENSG00000066777,8,67201466,67201889
ENSG00000066777,8,67195381,67196552
ENSG00000066777,8,67189839,67190014
ENSG00000066777,8,67232854,67232945
ENSG00000066777,8,67287954,67288065
ENSG00000066777,8,67296430,67296610
ENSG00000066777,8,67190649,67190944
ENSG00000066777,8,67299208,67299355
ENSG00000066777,8,67314610,67314637
ENSG00000066777,8,67195381,67196582
ENSG00000066777,8,67343163,67343937
ENSG00000066777,8,67343163,67343336
ENSG00000066777,8,67266005,67266207
ENSG00000066777,8,67195381,67196054
ENSG00000066777,8,67211482,67211529
ENSG00000066777,8,67195381,67196246
ENSG00000066777,8,67193463,67193602
ENSG00000066777,8,67216589,67216662
ENSG00000066777,8,67227962,67228132
ENSG00000066777,8,67195381,67196136
ENSG00000066777,8,67192626,67192803
ENSG00000066777,8,67266875,67266984
ENSG00000066777,8,67195381,67195782
ENSG00000066777,8,67174822,67175436
ENSG00000066777,8,67197672,67199098
ENSG00000066777,8,67200395,67200513
ENSG00000066777,8,67251298,67251450
ENSG00000066777,8,67195381,67196047
ENSG00000066777,8,67195381,67196593
ENSG00000066777,8,67179862,67179926
ENSG00000066777,8,67224902,67225033
ENSG00000066777,8,67219430,67219560
ENSG00000066777,8,67291846,67292123
ENSG00000066777,8,67259814,67259926
ENSG00000066777,8,67238734,67238893
ENSG00000066777,8,67195381,67195857
ENSG00000066777,8,67275975,67276109
ENSG00000066777,8,67195381,67196168
ENSG00000066777,8,67195381,67196778
ENSG00000066777,8,67257731,67257816
ENSG00000066777,8,67201466,67201605
ENSG00000066777,8,67194626,67194718
ENSG00000066777,8,67195381,67196259
ENSG00000066777,8,67267342,67267442
ENSG00000066777,8,67211482,67211615
ENSG00000066777,8,67343509,67343677
ENSG00000066777,8,67271701,67271708
ENSG00000066777,8,67302435,67302466
ENSG00000066777,8,67195381,67196597
ENSG00000066777,8,67343163,67343525
ENSG00000066777,8,67251316,67251450
ENSG00000066777,8,67175295,67175436
ENSG00000066777,8,67195381,67196252
ENSG00000066777,8,67343163,67343781
ENSG00000066777,8,67271701,67271936
ENSG00000066777,8,67197657,67199098
ENSG00000066777,8,67192688,67192803
ENSG00000066777,8,67217781,67217920
ENSG00000066777,8,67204679,67204819
ENSG00000066777,8,67277281,67277457
ENSG00000066777,8,67195381,67195989
ENSG00000066777,8,67226022,67226183
ENSG00000066777,8,67199010,67199098
ENSG00000066777,8,67195381,67196254
ENSG00000066777,8,67177679,67177726
ENSG00000066777,8,67195381,67196263
ENSG00000066777,8,67253450,67253622
ENSG00000066777,8,67343948,67344302
ENSG00000066777,8,67195381,67196220
ENSG00000066777,8,67267090,67267230
ENSG00000066777,8,67198404,67199098
ENSG00000066777,8,67195381,67195518
ENSG00000066777,8,67189385,67190759
ENSG00000066777,8,67204679,67204723
ENSG00000066777,8,67195381,67196256
ENSG00000066777,8,67343921,67344302
ENSG00000066777,8,67195381,67196030
ENSG00000066777,8,67207094,67207190
ENSG00000066777,8,67195381,67195593
ENSG00000066777,8,67343163,67343961
ENSG00000150347,10,61902789,61902874
ENSG00000150347,10,62090861,62096944
ENSG00000150347,10,62057116,62057268
ENSG00000150347,10,62000090,62000321
ENSG00000150347,10,62069699,62069797
ENSG00000150347,10,62024672,62025352
ENSG00000150347,10,62085701,62085900
ENSG00000150347,10,61902171,61902457
ENSG00000150347,10,61940182,61940408
ENSG00000150347,10,61901683,61901730
ENSG00000150347,10,61909688,61909814
ENSG00000150347,10,62057116,62057318
ENSG00000150347,10,61905860,61906059
ENSG00000150347,10,61901698,61901730
ENSG00000150347,10,62050887,62051000
ENSG00000150347,10,62059242,62059295
ENSG00000150347,10,62046661,62046961
ENSG00000150347,10,62090861,62093064
ENSG00000150347,10,61913010,61913147
ENSG00000150347,10,61902158,61902413
ENSG00000150347,10,62059266,62059295
ENSG00000150347,10,62049210,62049483
ENSG00000122644,7,12686537,12686691
ENSG00000122644,7,12686601,12686718
ENSG00000122644,7,12686855,12687043
ENSG00000122644,7,12687285,12687728
ENSG00000122644,7,12688165,12689172
ENSG00000122644,7,12688165,12689178
ENSG00000122644,7,12688165,12688406
ENSG00000122644,7,12688168,12688914
ENSG00000122644,7,12687124,12687728
ENSG00000122644,7,12687077,12687174
ENSG00000122644,7,12688168,12689176
ENSG00000122644,7,12687632,12687728
ENSG00000122644,7,12686907,12687043
ENSG00000122644,7,12687092,12687174
ENSG00000122644,7,12688165,12690934
ENSG00000122644,7,12687639,12687761
ENSG00000122644,7,12687634,12687728
ENSG00000122644,7,12688165,12690958
ENSG00000122644,7,12686860,12687034
ENSG00000122644,7,12688165,12689176
ENSG00000122644,7,12688165,12689179
ENSG00000188042,2,234495590,234495730
ENSG00000188042,2,234493040,234495836
ENSG00000188042,2,234494469,234494777
ENSG00000188042,2,234493040,234497053
ENSG00000188042,2,234496011,234497081
ENSG00000104763,8,18071308,18071390
ENSG00000104763,8,18059600,18061458
ENSG00000104763,8,18061389,18061458
ENSG00000104763,8,18061376,18061458
ENSG00000104763,8,18064456,18064471
ENSG00000104763,8,18083980,18084079
ENSG00000104763,8,18076176,18076305
ENSG00000104763,8,18083980,18084088
ENSG00000104763,8,18084385,18084939
ENSG00000104763,8,18084385,18085485
ENSG00000104763,8,18084286,18084851
ENSG00000104763,8,18056461,18057623
ENSG00000104763,8,18083980,18084115
ENSG00000104763,8,18084383,18084939
ENSG00000104763,8,18075922,18076037
ENSG00000104763,8,18084857,18084939
ENSG00000104763,8,18084461,18084998
ENSG00000104763,8,18056465,18057623
ENSG00000104763,8,18056476,18057623
ENSG00000104763,8,18064234,18064531
ENSG00000104763,8,18084849,18084939
ENSG00000104763,8,18067249,18067298
ENSG00000104763,8,18084671,18084817
ENSG00000104763,8,18059571,18059703
ENSG00000104763,8,18075857,18076682
ENSG00000104763,8,18064412,18067298
ENSG00000104763,8,18064456,18067298
ENSG00000104763,8,18056914,18057623
ENSG00000104763,8,18084993,18085197
ENSG00000104763,8,18084286,18084917
ENSG00000104763,8,18075584,18075587
ENSG00000104763,8,18084455,18084939
ENSG00000104763,8,18083980,18084108
ENSG00000104763,8,18061685,18061696
ENSG00000104763,8,18084404,18084939
ENSG00000104763,8,18075540,18075580
ENSG00000104763,8,18084842,18084939
ENSG00000104763,8,18084675,18084960
ENSG00000104763,8,18071326,18071390
ENSG00000104763,8,18062393,18062423
ENSG00000104763,8,18083980,18084074
ENSG00000104763,8,18057197,18057623
ENSG00000104763,8,18056451,18057623
ENSG00000104763,8,18056801,18057623
ENSG00000104763,8,18056902,18057623
ENSG00000104763,8,18056440,18057623
ENSG00000104763,8,18069791,18069878
ENSG00000104763,8,18084868,18084939
ENSG00000104763,8,18083940,18084120
ENSG00000104763,8,18056455,18057623
ENSG00000104763,8,18084696,18084939
ENSG00000104763,8,18064456,18064468
ENSG00000104763,8,18084385,18084744
ENSG00000104763,8,18064122,18064278
ENSG00000104763,8,18056723,18057623
ENSG00000104763,8,18069791,18069816
ENSG00000104763,8,18056472,18057623
ENSG00000104763,8,18073255,18073276
ENSG00000104763,8,18062247,18062423
ENSG00000104763,8,18083916,18084067
ENSG00000104763,8,18083980,18084286
ENSG00000104763,8,18084586,18084944
ENSG00000104763,8,18056430,18057623
ENSG00000104763,8,18076176,18076268
ENSG00000104763,8,18056474,18057623
ENSG00000104763,8,18062278,18062367
ENSG00000104763,8,18084858,18084939
ENSG00000104763,8,18061685,18062795
ENSG00000104763,8,18075540,18075587
ENSG00000104763,8,18083980,18084078
ENSG00000104763,8,18083980,18084142
ENSG00000104763,8,18063074,18067298
ENSG00000104763,8,18084675,18084802
ENSG00000104763,8,18056834,18057331
ENSG00000104763,8,18056487,18057623
ENSG00000104763,8,18083980,18084096
ENSG00000104763,8,18084675,18084985
ENSG00000104763,8,18056808,18057623
ENSG00000104763,8,18084383,18084566
ENSG00000104763,8,18084369,18084939
ENSG00000104763,8,18056502,18057623
ENSG00000104763,8,18063184,18063624
ENSG00000104763,8,18084851,18084939
ENSG00000104763,8,18066901,18067298
ENSG00000104763,8,18082526,18082603
ENSG00000104763,8,18065895,18067298
ENSG00000104763,8,18083940,18084026
ENSG00000104763,8,18083980,18084126
ENSG00000104763,8,18059340,18059464
ENSG00000104763,8,18083980,18084080
ENSG00000104763,8,18056570,18057623
ENSG00000104763,8,18084864,18084939
ENSG00000104763,8,18062247,18062720
ENSG00000104763,8,18056770,18057623
ENSG00000104763,8,18055991,18057623
ENSG00000104763,8,18056781,18057623
ENSG00000104763,8,18084286,18084971
ENSG00000104763,8,18061686,18061740
ENSG00000104763,8,18084383,18086841
ENSG00000104763,8,18062335,18062423
ENSG00000104763,8,18083980,18084064
ENSG00000104763,8,18083980,18084073
ENSG00000104763,8,18064456,18064474
ENSG00000104763,8,18056455,18059163
ENSG00000104763,8,18084403,18084939
ENSG00000104763,8,18084865,18084939
ENSG00000104763,8,18071330,18071390
ENSG00000104763,8,18083980,18084091
ENSG00000104763,8,18083898,18084074
ENSG00000104763,8,18084675,18084980
ENSG00000104763,8,18084675,18084971
ENSG00000104763,8,18067221,18067298
ENSG00000104763,8,18069460,18069878
ENSG00000104763,8,18066763,18067298
ENSG00000104763,8,18075540,18075682
ENSG00000104763,8,18084675,18084998
ENSG00000104763,8,18083916,18084073
ENSG00000104763,8,18084383,18084744
ENSG00000104763,8,18056879,18057623
ENSG00000104763,8,18084428,18084840
ENSG00000104763,8,18062352,18062423
ENSG00000104763,8,18062931,18068671
ENSG00000104763,8,18084843,18084939
ENSG00000104763,8,18064456,18064531
ENSG00000104763,8,18083980,18084313
ENSG00000104763,8,18084235,18085485
ENSG00000104763,8,18084418,18084566
ENSG00000104763,8,18062354,18062423
ENSG00000104763,8,18083121,18083408
ENSG00000104763,8,18083980,18084148
ENSG00000104763,8,18056707,18057623
ENSG00000104763,8,18062278,18062348
ENSG00000104763,8,18083940,18083950
ENSG00000104763,8,18084688,18084939
ENSG00000104763,8,18083980,18084114
ENSG00000104763,8,18083980,18084123
ENSG00000104763,8,18063184,18063230
ENSG00000104763,8,18083980,18084077
ENSG00000104763,8,18061376,18062423
ENSG00000104763,8,18083980,18084980
ENSG00000104763,8,18056834,18057623
ENSG00000104763,8,18064724,18064768
ENSG00000104763,8,18084833,18084939
ENSG00000104763,8,18084675,18084929
ENSG00000104763,8,18066766,18067298
ENSG00000104763,8,18084410,18085485
ENSG00000104763,8,18066889,18067298
ENSG00000104763,8,18083121,18083184
ENSG00000104763,8,18083980,18084107
ENSG00000104763,8,18071299,18071390
ENSG00000104763,8,18062278,18062423
ENSG00000104763,8,18062278,18063143
ENSG00000104763,8,18061376,18061449
ENSG00000104763,8,18061376,18063847
ENSG00000104763,8,18057430,18057623
ENSG00000104763,8,18056752,18057623
ENSG00000104763,8,18057047,18057623
ENSG00000104763,8,18061407,18061458
ENSG00000104763,8,18067219,18067298
ENSG00000104763,8,18056545,18057623
ENSG00000104763,8,18084863,18084939
ENSG00000104763,8,18084995,18085485
ENSG00000104763,8,18071299,18071411
ENSG00000104763,8,18061685,18061740
ENSG00000104763,8,18066576,18067298
ENSG00000104763,8,18083980,18084100
ENSG00000104763,8,18056492,18057623
ENSG00000104763,8,18062339,18062423
ENSG00000104763,8,18084867,18084939
ENSG00000104763,8,18084675,18084961
ENSG00000104763,8,18084988,18085485
ENSG00000104763,8,18056454,18057623
ENSG00000104763,8,18058834,18058891
ENSG00000104763,8,18084893,18084939
ENSG00000104763,8,18056458,18057623
ENSG00000104763,8,18056469,18057623
ENSG00000104763,8,18084829,18084939
ENSG00000104763,8,18083980,18084120
ENSG00000104763,8,18083916,18084084
ENSG00000104763,8,18066762,18067298
ENSG00000104763,8,18084586,18084961
ENSG00000104763,8,18084675,18084844
ENSG00000104763,8,18056537,18057623
ENSG00000104763,8,18076176,18076413
ENSG00000104763,8,18069791,18069872
ENSG00000104763,8,18084408,18084939
ENSG00000104763,8,18084859,18084939
ENSG00000104763,8,18084846,18084939
ENSG00000104763,8,18063184,18065124
ENSG00000065802,2,238446383,238446397
ENSG00000065802,2,238435710,238436013
ENSG00000065802,2,238444341,238444474
ENSG00000065802,2,238433548,238433695
ENSG00000065802,2,238435710,238435863
ENSG00000065802,2,238446383,238452248
ENSG00000065802,2,238426926,238427119
ENSG00000065802,2,238444341,238444727
ENSG00000065802,2,238439466,238439556
ENSG00000065802,2,238435710,238435881
ENSG00000065802,2,238427003,238427119
ENSG00000065802,2,238426829,238427119
ENSG00000065802,2,238426741,238426826
ENSG00000065802,2,238446383,238446655
ENSG00000065802,2,238450144,238450259
ENSG00000065802,2,238439466,238439546
ENSG00000065802,2,238426398,238426883
ENSG00000065802,2,238446383,238452250
ENSG00000065802,2,238433312,238433447
ENSG00000065802,2,238451784,238452250
ENSG00000065802,2,238444341,238444375
ENSG00000065802,2,238451784,238452213
ENSG00000065802,2,238433553,238433695
ENSG00000065802,2,238446383,238446651
ENSG00000065802,2,238427076,238427492
ENSG00000065802,2,238435168,238435261
ENSG00000065802,2,238446383,238446617
ENSG00000065802,2,238427028,238427119
ENSG00000065802,2,238433313,238433695
ENSG00000065802,2,238427693,238427729
ENSG00000129691,8,38124076,38124651
ENSG00000129691,8,38105549,38105738
ENSG00000129691,8,38106030,38106139
ENSG00000129691,8,38105529,38105738
ENSG00000129691,8,38105520,38105738
ENSG00000129691,8,38138963,38139075
ENSG00000129691,8,38135663,38135766
ENSG00000129691,8,38105792,38106139
ENSG00000129691,8,38105511,38105738
ENSG00000129691,8,38135667,38135766
ENSG00000129691,8,38110736,38110833
ENSG00000129691,8,38143651,38146147
ENSG00000129691,8,38117451,38117469
ENSG00000129691,8,38137494,38138875
ENSG00000129691,8,38105540,38105738
ENSG00000129691,8,38128339,38128458
ENSG00000129691,8,38114191,38114287
ENSG00000129691,8,38138963,38139523
ENSG00000129691,8,38138963,38139703
ENSG00000129691,8,38121020,38121149
ENSG00000129691,8,38116649,38116725
ENSG00000129691,8,38119269,38119363
ENSG00000129691,8,38110738,38110833
ENSG00000129691,8,38114757,38115000
ENSG00000129691,8,38106377,38106444
ENSG00000129691,8,38105537,38105738
ENSG00000129691,8,38123273,38123319
ENSG00000129691,8,38122373,38122480
ENSG00000129691,8,38143738,38144076
ENSG00000129691,8,38128290,38128458
ENSG00000129691,8,38138963,38139690
ENSG00000129691,8,38110738,38110811
ENSG00000129691,8,38105528,38105738
ENSG00000129691,8,38119269,38119295
ENSG00000129691,8,38138963,38139702
ENSG00000129691,8,38142555,38143650
ENSG00000129691,8,38114904,38115000
ENSG00000129691,8,38105499,38105738
ENSG00000129691,8,38138963,38139705
ENSG00000129691,8,38107020,38107166
ENSG00000129691,8,38128263,38128458
ENSG00000129691,8,38138963,38139708
ENSG00000129691,8,38138815,38138885
ENSG00000129691,8,38138963,38139699
ENSG00000129691,8,38128757,38128951
ENSG00000129691,8,38143648,38144386
ENSG00000129691,8,38142699,38144386
ENSG00000129691,8,38143738,38144124
ENSG00000129691,8,38138963,38140080
ENSG00000129691,8,38143738,38144075
ENSG00000129691,8,38117451,38117812
ENSG00000129691,8,38128290,38128378
ENSG00000129691,8,38119281,38119363
ENSG00000129691,8,38119094,38119363
ENSG00000129691,8,38120931,38121149
ENSG00000129691,8,38105938,38106139
ENSG00000129691,8,38105534,38105738
ENSG00000129691,8,38105492,38105738
ENSG00000129691,8,38120953,38121149
ENSG00000129691,8,38119248,38119363
ENSG00000129691,8,38110378,38110467
ENSG00000129691,8,38138963,38139695
ENSG00000129691,8,38133453,38133546
ENSG00000129691,8,38141746,38144386
ENSG00000129691,8,38138815,38138875
ENSG00000129691,8,38138963,38139701
ENSG00000129691,8,38138963,38139710
ENSG00000171681,12,14365626,14365827
ENSG00000171681,12,14365681,14365827
ENSG00000171681,12,14365692,14365827
ENSG00000171681,12,14423908,14424371
ENSG00000171681,12,14497653,14498246
ENSG00000171681,12,14420301,14420446
ENSG00000171681,12,14478316,14478472
ENSG00000171681,12,14481607,14481906
ENSG00000171681,12,14385315,14385400
ENSG00000171681,12,14394862,14395252
ENSG00000171681,12,14419192,14419218
ENSG00000171681,12,14365675,14365827
ENSG00000171681,12,14423908,14424183
ENSG00000171681,12,14423908,14424421
ENSG00000171681,12,14419210,14419361
ENSG00000171681,12,14460494,14460567
ENSG00000171681,12,14365728,14365827
ENSG00000171681,12,14475889,14476154
ENSG00000171681,12,14478335,14478472
ENSG00000171681,12,14423760,14425473
ENSG00000171681,12,14423908,14424423
ENSG00000171681,12,14419187,14419361
ENSG00000171681,12,14367372,14367449
ENSG00000171681,12,14456560,14456634
ENSG00000171681,12,14423908,14424224
ENSG00000171681,12,14385111,14385400
ENSG00000171681,12,14497653,14498517
ENSG00000171681,12,14446987,14447053
ENSG00000171681,12,14496230,14496343
ENSG00000171681,12,14497653,14498291
ENSG00000171681,12,14466525,14466590
ENSG00000171681,12,14408489,14408544
ENSG00000171681,12,14423908,14424443
ENSG00000171681,12,14497653,14502931
ENSG00000171681,12,14367362,14367449
ENSG00000171681,12,14416912,14416948
ENSG00000171681,12,14369145,14369324
ENSG00000171681,12,14423908,14424445
ENSG00000171681,12,14497653,14498247
ENSG00000171681,12,14446987,14447030
ENSG00000171681,12,14436194,14436251
ENSG00000171681,12,14497635,14498552
ENSG00000171681,12,14460494,14461021
ENSG00000171681,12,14366085,14366594
ENSG00000171681,12,14497653,14498249
ENSG00000171681,12,14436105,14436251
ENSG00000171681,12,14460494,14461133
ENSG00000171681,12,14466109,14466590
ENSG00000171681,12,14365676,14365827
ENSG00000171681,12,14438129,14438247
ENSG00000171681,12,14481002,14482653
ENSG00000171681,12,14497635,14498248
ENSG00000171681,12,14418053,14418174
ENSG00000171681,12,14497653,14498763
ENSG00000171681,12,14475889,14476432
ENSG00000171681,12,14419970,14420446
ENSG00000171681,12,14385310,14385400
ENSG00000171681,12,14475889,14475968
ENSG00000171681,12,14497653,14502930
ENSG00000171681,12,14423908,14425473
ENSG00000171681,12,14423908,14424170
ENSG00000171681,12,14385312,14385400
ENSG00000171681,12,14419163,14419190
ENSG00000171681,12,14365683,14365827
ENSG00000171681,12,14457206,14457295
ENSG00000171681,12,14367323,14367352
ENSG00000171681,12,14434336,14434423
ENSG00000171681,12,14365687,14365827
ENSG00000171681,12,14385063,14385400
ENSG00000171681,12,14423908,14424291
ENSG00000171681,12,14423908,14424312
ENSG00000171681,12,14423908,14424092
ENSG00000171681,12,14423908,14424012
ENSG00000171681,12,14481002,14481185
ENSG00000171681,12,14423908,14425461
ENSG00000171681,12,14438129,14438267
ENSG00000171681,12,14419135,14419190
ENSG00000171681,12,14434339,14434423
ENSG00000110046,11,64895289,64895442
ENSG00000110046,11,64913265,64913401
ENSG00000110046,11,64898362,64898437
ENSG00000110046,11,64898260,64898362
ENSG00000110046,11,64916964,64917243
ENSG00000110046,11,64902509,64902680
ENSG00000110046,11,64902259,64902386
ENSG00000110046,11,64912084,64912249
ENSG00000110046,11,64911841,64911982
ENSG00000110046,11,64911037,64911275
ENSG00000110046,11,64916964,64917209
ENSG00000110046,11,64914080,64914233
ENSG00000110046,11,64901961,64902128
ENSG00000110046,11,64897670,64897743
ENSG00000110046,11,64903589,64903660
ENSG00000110046,11,64897670,64897730
ENSG00000110046,11,64905741,64905848
ENSG00000110046,11,64907254,64907415
ENSG00000110046,11,64912326,64912423
ENSG00000110046,11,64897411,64897494
ENSG00000110046,11,64897039,64897494
ENSG00000110046,11,64894530,64895209
ENSG00000110046,11,64898085,64898149
ENSG00000110046,11,64910806,64910954
ENSG00000110046,11,64913037,64913136
ENSG00000110046,11,64907254,64907439
ENSG00000110046,11,64900493,64900629
ENSG00000110046,11,64909270,64909367
ENSG00000110046,11,64898635,64898842
ENSG00000110046,11,64894545,64895209
ENSG00000110046,11,64916964,64917245
ENSG00000110046,11,64901961,64902176
ENSG00000110046,11,64898085,64898170
ENSG00000110046,11,64903287,64903364
ENSG00000110046,11,64902515,64902680
ENSG00000110046,11,64910039,64910195
ENSG00000110046,11,64900883,64901092
ENSG00000110046,11,64909680,64909924
ENSG00000110046,11,64907747,64907890
ENSG00000110046,11,64912610,64913136
ENSG00000110046,11,64906112,64906193
ENSG00000110046,11,64897838,64897974
ENSG00000110046,11,64897041,64897173
ENSG00000110046,11,64914337,64914500
ENSG00000110046,11,64908990,64909150
ENSG00000110046,11,64902386,64902455
ENSG00000110046,11,64910615,64910708
ENSG00000110046,11,64913820,64913923
ENSG00000110046,11,64905562,64905655
ENSG00000110046,11,64896461,64896616
ENSG00000110046,11,64913265,64914500
ENSG00000110046,11,64916964,64917207
ENSG00000110046,11,64906333,64906533
ENSG00000110046,11,64896747,64896869
ENSG00000110046,11,64916936,64917206
ENSG00000110046,11,64894533,64895209
ENSG00000110046,11,64894544,64895209
ENSG00000110046,11,64907524,64907664
ENSG00000110046,11,64906664,64906815
ENSG00000110046,11,64913265,64913395
ENSG00000058063,3,182845457,182845522
ENSG00000058063,3,182913860,182915249
ENSG00000058063,3,182848475,182848557
ENSG00000058063,3,182897301,182897406
ENSG00000058063,3,182830197,182830315
ENSG00000058063,3,182837070,182837174
ENSG00000058063,3,182843520,182844619
ENSG00000058063,3,182820259,182820376
ENSG00000058063,3,182869077,182869151
ENSG00000058063,3,182918022,182918339
ENSG00000058063,3,182837116,182837174
ENSG00000058063,3,182879538,182879649
ENSG00000058063,3,182793563,182793786
ENSG00000058063,3,182859161,182859359
ENSG00000058063,3,182897302,182897325
ENSG00000058063,3,182898606,182898772
ENSG00000058063,3,182905793,182905919
ENSG00000058063,3,182873965,182874015
ENSG00000058063,3,182913860,182913994
ENSG00000058063,3,182918022,182921627
ENSG00000058063,3,182836341,182836624
ENSG00000058063,3,182793503,182793786
ENSG00000058063,3,182865526,182865698
ENSG00000058063,3,182918022,182919055
ENSG00000058063,3,182828119,182828209
ENSG00000058063,3,182828706,182828939
ENSG00000058063,3,182833672,182833874
ENSG00000058063,3,182866267,182866443
ENSG00000058063,3,182889409,182889548
ENSG00000058063,3,182842074,182842122
ENSG00000058063,3,182829671,182829752
ENSG00000058063,3,182895750,182895921
ENSG00000058063,3,182884752,182884898
ENSG00000058063,3,182906468,182906612
ENSG00000058063,3,182865455,182865698
ENSG00000058063,3,182887585,182887713
ENSG00000058063,3,182913860,182914103
ENSG00000058063,3,182896699,182896765
ENSG00000058063,3,182880878,182880981
ENSG00000058063,3,182918022,182923011
ENSG00000058063,3,182918022,182921629
ENSG00000058063,3,182793478,182793786
ENSG00000058063,3,182902480,182902566
ENSG00000058063,3,182918022,182919054
ENSG00000058063,3,182870453,182870552
ENSG00000058063,3,182897302,182897406
ENSG00000058063,3,182879495,182879649
ENSG00000058063,3,182918022,182919063
ENSG00000058063,3,182921239,182921938
ENSG00000058063,3,182857877,182858028
ENSG00000058063,3,182872355,182872537
ENSG00000058063,3,182889536,182889548
ENSG00000058063,3,182918022,182918282
ENSG00000058063,3,182880878,182880947
ENSG00000058063,3,182908458,182908505
ENSG00000058063,3,182885950,182886010
ENSG00000058063,3,182793753,182793786
ENSG00000058063,3,182836341,182836470
ENSG00000058063,3,182793502,182793786
ENSG00000058063,3,182836034,182836142
ENSG00000058063,3,182793471,182793786
ENSG00000058063,3,182913860,182914096
ENSG00000058063,3,182918022,182918434
ENSG00000058063,3,182869227,182869331
ENSG00000058063,3,182873811,182874015
ENSG00000058063,3,182867375,182867444
ENSG00000069849,3,141916375,141916440
ENSG00000069849,3,141925530,141925728
ENSG00000069849,3,141876600,141876910
ENSG00000069849,3,141876615,141876910
ENSG00000069849,3,141876604,141876910
ENSG00000069849,3,141915969,141916020
ENSG00000069849,3,141925530,141926182
ENSG00000069849,3,141925530,141926481
ENSG00000069849,3,141921947,141922063
ENSG00000069849,3,141921533,141921648
ENSG00000069849,3,141913651,141913836
ENSG00000069849,3,141876597,141876910
ENSG00000069849,3,141925530,141926514
ENSG00000069849,3,141921976,141922141
ENSG00000069849,3,141915969,141916010
ENSG00000069849,3,141902923,141903030
ENSG00000069849,3,141918251,141918341
ENSG00000069849,3,141876854,141876910
ENSG00000069849,3,141876601,141876910
ENSG00000069849,3,141925530,141926198
ENSG00000069849,3,141925530,141926193
ENSG00000069849,3,141876612,141876910
ENSG00000069849,3,141906274,141906457
ENSG00000069849,3,141877528,141877562
ENSG00000069849,3,141921976,141922180
ENSG00000069849,3,141918735,141919021
ENSG00000069849,3,141876640,141876910
ENSG00000069849,3,141907166,141907274
ENSG00000069849,3,141902135,141902227
ENSG00000069849,3,141925530,141925985
ENSG00000069849,3,141925530,141926519
ENSG00000069849,3,141916554,141916574
ENSG00000069849,3,141876123,141876394
ENSG00000069849,3,141903727,141903748
ENSG00000069849,3,141876642,141876910
ENSG00000069849,3,141876805,141876910
ENSG00000069849,3,141925530,141925643
ENSG00000069849,3,141925530,141926549
ENSG00000069849,3,141925530,141926305
ENSG00000069849,3,141913651,141913706
ENSG00000069849,3,141903643,141903748
ENSG00000069849,3,141903619,141903748
ENSG00000069849,3,141921976,141922063
ENSG00000168062,11,64987944,64989812
ENSG00000168062,11,64990192,64990273
ENSG00000168062,11,64988783,64989812
ENSG00000168062,11,64987945,64990514
ENSG00000168062,11,64996875,64996971
ENSG00000168062,11,64989485,64989809
ENSG00000168062,11,64996875,64997018
ENSG00000168062,11,64990073,64990274
ENSG00000168062,11,64994447,64994549
ENSG00000105327,19,47226563,47227189
ENSG00000105327,19,47228157,47230529
ENSG00000105327,19,47230216,47230366
ENSG00000105327,19,47226943,47227019
ENSG00000105327,19,47232514,47232766
ENSG00000105327,19,47228797,47230019
ENSG00000105327,19,47230928,47231199
ENSG00000105327,19,47226941,47227021
ENSG00000105327,19,47230765,47231199
ENSG00000105327,19,47226563,47226754
ENSG00000105327,19,47220821,47222568
ENSG00000105327,19,47220821,47221918
ENSG00000105327,19,47221644,47221918
ENSG00000105327,19,47232446,47232523
ENSG00000105327,19,47228157,47228446
ENSG00000105327,19,47220823,47221918
ENSG00000105327,19,47230318,47230411
ENSG00000105327,19,47232500,47232521
ENSG00000105327,19,47232781,47233019
ENSG00000181004,4,122732638,122732708
ENSG00000181004,4,122741882,122742465
ENSG00000181004,4,122741882,122744939
ENSG00000181004,4,122732701,122732884
ENSG00000181004,4,122732796,122732884
ENSG00000181004,4,122733903,122734091
ENSG00000181004,4,122741882,122744942
ENSG00000181004,4,122732703,122732884
ENSG00000102409,X,103215291,103215515
ENSG00000102409,X,103215121,103215238
ENSG00000102409,X,103215688,103215764
ENSG00000102409,X,103215123,103215238
ENSG00000102409,X,103215077,103215238
ENSG00000102409,X,103215657,103215764
ENSG00000102409,X,103215681,103217195
ENSG00000102409,X,103215134,103215238
ENSG00000102409,X,103215681,103215764
ENSG00000102409,X,103215249,103215512
ENSG00000102409,X,103216148,103217246
ENSG00000102409,X,103215681,103215947
ENSG00000102409,X,103216151,103217242
ENSG00000102409,X,103215681,103215776
ENSG00000102409,X,103216148,103217200
ENSG00000102409,X,103215295,103215515
ENSG00000102409,X,103215114,103215238
ENSG00000102409,X,103216148,103217099
ENSG00000102409,X,103215109,103215238
ENSG00000102409,X,103216151,103217180
ENSG00000102409,X,103215107,103215238
ENSG00000102409,X,103215654,103215764
ENSG00000102409,X,103215067,103215238
ENSG00000102409,X,103215089,103215238
ENSG00000102409,X,103216151,103217195
ENSG00000102409,X,103215252,103215500
ENSG00000102409,X,103215294,103215393
ENSG00000102409,X,103215285,103215515
ENSG00000102409,X,103215139,103215238
ENSG00000102409,X,103216148,103217195
ENSG00000102409,X,103215136,103215764
ENSG00000102409,X,103215681,103215768
ENSG00000102409,X,103216148,103217201
ENSG00000134107,3,4982835,4985181
ENSG00000134107,3,4979794,4979966
ENSG00000134107,3,4982835,4983268
ENSG00000134107,3,4979794,4980414
ENSG00000134107,3,4979794,4980008
ENSG00000134107,3,4979794,4979834
ENSG00000134107,3,4980300,4980408
ENSG00000134107,3,4979961,4980408
ENSG00000134107,3,4979794,4979968
ENSG00000134107,3,4979794,4979858
ENSG00000134107,3,4981391,4981610
ENSG00000134107,3,4982835,4985323
ENSG00000134107,3,4978755,4979172
ENSG00000134107,3,4978714,4978749
ENSG00000134107,3,4982621,4982840
ENSG00000134107,3,4981391,4981515
ENSG00000134107,3,4980231,4980408
ENSG00000134107,3,4979794,4979961
ENSG00000134107,3,4979436,4979798
ENSG00000134107,3,4984195,4984312
ENSG00000134107,3,4979460,4979798
ENSG00000134107,3,4979794,4980009
ENSG00000134107,3,4979961,4980031
ENSG00000106605,7,43758686,43758734
ENSG00000106605,7,43771134,43771170
ENSG00000106605,7,43800408,43800572
ENSG00000106605,7,43803675,43803835
ENSG00000106605,7,43791882,43791919
ENSG00000106605,7,43792714,43792767
ENSG00000106605,7,43803675,43803847
ENSG00000106605,7,43764190,43764305
ENSG00000106605,7,43806976,43808097
ENSG00000106605,7,43758679,43758734
ENSG00000106605,7,43791251,43791368
ENSG00000106605,7,43787903,43788025
ENSG00000106605,7,43792714,43792812
ENSG00000106605,7,43806976,43807340
ENSG00000106605,7,43758683,43758734
ENSG00000106605,7,43787876,43788025
ENSG00000106605,7,43800464,43800572
ENSG00000106605,7,43758121,43758216
ENSG00000106605,7,43767289,43767599
ENSG00000106605,7,43792718,43792812
ENSG00000106605,7,43760012,43760110
ENSG00000106605,7,43806976,43807333
ENSG00000106605,7,43806976,43807339
ENSG00000106605,7,43806976,43807336
ENSG00000106605,7,43806976,43807342
ENSG00000106605,7,43791248,43791847
ENSG00000106605,7,43800464,43800602
ENSG00000106605,7,43771137,43771170
ENSG00000106605,7,43758711,43758734
ENSG00000106605,7,43758678,43758734
ENSG00000106605,7,43791248,43791368
ENSG00000106605,7,43800470,43800572
ENSG00000106605,7,43758680,43758734
ENSG00000106605,7,43758660,43758734
ENSG00000106605,7,43760016,43760110
ENSG00000106605,7,43758008,43758216
ENSG00000106605,7,43762632,43762774
ENSG00000138756,4,78776361,78776721
ENSG00000138756,4,78776341,78776721
ENSG00000138756,4,78850923,78851056
ENSG00000138756,4,78887173,78887284
ENSG00000138756,4,78898854,78899154
ENSG00000138756,4,78914808,78915370
ENSG00000138756,4,78910837,78912063
ENSG00000138756,4,78887126,78887309
ENSG00000138756,4,78820751,78820821
ENSG00000138756,4,78870782,78871060
ENSG00000138756,4,78915197,78915370
ENSG00000138756,4,78861388,78861469
ENSG00000138756,4,78859583,78859687
ENSG00000138756,4,78844927,78845049
ENSG00000138756,4,78871849,78871948
ENSG00000138756,4,78842384,78842527
ENSG00000138756,4,78776349,78776721
ENSG00000138756,4,78860035,78860079
ENSG00000138756,4,78878733,78879969
ENSG00000138756,4,78865556,78865773
ENSG00000138756,4,78872327,78872798
ENSG00000138756,4,78878733,78879432
ENSG00000138756,4,78878733,78879435
ENSG00000138756,4,78861388,78861468
ENSG00000138756,4,78826036,78826155
ENSG00000138756,4,78833581,78833687
ENSG00000138756,4,78910609,78912860
ENSG00000138756,4,78850891,78851056
ENSG00000138756,4,78872613,78872798
ENSG00000138756,4,78776377,78776721
ENSG00000138756,4,78910609,78916365
ENSG00000138756,4,78859166,78859687
ENSG00000138756,4,78911877,78920681
ENSG00000138756,4,78878733,78878891
ENSG00000138756,4,78906107,78906161
ENSG00000138756,4,78847187,78847269
ENSG00000138756,4,78865556,78865720
ENSG00000138756,4,78915209,78915370
ENSG00000138756,4,78888060,78888148
ENSG00000172331,7,134649860,134649889
ENSG00000172331,7,134661423,134662108
ENSG00000172331,7,134658352,134658668
ENSG00000172331,7,134678852,134679797
ENSG00000172331,7,134646883,134646937
ENSG00000172331,7,134678852,134679806
ENSG00000172331,7,134646852,134646937
ENSG00000172331,7,134646830,134646937
ENSG00000172331,7,134646810,134646937
ENSG00000172331,7,134658347,134658668
ENSG00000172331,7,134658320,134658668
ENSG00000172331,7,134647110,134647259
ENSG00000172331,7,134646891,134646937
ENSG00000172331,7,134660418,134660513
ENSG00000172331,7,134678852,134679808
ENSG00000172331,7,134678852,134679805
ENSG00000172331,7,134678852,134679814
ENSG00000172331,7,134660420,134660760
ENSG00000172331,7,134647134,134647259
ENSG00000172331,7,134661446,134662108
ENSG00000172331,7,134646835,134646937
ENSG00000172331,7,134647351,134647482
ENSG00000172331,7,134678852,134679807
ENSG00000172331,7,134678852,134679813
ENSG00000172331,7,134678852,134679816
ENSG00000172331,7,134661446,134661741
ENSG00000172331,7,134646824,134646937
ENSG00000172270,19,582513,582578
ENSG00000172270,19,582749,583462
ENSG00000172270,19,580646,580782
ENSG00000172270,19,572634,572701
ENSG00000172270,19,582513,582587
ENSG00000172270,19,571439,571596
ENSG00000172270,19,572570,572701
ENSG00000172270,19,579508,579656
ENSG00000172270,19,582749,583489
ENSG00000172270,19,572528,572701
ENSG00000172270,19,579499,579656
ENSG00000172270,19,582749,583492
ENSG00000172270,19,582305,582585
ENSG00000172270,19,579523,579656
ENSG00000172270,19,571696,571728
ENSG00000172270,19,579499,580461
ENSG00000172270,19,581314,581591
ENSG00000172270,19,572609,572701
ENSG00000172270,19,581314,581542
ENSG00000172270,19,572618,572701
ENSG00000172270,19,579499,579579
ENSG00000172270,19,571439,571763
ENSG00000172270,19,572567,572701
ENSG00000172270,19,572108,572404
ENSG00000172270,19,572108,572343
ENSG00000172270,19,571696,571776
ENSG00000172270,19,580645,580782
ENSG00000172270,19,582749,583494
ENSG00000172270,19,582522,582582
ENSG00000172270,19,581362,581591
ENSG00000172270,19,582513,582613
ENSG00000172270,19,582749,583442
ENSG00000172270,19,572556,572701
ENSG00000172270,19,577773,578121
ENSG00000172270,19,572622,572701
ENSG00000172270,19,578849,579656
ENSG00000172270,19,571696,571919
ENSG00000172270,19,572571,572701
ENSG00000172270,19,572593,572701
ENSG00000172270,19,572595,572701
ENSG00000172270,19,582749,583463
ENSG00000172270,19,575212,575386
ENSG00000172270,19,572108,572330
ENSG00000172270,19,582513,582582
ENSG00000172270,19,572538,572701
ENSG00000172270,19,571696,571757
ENSG00000172270,19,580671,580782
ENSG00000172270,19,571276,571579
ENSG00000172270,19,571309,571579
ENSG00000172270,19,580378,580782
ENSG00000172270,19,581314,581376
ENSG00000172270,19,577773,578212
ENSG00000172270,19,575046,575140
ENSG00000172270,19,575048,575140
ENSG00000172270,19,582305,582330
ENSG00000172270,19,580655,580782
ENSG00000172270,19,582749,583487
ENSG00000172270,19,582749,583493
ENSG00000172270,19,582759,583492
ENSG00000172270,19,582759,583498
ENSG00000172270,19,572555,572701
ENSG00000172270,19,571439,571752
ENSG00000172270,19,582517,582582
ENSG00000172270,19,582519,582582
ENSG00000172270,19,580378,580461
ENSG00000172270,19,579499,579629
ENSG00000130303,19,17403240,17403326
ENSG00000130303,19,17403679,17403821
ENSG00000130303,19,17402938,17403326
ENSG00000130303,19,17405290,17405597
ENSG00000130303,19,17403679,17403824
ENSG00000130303,19,17402940,17403326
ENSG00000130303,19,17404370,17404404
ENSG00000130303,19,17405290,17405630
ENSG00000130303,19,17405290,17405575
ENSG00000130303,19,17405290,17405633
ENSG00000130303,19,17404370,17404437
ENSG00000130303,19,17402939,17403824
ENSG00000130303,19,17404128,17404189
ENSG00000130303,19,17402939,17403357
ENSG00000130303,19,17405290,17405602
ENSG00000130303,19,17404128,17404186
ENSG00000130303,19,17404370,17404537
ENSG00000130303,19,17402939,17403326
ENSG00000130303,19,17402932,17403326
ENSG00000130303,19,17405290,17405665
ENSG00000130303,19,17403675,17403824
ENSG00000133639,12,92145689,92145963
ENSG00000133639,12,92144899,92145124
ENSG00000133639,12,92142606,92142914
ENSG00000133639,12,92145572,92146762
ENSG00000133639,12,92141038,92141170
ENSG00000133639,12,92145059,92145233
ENSG00000133639,12,92145283,92145506
ENSG00000133639,12,92145372,92145506
ENSG00000133639,12,92142606,92142668
ENSG00000133639,12,92145387,92145846
ENSG00000133639,12,92140277,92144447
ENSG00000133639,12,92142606,92142671
ENSG00000133639,12,92144643,92144695
ENSG00000133639,12,92142606,92142831
ENSG00000133639,12,92143124,92144447
ENSG00000133639,12,92144117,92144447
ENSG00000133639,12,92145609,92145963
ENSG00000133639,12,92141650,92141713
ENSG00000159388,1,203307103,203309602
ENSG00000159388,1,203309137,203309569
ENSG00000159388,1,203305490,203305748
ENSG00000159388,1,203305518,203305748
ENSG00000159388,1,203307294,203307432
ENSG00000159388,1,203307103,203307688
ENSG00000174456,12,110048363,110048870
ENSG00000174456,12,110036260,110036328
ENSG00000174456,12,110036214,110036328
ENSG00000174456,12,110028946,110029635
ENSG00000174456,12,110060261,110060357
ENSG00000174456,12,110065859,110066033
ENSG00000174456,12,110041200,110042459
ENSG00000174456,12,110030644,110030756
ENSG00000174456,12,110041981,110042459
ENSG00000174456,12,110029477,110029604
ENSG00000174456,12,110049056,110049285
ENSG00000174456,12,110041226,110042459
ENSG00000174456,12,110073421,110073636
ENSG00000174456,12,110037358,110039428
ENSG00000174456,12,110058987,110059163
ENSG00000174456,12,110032244,110032803
ENSG00000174456,12,110033796,110033931
ENSG00000174456,12,110044116,110044533
ENSG00000174456,12,110028511,110028642
ENSG00000174456,12,110037358,110039437
ENSG00000174456,12,110050990,110051162
ENSG00000174456,12,110028557,110028642
ENSG00000174456,12,110042280,110042459
ENSG00000174456,12,110048710,110049505
ENSG00000174456,12,110048654,110048762
ENSG00000174456,12,110037358,110037652
ENSG00000174456,12,110037358,110038006
ENSG00000174456,12,110030644,110030700
ENSG00000174456,12,110056915,110057275
ENSG00000174456,12,110030644,110030758
ENSG00000174456,12,110037358,110039763
ENSG00000174456,12,110033865,110033957
ENSG00000174456,12,110056999,110057296
ENSG00000174456,12,110037358,110039412
ENSG00000174456,12,110048362,110048565
ENSG00000174456,12,110057100,110057296
ENSG00000174456,12,110057188,110057296
ENSG00000174456,12,110048362,110048522
ENSG00000174456,12,110049199,110049357
ENSG00000174456,12,110049199,110049415
ENSG00000174456,12,110042110,110042459
ENSG00000174456,12,110029550,110029635
ENSG00000174456,12,110067489,110067695
ENSG00000174456,12,110041159,110042459
ENSG00000174456,12,110036260,110036319
ENSG00000174456,12,110044419,110044533
ENSG00000174456,12,110073421,110073543
ENSG00000174456,12,110037525,110037673
ENSG00000174456,12,110041238,110042459
ENSG00000174456,12,110027707,110027766
ENSG00000174456,12,110036260,110036329
ENSG00000174456,12,110048362,110048552
ENSG00000174456,12,110033796,110033957
ENSG00000174456,12,110073421,110073610
ENSG00000174456,12,110027027,110028589
ENSG00000174456,12,110048362,110048555
ENSG00000174456,12,110049696,110050071
ENSG00000174456,12,110027898,110028642
ENSG00000174456,12,110049359,110051298
ENSG00000174456,12,110048710,110048762
ENSG00000174456,12,110073421,110073686
ENSG00000174456,12,110028508,110028642
ENSG00000174456,12,110073421,110073634
ENSG00000174456,12,110041176,110042459
ENSG00000174456,12,110037358,110039432
ENSG00000174456,12,110029477,110029635
ENSG00000174456,12,110073421,110073530
ENSG00000174456,12,110042311,110042612
ENSG00000174456,12,110027704,110027766
ENSG00000106392,7,7238254,7238922
ENSG00000106392,7,7182643,7182820
ENSG00000106392,7,7183557,7183594
ENSG00000106392,7,7183189,7185477
ENSG00000106392,7,7213057,7215239
ENSG00000106392,7,7243523,7248614
ENSG00000106392,7,7215119,7215239
ENSG00000106392,7,7182605,7182820
ENSG00000106392,7,7209329,7209566
ENSG00000106392,7,7243523,7248616
ENSG00000106392,7,7182684,7182820
ENSG00000106392,7,7182658,7183594
ENSG00000106392,7,7215257,7215422
ENSG00000106392,7,7182622,7182820
ENSG00000106392,7,7183279,7183395
ENSG00000106392,7,7182525,7182820
ENSG00000106392,7,7243523,7244106
ENSG00000106392,7,7182537,7183395
ENSG00000106392,7,7183560,7183594
ENSG00000106392,7,7234302,7235297
ENSG00000106392,7,7182664,7183594
ENSG00000106392,7,7238254,7238428
ENSG00000106392,7,7182608,7182820
ENSG00000106392,7,7182652,7182820
ENSG00000106392,7,7182557,7182820
ENSG00000106392,7,7243523,7244108
ENSG00000106392,7,7184103,7185473
ENSG00000106392,7,7243523,7244346
ENSG00000106392,7,7182669,7182820
ENSG00000106392,7,7182629,7182820
ENSG00000106392,7,7210857,7211167
ENSG00000106392,7,7243523,7244348
ENSG00000106392,7,7182890,7183395
ENSG00000106392,7,7185383,7185473
ENSG00000106392,7,7183439,7183594
ENSG00000106392,7,7182882,7183594
ENSG00000106392,7,7184796,7184858
ENSG00000106392,7,7243523,7244350
ENSG00000106392,7,7182884,7183594
ENSG00000106392,7,7182487,7182820
ENSG00000106392,7,7182672,7182820
ENSG00000106392,7,7183425,7183594
ENSG00000106392,7,7182884,7183395
ENSG00000106392,7,7243523,7244343
ENSG00000106392,7,7185383,7185477
ENSG00000106392,7,7182806,7182859
ENSG00000106392,7,7209426,7209566
ENSG00000106392,7,7182649,7182820
ENSG00000106392,7,7182901,7183395
ENSG00000106392,7,7185637,7185759
ENSG00000106392,7,7182532,7182820
ENSG00000106392,7,7243523,7248601
ENSG00000106392,7,7234319,7234539
ENSG00000106392,7,7182530,7182820
ENSG00000106392,7,7243523,7245266
ENSG00000106392,7,7182942,7183594
ENSG00000106392,7,7182669,7183594
ENSG00000106392,7,7182655,7182820
ENSG00000106392,7,7182880,7183594
ENSG00000106392,7,7234257,7234539
ENSG00000106392,7,7243523,7244347
ENSG00000106392,7,7215041,7215239
ENSG00000106392,7,7182573,7182820
ENSG00000106392,7,7243523,7244121
ENSG00000106392,7,7157301,7157426
ENSG00000106392,7,7182884,7182944
ENSG00000106392,7,7243523,7244212
ENSG00000106392,7,7227438,7227897
ENSG00000106392,7,7243523,7244349
ENSG00000106392,7,7210445,7210567
ENSG00000106392,7,7234302,7234539
ENSG00000106392,7,7182537,7182820
ENSG00000106392,7,7182658,7182820
ENSG00000106392,7,7238254,7238964
ENSG00000106392,7,7177951,7178324
ENSG00000106392,7,7156933,7157199
ENSG00000106392,7,7182543,7182820
ENSG00000106392,7,7243523,7244134
ENSG00000106392,7,7243523,7247197
ENSG00000106392,7,7182624,7182820
ENSG00000106392,7,7182900,7183395
ENSG00000106392,7,7182520,7182820
ENSG00000106392,7,7243523,7244127
ENSG00000106392,7,7191416,7191518
ENSG00000125462,1,156407347,156407975
ENSG00000125462,1,156430029,156430119
ENSG00000125462,1,156430496,156430701
ENSG00000125462,1,156404252,156404601
ENSG00000125462,1,156404263,156404601
ENSG00000125462,1,156407362,156407975
ENSG00000125462,1,156430029,156430265
ENSG00000125462,1,156421554,156421630
ENSG00000125462,1,156414078,156414298
ENSG00000125462,1,156414278,156414298
ENSG00000125462,1,156456352,156456554
ENSG00000125462,1,156436888,156437506
ENSG00000125462,1,156429375,156429426
ENSG00000125462,1,156407364,156407975
ENSG00000125462,1,156413412,156413497
ENSG00000125462,1,156420170,156420375
ENSG00000125462,1,156429375,156429609
ENSG00000125462,1,156426441,156426668
ENSG00000125462,1,156407841,156408091
ENSG00000125462,1,156414106,156414298
ENSG00000125462,1,156412695,156412727
ENSG00000125462,1,156420170,156420469
ENSG00000125462,1,156414055,156414298
ENSG00000125462,1,156404256,156409030
ENSG00000125462,1,156415396,156416939
ENSG00000125462,1,156404242,156404601
ENSG00000125462,1,156421554,156421833
ENSG00000125462,1,156429375,156429428
ENSG00000125462,1,156429375,156429437
ENSG00000125462,1,156414813,156414989
ENSG00000125462,1,156404255,156404592
ENSG00000125462,1,156426797,156426872
ENSG00000125462,1,156407079,156407197
ENSG00000125462,1,156404255,156404601
ENSG00000125462,1,156407354,156407975
ENSG00000125462,1,156414653,156414753
ENSG00000125462,1,156455620,156455721
ENSG00000125462,1,156407369,156407975
ENSG00000125462,1,156456352,156456668
ENSG00000125462,1,156456352,156456613
ENSG00000125462,1,156429375,156429430
ENSG00000125462,1,156404257,156404601
ENSG00000125462,1,156407356,156407975
ENSG00000125462,1,156456352,156456631
ENSG00000125462,1,156421524,156421773
ENSG00000125462,1,156456352,156456640
ENSG00000125462,1,156407173,156407197
ENSG00000125462,1,156420170,156420318
ENSG00000125462,1,156429375,156429631
ENSG00000125462,1,156420170,156420336
ENSG00000125462,1,156413915,156414298
ENSG00000125462,1,156421554,156421773
ENSG00000125462,1,156422937,156422998
ENSG00000125462,1,156426797,156426904
ENSG00000125462,1,156429375,156429432
ENSG00000125462,1,156455333,156455721
ENSG00000125462,1,156421524,156421766
ENSG00000125462,1,156456352,156456752
ENSG00000125462,1,156436915,156437502
ENSG00000125462,1,156420340,156420429
ENSG00000125462,1,156426797,156427114
ENSG00000125462,1,156446409,156446573
ENSG00000125462,1,156418319,156418593
ENSG00000125462,1,156407346,156407975
ENSG00000125462,1,156437675,156437882
ENSG00000125462,1,156431001,156431174
ENSG00000125462,1,156404251,156404592
ENSG00000125462,1,156425642,156426872
ENSG00000125462,1,156431001,156431183
ENSG00000125462,1,156404251,156404601
ENSG00000125462,1,156421554,156421766
ENSG00000125462,1,156429375,156429433
ENSG00000125462,1,156455627,156455721
ENSG00000125462,1,156429375,156429434
ENSG00000125462,1,156421524,156421768
ENSG00000125462,1,156454642,156454795
ENSG00000125462,1,156412182,156412278
ENSG00000125462,1,156407841,156407953
ENSG00000125462,1,156413749,156414298
ENSG00000125462,1,156426797,156426869
ENSG00000125462,1,156421554,156421787
ENSG00000125462,1,156412521,156412736
ENSG00000125462,1,156427943,156428060
ENSG00000125462,1,156415714,156415851
ENSG00000125462,1,156437675,156437893
ENSG00000125462,1,156453006,156453252
ENSG00000125462,1,156437679,156437884
ENSG00000125462,1,156429375,156429427
ENSG00000125462,1,156409645,156409750
ENSG00000125462,1,156431117,156431180
ENSG00000125462,1,156414083,156414298
ENSG00000125462,1,156452889,156453252
ENSG00000125462,1,156426823,156426872
ENSG00000125462,1,156429375,156429738
ENSG00000125462,1,156436252,156436741
ENSG00000125462,1,156417911,156418034
ENSG00000125462,1,156425577,156426872
ENSG00000125462,1,156429375,156429457
ENSG00000125462,1,156425636,156426668
ENSG00000125462,1,156421731,156421766
ENSG00000125462,1,156446412,156446573
ENSG00000125462,1,156404245,156404601
ENSG00000125462,1,156446163,156446573
ENSG00000125462,1,156429375,156429585
ENSG00000125462,1,156414124,156414298
ENSG00000125462,1,156429375,156429713
ENSG00000125462,1,156446416,156446573
ENSG00000125462,1,156414256,156414298
ENSG00000125462,1,156437679,156437886
ENSG00000125462,1,156429375,156429548
ENSG00000125462,1,156421524,156421772
ENSG00000125462,1,156456352,156456987
ENSG00000125462,1,156404247,156404601
ENSG00000125462,1,156404258,156404601
ENSG00000125462,1,156452229,156452515
ENSG00000125462,1,156434985,156435192
ENSG00000125462,1,156404379,156404601
ENSG00000125462,1,156412521,156412740
ENSG00000125462,1,156426797,156427175
ENSG00000125462,1,156456218,156456532
ENSG00000125462,1,156429375,156429514
ENSG00000125462,1,156453130,156453252
ENSG00000125462,1,156429375,156429459
ENSG00000125462,1,156409616,156409856
ENSG00000125462,1,156421554,156421809
ENSG00000125462,1,156404257,156404639
ENSG00000125462,1,156456352,156456779
ENSG00000125462,1,156404249,156404601
ENSG00000125462,1,156404260,156404601
ENSG00000125462,1,156436883,156437506
ENSG00000125462,1,156407359,156407975
ENSG00000125462,1,156430029,156430328
ENSG00000125462,1,156436930,156437502
ENSG00000125462,1,156409707,156409785
ENSG00000125462,1,156439100,156439198
ENSG00000125462,1,156430029,156430291
ENSG00000125462,1,156414141,156414298
ENSG00000125462,1,156426819,156426872
ENSG00000125462,1,156413412,156414298
ENSG00000125462,1,156456352,156456763
ENSG00000125462,1,156412695,156412723
ENSG00000125462,1,156439124,156439338
ENSG00000125462,1,156456352,156456644
ENSG00000125462,1,156427943,156428130
ENSG00000125462,1,156421731,156421770
ENSG00000125462,1,156421554,156421811
ENSG00000125462,1,156431001,156431173
ENSG00000125462,1,156412149,156412278
ENSG00000125462,1,156456352,156456534
ENSG00000125462,1,156426797,156426887
ENSG00000125462,1,156423271,156423381
ENSG00000125462,1,156418319,156418622
ENSG00000125462,1,156421554,156421777
ENSG00000125462,1,156414813,156414860
ENSG00000125462,1,156429375,156429436
ENSG00000125462,1,156429371,156429573
ENSG00000125462,1,156407349,156407975
ENSG00000125462,1,156429375,156429445
ENSG00000125462,1,156429375,156429564
ENSG00000125462,1,156420425,156421011
ENSG00000125462,1,156439269,156439338
ENSG00000125462,1,156431117,156431198
ENSG00000125462,1,156415396,156415470
ENSG00000125462,1,156425645,156426668
ENSG00000125462,1,156428680,156429429
ENSG00000125462,1,156404254,156404601
ENSG00000125462,1,156446410,156446573
ENSG00000125462,1,156409616,156409750
ENSG00000125462,1,156429375,156429591
ENSG00000125462,1,156426797,156426889
ENSG00000125462,1,156407351,156407975
ENSG00000125462,1,156407696,156407975
ENSG00000125462,1,156439770,156439918
ENSG00000125462,1,156421554,156421770
ENSG00000125462,1,156429375,156429429
ENSG00000125462,1,156412521,156412737
ENSG00000125462,1,156414653,156417439
ENSG00000125462,1,156404744,156404876
ENSG00000125462,1,156429375,156429630
ENSG00000125462,1,156430496,156430541
ENSG00000125462,1,156429375,156429584
ENSG00000125462,1,156421731,156421838
ENSG00000125462,1,156407841,156407975
ENSG00000125462,1,156418319,156418590
ENSG00000125462,1,156420170,156420289
ENSG00000125462,1,156411830,156414298
ENSG00000125462,1,156429375,156429849
ENSG00000125462,1,156421554,156421772
ENSG00000125462,1,156429375,156429431
ENSG00000125462,1,156429375,156429440
ENSG00000125462,1,156429375,156429568
ENSG00000125462,1,156412516,156412727
ENSG00000125462,1,156412516,156412736
ENSG00000125462,1,156421554,156421756
ENSG00000125462,1,156429371,156429433
ENSG00000125462,1,156416768,156416864
ENSG00000125462,1,156421554,156421838
ENSG00000178538,8,60206026,60208919
ENSG00000178538,8,60224536,60224585
ENSG00000178538,8,60187347,60189982
ENSG00000178538,8,60188093,60189985
ENSG00000178538,8,60279688,60279880
ENSG00000178538,8,60281047,60281385
ENSG00000178538,8,60281047,60281324
ENSG00000178538,8,60185927,60189985
ENSG00000178538,8,60281047,60281400
ENSG00000178538,8,60226872,60226935
ENSG00000178538,8,60265924,60266049
ENSG00000178538,8,60232283,60232379
ENSG00000178538,8,60281047,60281369
ENSG00000178538,8,60208070,60208919
ENSG00000178538,8,60264821,60266049
ENSG00000178538,8,60281047,60281573
ENSG00000178538,8,60281047,60281399
ENSG00000178538,8,60187348,60189985
ENSG00000178538,8,60185411,60189985
ENSG00000178538,8,60232484,60232673
ENSG00000178538,8,60208626,60208919
ENSG00000178538,8,60222648,60222761
ENSG00000178538,8,60189542,60189985
ENSG00000178538,8,60281047,60281398
ENSG00000178538,8,60208749,60208919
ENSG00000178538,8,60224536,60224579
ENSG00000135932,2,230818515,230821067
ENSG00000135932,2,230818515,230821064
ENSG00000135932,2,230818515,230821070
ENSG00000135932,2,230818515,230821076
ENSG00000135932,2,230818515,230821073
ENSG00000135932,2,230712861,230713230
ENSG00000135932,2,230712842,230714058
ENSG00000135932,2,230720455,230720578
ENSG00000135932,2,230725142,230725403
ENSG00000135932,2,230712841,230713260
ENSG00000135932,2,230712821,230713230
ENSG00000135932,2,230758392,230758412
ENSG00000135932,2,230713973,230714058
ENSG00000135932,2,230717109,230717155
ENSG00000135932,2,230798728,230798897
ENSG00000135932,2,230818515,230819675
ENSG00000135932,2,230817753,230817897
ENSG00000135932,2,230818515,230821063
ENSG00000135932,2,230712847,230713230
ENSG00000135932,2,230818515,230821072
ENSG00000135932,2,230713704,230713802
ENSG00000135932,2,230818515,230821075
ENSG00000135932,2,230759958,230760115
ENSG00000135932,2,230818515,230818750
ENSG00000135932,2,230787958,230787994
ENSG00000135932,2,230752140,230752247
ENSG00000135932,2,230714303,230714460
ENSG00000135932,2,230737806,230737922
ENSG00000135932,2,230818515,230818704
ENSG00000135932,2,230747351,230747447
ENSG00000135932,2,230712850,230713234
ENSG00000135932,2,230712855,230713230
ENSG00000135932,2,230712841,230713230
ENSG00000135932,2,230783712,230783838
ENSG00000135932,2,230713547,230713802
ENSG00000135932,2,230813982,230814114
ENSG00000135932,2,230712879,230713230
ENSG00000135932,2,230814048,230814114
ENSG00000135932,2,230818515,230821074
ENSG00000135932,2,230713765,230714058
ENSG00000135932,2,230712870,230713230
ENSG00000135932,2,230790871,230790978
ENSG00000135932,2,230790871,230791036
ENSG00000135932,2,230713547,230714058
ENSG00000135932,2,230712841,230713627
ENSG00000135932,2,230779005,230779450
ENSG00000135932,2,230798728,230799124
ENSG00000135932,2,230793212,230793331
ENSG00000135932,2,230712848,230713230
ENSG00000135932,2,230817753,230818182
ENSG00000135932,2,230712839,230713230
ENSG00000135932,2,230713081,230713230
ENSG00000135932,2,230810262,230810322
ENSG00000135932,2,230712984,230713230
ENSG00000135932,2,230790897,230791036
ENSG00000121691,11,34471367,34471795
ENSG00000121691,11,34464104,34464235
ENSG00000121691,11,34455071,34455092
ENSG00000121691,11,34456679,34456817
ENSG00000121691,11,34449280,34449363
ENSG00000121691,11,34471367,34472051
ENSG00000121691,11,34453845,34453926
ENSG00000121691,11,34461250,34461500
ENSG00000121691,11,34468287,34468510
ENSG00000121691,11,34438946,34439079
ENSG00000121691,11,34464110,34464235
ENSG00000121691,11,34468284,34468395
ENSG00000121691,11,34471367,34472060
ENSG00000121691,11,34456664,34457087
ENSG00000121691,11,34438959,34439079
ENSG00000121691,11,34470713,34471041
ENSG00000121691,11,34471367,34471547
ENSG00000121691,11,34453116,34453194
ENSG00000121691,11,34438948,34439079
ENSG00000121691,11,34452076,34452207
ENSG00000121691,11,34449191,34449363
ENSG00000121691,11,34457775,34457847
ENSG00000121691,11,34438930,34439079
ENSG00000121691,11,34470957,34471041
ENSG00000121691,11,34456019,34456202
ENSG00000121691,11,34471367,34472053
ENSG00000121691,11,34456010,34456202
ENSG00000121691,11,34461250,34461389
ENSG00000121691,11,34453089,34453194
ENSG00000121691,11,34453800,34453926
ENSG00000121691,11,34438934,34439079
ENSG00000121691,11,34438956,34439079
ENSG00000121691,11,34438936,34439079
ENSG00000121691,11,34456664,34456817
ENSG00000121691,11,34450987,34451098
ENSG00000121691,11,34471367,34472052
ENSG00000121691,11,34438969,34439079
ENSG00000121691,11,34464104,34464199
ENSG00000121691,11,34471367,34472061
ENSG00000121691,11,34460732,34461389
ENSG00000121691,11,34438905,34439079
ENSG00000121691,11,34471367,34472055
ENSG00000121691,11,34468287,34468395
ENSG00000121691,11,34438940,34439079
ENSG00000121691,11,34450918,34451098
ENSG00000121691,11,34438933,34439079
ENSG00000158941,8,22619637,22620758
ENSG00000158941,8,22614837,22615001
ENSG00000158941,8,22607968,22608008
ENSG00000158941,8,22605023,22605418
ENSG00000158941,8,22620712,22621568
ENSG00000158941,8,22620417,22621568
ENSG00000158941,8,22618625,22618728
ENSG00000158941,8,22607968,22608065
ENSG00000158941,8,22617422,22617564
ENSG00000158941,8,22606606,22606698
ENSG00000158941,8,22604762,22604842
ENSG00000158941,8,22604773,22604842
ENSG00000158941,8,22618348,22618495
ENSG00000158941,8,22606084,22606176
ENSG00000158941,8,22614387,22614503
ENSG00000158941,8,22613907,22616657
ENSG00000158941,8,22605499,22605559
ENSG00000158941,8,22604790,22604842
ENSG00000158941,8,22617419,22617576
ENSG00000158941,8,22604777,22604842
ENSG00000158941,8,22614389,22614503
ENSG00000158941,8,22615681,22615912
ENSG00000158941,8,22618826,22619015
ENSG00000158941,8,22616011,22616248
ENSG00000158941,8,22604754,22604842
ENSG00000158941,8,22612702,22613136
ENSG00000158941,8,22604756,22604842
ENSG00000158941,8,22618616,22618728
ENSG00000158941,8,22604771,22604842
ENSG00000158941,8,22620711,22621568
ENSG00000158941,8,22619149,22619355
ENSG00000158941,8,22605037,22605418
ENSG00000158941,8,22617419,22617564
ENSG00000158941,8,22605052,22605416
ENSG00000158941,8,22619149,22620468
ENSG00000158941,8,22604680,22604842
ENSG00000158941,8,22607195,22607289
ENSG00000158941,8,22607235,22607325
ENSG00000158941,8,22619511,22620475
ENSG00000158941,8,22619637,22620462
ENSG00000158941,8,22619637,22620471
ENSG00000158941,8,22614837,22614998
ENSG00000158941,8,22604763,22604842
ENSG00000158941,8,22614419,22614503
ENSG00000158941,8,22617387,22617564
ENSG00000158941,8,22617695,22617778
ENSG00000158941,8,22618616,22619015
ENSG00000158941,8,22613884,22614314
ENSG00000158941,8,22615424,22615596
ENSG00000158941,8,22605023,22605213
ENSG00000158941,8,22615669,22615912
ENSG00000158941,8,22619637,22620473
ENSG00000158941,8,22606599,22606698
ENSG00000158941,8,22604742,22604842
ENSG00000158941,8,22606907,22607024
ENSG00000158941,8,22604746,22604842
ENSG00000158941,8,22604757,22604842
ENSG00000158941,8,22619490,22620468
ENSG00000158941,8,22606909,22607024
ENSG00000158941,8,22604770,22604842
ENSG00000158941,8,22614389,22614573
ENSG00000158941,8,22620435,22621568
ENSG00000158941,8,22605718,22605831
ENSG00000158941,8,22619637,22620468
ENSG00000158941,8,22614091,22614314
ENSG00000158941,8,22618601,22618728
ENSG00000158941,8,22607195,22607325
ENSG00000158941,8,22605735,22605831
ENSG00000158941,8,22619637,22620470
ENSG00000158941,8,22604628,22604842
ENSG00000158941,8,22607968,22608077
ENSG00000158941,8,22619637,22620964
ENSG00000158941,8,22613016,22613136
ENSG00000158941,8,22606909,22607003
ENSG00000158941,8,22618156,22618495
ENSG00000158941,8,22606606,22606703
ENSG00000158941,8,22617698,22617778
ENSG00000163040,2,131531728,131531802
ENSG00000163040,2,131527867,131528346
ENSG00000163040,2,131527889,131528346
ENSG00000163040,2,131531651,131531802
ENSG00000163040,2,131528492,131528627
ENSG00000163040,2,131527674,131528220
ENSG00000163040,2,131532723,131532781
ENSG00000163040,2,131531622,131531802
ENSG00000163040,2,131530578,131530827
ENSG00000163040,2,131530776,131530827
ENSG00000163040,2,131532617,131532781
ENSG00000163040,2,131527933,131528346
ENSG00000163040,2,131532863,131532937
ENSG00000163040,2,131527918,131528220
ENSG00000163040,2,131533012,131533069
ENSG00000163040,2,131527832,131528220
ENSG00000163040,2,131527915,131528346
ENSG00000163040,2,131527887,131528220
ENSG00000163040,2,131533268,131533666
ENSG00000163040,2,131527909,131528220
ENSG00000163040,2,131527889,131528220
ENSG00000163040,2,131532588,131532781
ENSG00000163040,2,131527910,131528627
ENSG00000163040,2,131532709,131532781
ENSG00000163040,2,131527937,131528346
ENSG00000163040,2,131530302,131530827
ENSG00000163040,2,131531637,131531802
ENSG00000163040,2,131527855,131528346
ENSG00000163040,2,131527882,131528220
ENSG00000163040,2,131529646,131530180
ENSG00000163040,2,131531663,131531802
ENSG00000163040,2,131529180,131529691
ENSG00000163040,2,131533633,131534343
ENSG00000163040,2,131527866,131528346
ENSG00000163040,2,131530590,131530827
ENSG00000163040,2,131527873,131528220
ENSG00000163040,2,131527903,131528346
ENSG00000163040,2,131533527,131534343
ENSG00000163040,2,131527833,131528220
ENSG00000163040,2,131527896,131528346
ENSG00000163040,2,131529646,131529749
ENSG00000163040,2,131529646,131529691
ENSG00000163040,2,131530578,131530837
ENSG00000163040,2,131532863,131532941
ENSG00000163040,2,131527866,131528220
ENSG00000163040,2,131533268,131533664
ENSG00000163040,2,131527940,131528346
ENSG00000110092,11,69654157,69654410
ENSG00000110092,11,69643831,69644188
ENSG00000110092,11,69647993,69648142
ENSG00000110092,11,69643711,69643991
ENSG00000110092,11,69653075,69653316
ENSG00000110092,11,69653172,69653319
ENSG00000110092,11,69653075,69653319
ENSG00000110092,11,69651117,69654474
ENSG00000110092,11,69641142,69641511
ENSG00000110092,11,69641164,69641511
ENSG00000110092,11,69641230,69641511
ENSG00000110092,11,69641155,69641511
ENSG00000110092,11,69651117,69651407
ENSG00000110092,11,69643030,69643317
ENSG00000110092,11,69654157,69654384
ENSG00000110092,11,69641205,69641511
ENSG00000110092,11,69643831,69643991
ENSG00000110092,11,69647993,69648143
ENSG00000110092,11,69643030,69643246
ENSG00000110092,11,69647956,69648142
ENSG00000110092,11,69647993,69648240
ENSG00000118971,12,4285274,4285476
ENSG00000118971,12,4270028,4270368
ENSG00000118971,12,4299859,4305350
ENSG00000118971,12,4278799,4278919
ENSG00000118971,12,4278667,4278919
ENSG00000118971,12,4273720,4274235
ENSG00000118971,12,4273984,4274235
ENSG00000118971,12,4297756,4297968
ENSG00000118971,12,4269770,4270368
ENSG00000118971,12,4275295,4275459
ENSG00000118971,12,4278759,4278919
ENSG00000118971,12,4269792,4269953
ENSG00000118971,12,4275548,4275667
ENSG00000118971,12,4275561,4275755
ENSG00000118971,12,4275295,4275468
ENSG00000118971,12,4278726,4278919
ENSG00000118971,12,4272537,4272677
ENSG00000118971,12,4275021,4275262
ENSG00000118971,12,4276058,4276265
ENSG00000118971,12,4288841,4289161
ENSG00000118971,12,4288841,4288987
ENSG00000118971,12,4288841,4288990
ENSG00000118971,12,4275295,4275477
ENSG00000118971,12,4299859,4300211
ENSG00000118971,12,4285274,4285316
ENSG00000118971,12,4269779,4269937
ENSG00000118971,12,4299859,4300052
ENSG00000118971,12,4273717,4274235
ENSG00000118971,12,4273761,4274235
ENSG00000118971,12,4275021,4275362
ENSG00000118971,12,4276004,4276220
ENSG00000118971,12,4275295,4275458
ENSG00000118971,12,4276058,4276261
ENSG00000118971,12,4278762,4278919
ENSG00000118971,12,4274000,4274235
ENSG00000118971,12,4306845,4306933
ENSG00000118971,12,4276058,4276184
ENSG00000118971,12,4299859,4301558
ENSG00000118971,12,4276058,4276187
ENSG00000118971,12,4275021,4275422
ENSG00000118971,12,4269792,4269887
ENSG00000118971,12,4275021,4275065
ENSG00000118971,12,4275295,4275466
ENSG00000118971,12,4273152,4273253
ENSG00000118971,12,4299859,4305353
ENSG00000198087,6,47544605,47545145
ENSG00000198087,6,47576523,47576590
ENSG00000198087,6,47533601,47533755
ENSG00000198087,6,47609122,47609513
ENSG00000198087,6,47612472,47612536
ENSG00000198087,6,47576523,47576602
ENSG00000198087,6,47624185,47627135
ENSG00000198087,6,47562621,47563018
ENSG00000198087,6,47624185,47627263
ENSG00000198087,6,47607871,47608028
ENSG00000198087,6,47580872,47580900
ENSG00000198087,6,47579384,47579906
ENSG00000198087,6,47624185,47626918
ENSG00000198087,6,47476440,47478160
ENSG00000198087,6,47607926,47608028
ENSG00000198087,6,47574063,47574254
ENSG00000198087,6,47574063,47574251
ENSG00000198087,6,47533684,47533755
ENSG00000198087,6,47580863,47580900
ENSG00000198087,6,47595860,47596026
ENSG00000198087,6,47624185,47627137
ENSG00000198087,6,47477811,47478248
ENSG00000198087,6,47478185,47478248
ENSG00000198087,6,47577008,47577103
ENSG00000198087,6,47609122,47609304
ENSG00000198087,6,47599300,47599443
ENSG00000198087,6,47489066,47489170
ENSG00000198087,6,47503279,47503440
ENSG00000198087,6,47478176,47478248
ENSG00000198087,6,47477806,47478065
ENSG00000198087,6,47477751,47478248
ENSG00000198087,6,47478200,47478248
ENSG00000198087,6,47478204,47478248
ENSG00000198087,6,47624185,47625092
ENSG00000198087,6,47624185,47627136
ENSG00000198087,6,47554645,47554766
ENSG00000198087,6,47582002,47582273
ENSG00000198087,6,47606164,47606277
ENSG00000198087,6,47579393,47579489
ENSG00000198087,6,47477797,47478248
ENSG00000198087,6,47544605,47544706
ENSG00000198087,6,47576512,47576602
ENSG00000198087,6,47606188,47606277
ENSG00000198087,6,47579384,47579489
ENSG00000198087,6,47477788,47478248
ENSG00000198087,6,47624185,47626925
ENSG00000198087,6,47582002,47582065
ENSG00000117335,1,207752067,207752097
ENSG00000117335,1,207752068,207752309
ENSG00000117335,1,207793518,207795503
ENSG00000117335,1,207760666,207762988
ENSG00000117335,1,207793518,207795512
ENSG00000117335,1,207793518,207795466
ENSG00000117335,1,207760984,207761446
ENSG00000117335,1,207793518,207793608
ENSG00000117335,1,207752085,207752309
ENSG00000117335,1,207785070,207785106
ENSG00000117335,1,207793518,207793873
ENSG00000117335,1,207793518,207795258
ENSG00000117335,1,207767778,207769231
ENSG00000117335,1,207761898,207762988
ENSG00000117335,1,207757013,207757202
ENSG00000117335,1,207759638,207761446
ENSG00000117335,1,207790252,207790345
ENSG00000117335,1,207793518,207795315
ENSG00000117335,1,207752060,207752309
ENSG00000117335,1,207785655,207785682
ENSG00000117335,1,207756990,207757202
ENSG00000117335,1,207770309,207770362
ENSG00000117335,1,207767778,207767823
ENSG00000117335,1,207793518,207795210
ENSG00000117335,1,207761365,207761446
ENSG00000117335,1,207761248,207761446
ENSG00000117335,1,207752050,207752309
ENSG00000117335,1,207752116,207752309
ENSG00000117335,1,207785523,207785659
ENSG00000117335,1,207793518,207795420
ENSG00000117335,1,207785618,207788337
ENSG00000117335,1,207793518,207795511
ENSG00000117335,1,207752056,207752309
ENSG00000117335,1,207752067,207752309
ENSG00000117335,1,207752122,207752309
ENSG00000117335,1,207790252,207790324
ENSG00000117335,1,207793518,207795468
ENSG00000117335,1,207767606,207767651
ENSG00000117335,1,207752082,207752309
ENSG00000117335,1,207793518,207795504
ENSG00000117335,1,207770320,207770362
ENSG00000117335,1,207793518,207793646
ENSG00000117335,1,207795004,207795503
ENSG00000117335,1,207767012,207767195
ENSG00000117335,1,207782769,207783330
ENSG00000117335,1,207769633,207770362
ENSG00000117335,1,207785618,207786062
ENSG00000117335,1,207752086,207752309
ENSG00000117335,1,207793518,207795424
ENSG00000117335,1,207759638,207759724
ENSG00000117335,1,207782837,207785682
ENSG00000117335,1,207782848,207785682
ENSG00000117335,1,207793518,207795463
ENSG00000117335,1,207752114,207752309
ENSG00000117335,1,207783312,207783330
ENSG00000117335,1,207795004,207795224
ENSG00000117335,1,207767012,207767117
ENSG00000117335,1,207752065,207752309
ENSG00000117335,1,207783291,207785106
ENSG00000117335,1,207790252,207792273
ENSG00000117335,1,207769947,207770123
ENSG00000117335,1,207783291,207783330
ENSG00000117335,1,207752053,207752309
ENSG00000117335,1,207793518,207795513
ENSG00000117335,1,207760680,207762988
ENSG00000117335,1,207759638,207759703
ENSG00000117335,1,207769985,207770362
ENSG00000117335,1,207752044,207752309
ENSG00000117335,1,207767012,207768772
ENSG00000117335,1,207770040,207770362
ENSG00000117335,1,207767012,207767823
ENSG00000117335,1,207752055,207752309
ENSG00000117335,1,207762583,207763263
ENSG00000117335,1,207793518,207795506
ENSG00000117335,1,207757539,207757642
ENSG00000117335,1,207775609,207775745
ENSG00000117335,1,207793518,207795435
ENSG00000117335,1,207790252,207790364
ENSG00000117335,1,207782730,207785106
ENSG00000117335,1,207785618,207785682
ENSG00000117335,1,207752049,207752309
ENSG00000117335,1,207770338,207770362
ENSG00000117335,1,207752036,207752309
ENSG00000117335,1,207793518,207795501
ENSG00000117335,1,207752051,207752309
ENSG00000117335,1,207767012,207770362
ENSG00000117335,1,207793518,207795510
ENSG00000117335,1,207760649,207762988
ENSG00000196776,3,108090862,108091033
ENSG00000196776,3,108059451,108059532
ENSG00000196776,3,108045559,108047292
ENSG00000196776,3,108047064,108047292
ENSG00000196776,3,108054122,108054215
ENSG00000196776,3,108059451,108059544
ENSG00000196776,3,108044907,108047292
ENSG00000196776,3,108058336,108058429
ENSG00000196776,3,108091736,108091862
ENSG00000196776,3,108047066,108047292
ENSG00000196776,3,108051938,108051970
ENSG00000196776,3,108090862,108091017
ENSG00000196776,3,108071092,108071182
ENSG00000196776,3,108047079,108047292
ENSG00000196776,3,108079990,108080344
ENSG00000196776,3,108090862,108091029
ENSG00000196776,3,108080023,108080344
ENSG00000196776,3,108047092,108047292
ENSG00000196776,3,108058336,108058361
ENSG00000196776,3,108049618,108049651
ENSG00000196776,3,108043097,108047292
ENSG00000196776,3,108090862,108091004
ENSG00000196776,3,108047061,108047292
ENSG00000196776,3,108090862,108091016
ENSG00000196776,3,108058336,108058385
ENSG00000196776,3,108055519,108055566
ENSG00000196776,3,108057476,108057533
ENSG00000196776,3,108051938,108054739
ENSG00000196776,3,108090862,108091025
ENSG00000196776,3,108090862,108091031
ENSG00000196776,3,108090862,108091101
ENSG00000196776,3,108043090,108047292
ENSG00000196776,3,108043297,108047292
ENSG00000196776,3,108047078,108047292
ENSG00000196776,3,108090862,108091055
ENSG00000196776,3,108057476,108057569
ENSG00000196776,3,108090862,108091058
ENSG00000196776,3,108060744,108060852
ENSG00000196776,3,108059456,108059544
ENSG00000196776,3,108043629,108047292
ENSG00000196776,3,108047084,108047292
ENSG00000196776,3,108050577,108050602
ENSG00000116815,1,116569786,116569881
ENSG00000116815,1,116570902,116570994
ENSG00000116815,1,116550384,116550448
ENSG00000116815,1,116532935,116534092
ENSG00000116815,1,116560023,116560111
ENSG00000116815,1,116544310,116544604
ENSG00000116815,1,116533914,116534312
ENSG00000116815,1,116519230,116519267
ENSG00000116815,1,116570902,116571039
ENSG00000116815,1,116570902,116570984
ENSG00000116815,1,116544512,116544824
ENSG00000116815,1,116514738,116514822
ENSG00000116815,1,116569623,116569660
ENSG00000116815,1,116530393,116530793
ENSG00000116815,1,116544512,116544662
ENSG00000116815,1,116514533,116514822
ENSG00000116815,1,116552898,116552923
ENSG00000116815,1,116518699,116519267
ENSG00000116815,1,116530393,116530527
ENSG00000116815,1,116570902,116571026
ENSG00000116815,1,116569986,116570264
ENSG00000116815,1,116536090,116536228
ENSG00000116815,1,116530388,116530793
ENSG00000116815,1,116521905,116521983
ENSG00000116815,1,116535964,116536228
ENSG00000116815,1,116521786,116521983
ENSG00000116815,1,116546877,116546960
ENSG00000116815,1,116544310,116544590
ENSG00000116815,1,116569627,116569702
ENSG00000116815,1,116530388,116530527
ENSG00000116815,1,116519230,116519302
ENSG00000110848,12,9754586,9754690
ENSG00000110848,12,9754138,9754690
ENSG00000110848,12,9755061,9755261
ENSG00000110848,12,9754567,9755261
ENSG00000110848,12,9752485,9753589
ENSG00000110848,12,9760756,9760901
ENSG00000110848,12,9756296,9756419
ENSG00000110848,12,9755959,9756419
ENSG00000112149,6,14117771,14117848
ENSG00000112149,6,14117255,14117299
ENSG00000112149,6,14117626,14117848
ENSG00000112149,6,14117680,14117848
ENSG00000112149,6,14135107,14136906
ENSG00000112149,6,14117949,14118065
ENSG00000112149,6,14131519,14131748
ENSG00000112149,6,14135107,14136883
ENSG00000112149,6,14135107,14140682
ENSG00000112149,6,14133648,14133755
ENSG00000112149,6,14135110,14136853
ENSG00000010278,12,6235291,6235327
ENSG00000010278,12,6200773,6200973
ENSG00000010278,12,6200332,6200565
ENSG00000010278,12,6237762,6238248
ENSG00000010278,12,6200334,6200565
ENSG00000010278,12,6232631,6233486
ENSG00000010278,12,6236043,6236109
ENSG00000010278,12,6234344,6234455
ENSG00000010278,12,6237762,6238257
ENSG00000010278,12,6232631,6232729
ENSG00000010278,12,6235511,6235565
ENSG00000010278,12,6237762,6238263
ENSG00000010278,12,6237330,6238239
ENSG00000010278,12,6232936,6233005
ENSG00000010278,12,6237762,6238266
ENSG00000010278,12,6226327,6226360
ENSG00000010278,12,6200411,6200565
ENSG00000010278,12,6235475,6237210
ENSG00000010278,12,6200347,6200565
ENSG00000010278,12,6200435,6200565
ENSG00000010278,12,6199840,6200072
ENSG00000010278,12,6236191,6236910
ENSG00000010278,12,6200384,6200565
ENSG00000010278,12,6236191,6236260
ENSG00000010278,12,6236191,6236269
ENSG00000010278,12,6237762,6238247
ENSG00000010278,12,6200892,6200973
ENSG00000010278,12,6237762,6238253
ENSG00000010278,12,6224263,6224369
ENSG00000010278,12,6200075,6200139
ENSG00000010278,12,6235475,6235565
ENSG00000010278,12,6236191,6236275
ENSG00000010278,12,6232631,6233262
ENSG00000010278,12,6223846,6224218
ENSG00000010278,12,6237762,6238259
ENSG00000010278,12,6237762,6238134
ENSG00000010278,12,6200362,6200565
ENSG00000010278,12,6225425,6225736
ENSG00000010278,12,6237762,6238265
ENSG00000010278,12,6233220,6233486
ENSG00000010278,12,6200796,6200973
ENSG00000010278,12,6237762,6238271
ENSG00000010278,12,6200421,6200565
ENSG00000010278,12,6199714,6200072
ENSG00000010278,12,6200313,6200565
ENSG00000010278,12,6199881,6200072
ENSG00000010278,12,6237762,6238225
ENSG00000010278,12,6235228,6238049
ENSG00000010278,12,6237762,6238228
ENSG00000010278,12,6235475,6238237
ENSG00000010278,12,6236418,6236738
ENSG00000010278,12,6235237,6235327
ENSG00000010278,12,6232185,6232394
ENSG00000010278,12,6199874,6200072
ENSG00000010278,12,6236191,6236262
ENSG00000010278,12,6200399,6200565
ENSG00000010278,12,6225425,6225534
ENSG00000010278,12,6235475,6236275
ENSG00000010278,12,6232631,6232956
ENSG00000010278,12,6224985,6225213
ENSG00000010278,12,6200326,6200565
ENSG00000010278,12,6226301,6226440
ENSG00000010278,12,6237762,6238139
ENSG00000010278,12,6200082,6200150
ENSG00000010278,12,6200758,6200973
ENSG00000010278,12,6237762,6238267
ENSG00000010278,12,6233411,6233486
ENSG00000010278,12,6199843,6200072
ENSG00000010278,12,6200535,6200644
ENSG00000010278,12,6235228,6235327
ENSG00000010278,12,6223845,6224218
ENSG00000010278,12,6200383,6200565
ENSG00000010278,12,6225205,6225997
ENSG00000010278,12,6200363,6200565
ENSG00000010278,12,6205958,6206084
ENSG00000010278,12,6200407,6200565
ENSG00000128283,22,37555111,37555640
ENSG00000128283,22,37559574,37559674
ENSG00000128283,22,37565599,37565722
ENSG00000128283,22,37563653,37563782
ENSG00000128283,22,37560479,37560588
ENSG00000128283,22,37566071,37566495
ENSG00000128283,22,37566071,37566559
ENSG00000128283,22,37564405,37564545
ENSG00000128283,22,37568107,37569405
ENSG00000128283,22,37566071,37566812
ENSG00000128283,22,37559580,37559866
ENSG00000128283,22,37561557,37561817
ENSG00000128283,22,37565571,37566812
ENSG00000128283,22,37560456,37560588
ENSG00000128283,22,37560467,37560588
ENSG00000128283,22,37568107,37569401
ENSG00000128283,22,37568107,37569764
ENSG00000128283,22,37566071,37566530
ENSG00000128283,22,37562271,37562367
ENSG00000128283,22,37561638,37561817
ENSG00000163171,2,37737402,37737602
ENSG00000163171,2,37719537,37719944
ENSG00000163171,2,37661614,37662513
ENSG00000163171,2,37661614,37662092
ENSG00000163171,2,37646483,37646822
ENSG00000163171,2,37737402,37737605
ENSG00000163171,2,37671425,37671642
ENSG00000163171,2,37661614,37661747
ENSG00000163171,2,37661614,37661866
ENSG00000163171,2,37672828,37672971
ENSG00000163171,2,37689057,37689565
ENSG00000163171,2,37672084,37672199
ENSG00000163171,2,37665328,37665504
ENSG00000163171,2,37688114,37688175
ENSG00000163171,2,37645160,37646822
ENSG00000163171,2,37644843,37646822
ENSG00000163171,2,37672352,37672535
ENSG00000163171,2,37672060,37672192
ENSG00000163171,2,37688816,37688849
ENSG00000163171,2,37642740,37642927
ENSG00000163171,2,37661614,37662091
ENSG00000163171,2,37645155,37646822
ENSG00000163171,2,37737402,37737598
ENSG00000163171,2,37683131,37683217
ENSG00000163171,2,37643973,37646822
ENSG00000163171,2,37641942,37646822
ENSG00000163171,2,37646675,37646698
ENSG00000163171,2,37661614,37661859
ENSG00000163171,2,37719537,37719644
ENSG00000163171,2,37684482,37688175
ENSG00000163171,2,37672131,37672209
ENSG00000163171,2,37656598,37656749
ENSG00000163171,2,37647393,37647658
ENSG00000163171,2,37656598,37656874
ENSG00000163171,2,37737402,37737619
ENSG00000163171,2,37645153,37646822
ENSG00000163171,2,37644836,37646822
ENSG00000163171,2,37671425,37672745
ENSG00000163171,2,37665328,37665500
ENSG00000163171,2,37644851,37646822
ENSG00000163171,2,37644838,37646822
ENSG00000163171,2,37644416,37644441
ENSG00000163171,2,37671425,37671604
ENSG00000163171,2,37677239,37677307
ENSG00000163171,2,37644842,37646822
ENSG00000163171,2,37671534,37671642
ENSG00000163171,2,37737402,37737588
ENSG00000163171,2,37653998,37654135
ENSG00000163171,2,37670891,37671642
ENSG00000163171,2,37737191,37737334
ENSG00000163171,2,37737402,37737597
ENSG00000163171,2,37661614,37662096
ENSG00000163171,2,37661614,37661861
ENSG00000163171,2,37688078,37688175
ENSG00000163171,2,37645161,37646822
ENSG00000163171,2,37737408,37737567
ENSG00000163171,2,37641943,37646822
ENSG00000163171,2,37646545,37646822
ENSG00000163171,2,37645940,37646822
ENSG00000163171,2,37670820,37671676
ENSG00000163171,2,37645152,37646822
ENSG00000163171,2,37689057,37689563
ENSG00000163171,2,37738358,37738468
ENSG00000163171,2,37644837,37646822
ENSG00000163171,2,37689057,37689566
ENSG00000163171,2,37661614,37661815
ENSG00000163171,2,37721159,37721354
ENSG00000163171,2,37671421,37671642
ENSG00000163171,2,37689057,37689569
ENSG00000163171,2,37665328,37665502
ENSG00000163171,2,37672060,37672535
ENSG00000163171,2,37719746,37719944
ENSG00000163171,2,37646675,37647267
ENSG00000163171,2,37644018,37646822
ENSG00000163171,2,37641881,37646822
ENSG00000105810,7,92643611,92643756
ENSG00000105810,7,92642260,92642318
ENSG00000105810,7,92643945,92644144
ENSG00000105810,7,92656711,92659394
ENSG00000105810,7,92835866,92835935
ENSG00000105810,7,92719011,92719443
ENSG00000105810,7,92833090,92833959
ENSG00000105810,7,92613904,92615286
ENSG00000105810,7,92836388,92836563
ENSG00000105810,7,92671425,92671535
ENSG00000105810,7,92604920,92615286
ENSG00000105810,7,92836377,92836563
ENSG00000105810,7,92611540,92615286
ENSG00000105810,7,92609874,92615286
ENSG00000105810,7,92725628,92725793
ENSG00000105810,7,92836304,92836563
ENSG00000105810,7,92833090,92833690
ENSG00000105810,7,92835567,92835867
ENSG00000105810,7,92645445,92645523
ENSG00000105810,7,92836477,92836573
ENSG00000105810,7,92833872,92833917
ENSG00000105810,7,92836176,92836563
ENSG00000105810,7,92836385,92836563
ENSG00000105810,7,92836022,92836563
ENSG00000105810,7,92836484,92836563
ENSG00000105810,7,92618071,92618207
ENSG00000105810,7,92835027,92835297
ENSG00000105810,7,92836200,92836563
ENSG00000105810,7,92836477,92836591
ENSG00000105810,7,92725625,92725793
ENSG00000105810,7,92618071,92618277
ENSG00000105810,7,92833402,92833690
ENSG00000105810,7,92833090,92834095
ENSG00000105810,7,92614451,92615286
ENSG00000105810,7,92666081,92667083
ENSG00000105810,7,92612103,92615286
ENSG00000105810,7,92833802,92833959
ENSG00000105810,7,92836156,92836563
ENSG00000105810,7,92836352,92836563
ENSG00000105810,7,92638197,92639766
ENSG00000105810,7,92835959,92836107
ENSG00000105810,7,92833090,92833933
ENSG00000105810,7,92642462,92642570
ENSG00000105810,7,92701707,92701814
ENSG00000105810,7,92836180,92836563
ENSG00000105810,7,92642260,92642316
ENSG00000105810,7,92836488,92836563
ENSG00000105810,7,92718647,92718710
ENSG00000105810,7,92833090,92833954
ENSG00000105810,7,92725625,92725710
ENSG00000105810,7,92614713,92615286
ENSG00000105810,7,92623035,92623086
ENSG00000105810,7,92647739,92647946
ENSG00000105810,7,92614466,92615283
ENSG00000105810,7,92644549,92644674
ENSG00000105810,7,92641815,92642127
ENSG00000105810,7,92671234,92671535
ENSG00000105810,7,92836373,92836563
ENSG00000105810,7,92836002,92836107
ENSG00000105810,7,92647905,92648018
ENSG00000105810,7,92774695,92774831
ENSG00000105810,7,92653354,92653559
ENSG00000105810,7,92653398,92653559
ENSG00000105810,7,92836015,92836107
ENSG00000143418,1,150967381,150967714
ENSG00000143418,1,150975429,150975479
ENSG00000143418,1,150968394,150968512
ENSG00000143418,1,150960582,150960755
ENSG00000143418,1,150965174,150966288
ENSG00000143418,1,150974020,150974082
ENSG00000143418,1,150975312,150975534
ENSG00000143418,1,150965248,150965764
ENSG00000143418,1,150962973,150963139
ENSG00000143418,1,150963669,150964475
ENSG00000143418,1,150965178,150966288
ENSG00000143418,1,150960562,150961191
ENSG00000143418,1,150968082,150968172
ENSG00000143418,1,150966563,150966629
ENSG00000143418,1,150963529,150963851
ENSG00000143418,1,150963529,150963741
ENSG00000143418,1,150964246,150964733
ENSG00000143418,1,150974995,150975161
ENSG00000143418,1,150974995,150975280
ENSG00000143418,1,150971915,150971950
ENSG00000143418,1,150975312,150975536
ENSG00000143418,1,150971264,150971342
ENSG00000143418,1,150974317,150974435
ENSG00000143418,1,150965259,150966288
ENSG00000143418,1,150968082,150968174
ENSG00000143418,1,150974618,150975003
ENSG00000143418,1,150968917,150969131
ENSG00000143418,1,150972417,150972535
ENSG00000143418,1,150971848,150971935
ENSG00000143418,1,150967073,150967229
ENSG00000143418,1,150961316,150962158
ENSG00000143418,1,150964246,150964735
ENSG00000143418,1,150973904,150974003
ENSG00000143418,1,150973740,150973797
ENSG00000143418,1,150967663,150967714
ENSG00000143418,1,150964273,150964563
ENSG00000143418,1,150962586,150963082
ENSG00000143418,1,150965181,150966288
ENSG00000143418,1,150965280,150966288
ENSG00000143418,1,150973556,150974003
ENSG00000143418,1,150963994,150964083
ENSG00000143418,1,150962957,150963144
ENSG00000143418,1,150965185,150966288
ENSG00000143418,1,150974005,150974097
ENSG00000143418,1,150977037,150977396
ENSG00000143418,1,150964246,150964737
ENSG00000143418,1,150965172,150966288
ENSG00000143418,1,150974618,150974843
ENSG00000143418,1,150965831,150965963
ENSG00000143418,1,150965187,150966288
ENSG00000143418,1,150975312,150975549
ENSG00000143418,1,150975018,150975298
ENSG00000143418,1,150962129,150962158
ENSG00000143418,1,150963529,150963848
ENSG00000143418,1,150968917,150969318
ENSG00000143418,1,150965189,150966288
ENSG00000143418,1,150974618,150974708
ENSG00000143418,1,150967391,150967714
ENSG00000143418,1,150973994,150974227
ENSG00000143418,1,150973122,150973169
ENSG00000143418,1,150965270,150966288
ENSG00000143418,1,150967146,150967202
ENSG00000143418,1,150975312,150975551
ENSG00000143418,1,150973974,150974114
ENSG00000143418,1,150966161,150966288
ENSG00000143418,1,150966755,150966862
ENSG00000143418,1,150968917,150969091
ENSG00000143418,1,150968082,150968201
ENSG00000143418,1,150965244,150965743
ENSG00000143418,1,150968917,150969112
ENSG00000143418,1,150965179,150966288
ENSG00000143418,1,150966755,150966901
ENSG00000143418,1,150975317,150975534
ENSG00000143418,1,150968106,150968201
ENSG00000143418,1,150964246,150964725
ENSG00000143418,1,150972697,150973000
ENSG00000143418,1,150964246,150964734
ENSG00000143418,1,150973053,150973183
ENSG00000143418,1,150966130,150966256
ENSG00000143418,1,150977300,150978163
ENSG00000143418,1,150962127,150962158
ENSG00000143418,1,150967663,150967725
ENSG00000143418,1,150974995,150975311
ENSG00000143418,1,150974618,150974696
ENSG00000143418,1,150968082,150968132
ENSG00000143418,1,150967819,150967877
ENSG00000143418,1,150974618,150974689
ENSG00000143418,1,150967391,150967631
ENSG00000143418,1,150974618,150974762
ENSG00000143418,1,150965186,150966288
ENSG00000143418,1,150974618,150974826
ENSG00000143418,1,150965252,150966288
ENSG00000143418,1,150974618,150974771
ENSG00000143418,1,150967663,150967690
ENSG00000143418,1,150974618,150974835
ENSG00000143418,1,150974317,150974459
ENSG00000143418,1,150965256,150966288
ENSG00000143418,1,150967066,150967202
ENSG00000143418,1,150967426,150967484
ENSG00000143418,1,150965188,150966288
ENSG00000143418,1,150962973,150963741
ENSG00000143418,1,150973994,150974082
ENSG00000143418,1,150960562,150960890
ENSG00000143418,1,150965258,150966288
ENSG00000143418,1,150965247,150966288
ENSG00000143418,1,150974618,150974700
ENSG00000143418,1,150973738,150974003
ENSG00000143418,1,150974921,150975030
ENSG00000143418,1,150974618,150974721
ENSG00000143418,1,150974618,150974739
ENSG00000143418,1,150968394,150968478
ENSG00000143418,1,150966755,150967202
ENSG00000143418,1,150975312,150975546
ENSG00000143418,1,150974618,150974812
ENSG00000143418,1,150966475,150966629
ENSG00000143418,1,150966486,150966629
ENSG00000143418,1,150974317,150974445
ENSG00000143418,1,150965182,150966288
ENSG00000143418,1,150964249,150964744
ENSG00000143418,1,150974618,150974732
ENSG00000143418,1,150976225,150976516
ENSG00000143418,1,150972697,150972736
ENSG00000143418,1,150967073,150967202
ENSG00000143418,1,150974618,150974750
ENSG00000143418,1,150971264,150971363
ENSG00000143418,1,150967391,150967466
ENSG00000143418,1,150967130,150967202
ENSG00000143418,1,150973695,150974003
ENSG00000143418,1,150967391,150967484
ENSG00000143418,1,150964249,150964737
ENSG00000143418,1,150974618,150974844
ENSG00000143418,1,150971848,150971956
ENSG00000143418,1,150962586,150962719
ENSG00000143418,1,150974317,150974477
ENSG00000111642,12,6570133,6570693
ENSG00000111642,12,6570212,6570693
ENSG00000111642,12,6578621,6578721
ENSG00000111642,12,6570344,6570693
ENSG00000111642,12,6581290,6581388
ENSG00000111642,12,6582643,6584739
ENSG00000111642,12,6570082,6570693
ENSG00000111642,12,6614083,6614165
ENSG00000111642,12,6587383,6587556
ENSG00000111642,12,6592392,6592566
ENSG00000111642,12,6600533,6600669
ENSG00000111642,12,6591239,6591583
ENSG00000111642,12,6582136,6582281
ENSG00000111642,12,6606584,6606666
ENSG00000111642,12,6606573,6606666
ENSG00000111642,12,6591693,6591698
ENSG00000111642,12,6570201,6570693
ENSG00000111642,12,6598221,6598425
ENSG00000111642,12,6607299,6607380
ENSG00000111642,12,6573073,6573402
ENSG00000111642,12,6587383,6587949
ENSG00000111642,12,6606568,6606688
ENSG00000111642,12,6607299,6607334
ENSG00000111642,12,6570185,6570693
ENSG00000111642,12,6606273,6606993
ENSG00000111642,12,6579458,6579497
ENSG00000111642,12,6570955,6571032
ENSG00000111642,12,6613250,6613564
ENSG00000111642,12,6587706,6587949
ENSG00000111642,12,6570508,6570693
ENSG00000111642,12,6570191,6570693
ENSG00000111642,12,6614085,6614658
ENSG00000111642,12,6581473,6581609
ENSG00000111642,12,6591761,6592057
ENSG00000111642,12,6583197,6583378
ENSG00000111642,12,6577784,6578546
ENSG00000111642,12,6607299,6607528
ENSG00000111642,12,6581037,6581173
ENSG00000111642,12,6606552,6606666
ENSG00000111642,12,6570180,6570693
ENSG00000111642,12,6587383,6587450
ENSG00000111642,12,6586829,6587559
ENSG00000111642,12,6580277,6580548
ENSG00000111642,12,6573073,6573269
ENSG00000111642,12,6601288,6601530
ENSG00000111642,12,6570868,6571032
ENSG00000111642,12,6570144,6570693
ENSG00000111642,12,6606582,6606682
ENSG00000111642,12,6597893,6598099
ENSG00000111642,12,6607299,6607448
ENSG00000111642,12,6606514,6606666
ENSG00000111642,12,6606273,6606451
ENSG00000111642,12,6588297,6588318
ENSG00000111642,12,6578845,6579277
ENSG00000111642,12,6581290,6581385
ENSG00000111642,12,6583197,6584127
ENSG00000111642,12,6602375,6602488
ENSG00000111642,12,6570170,6570693
ENSG00000111642,12,6570157,6570693
ENSG00000111642,12,6570080,6570693
ENSG00000111642,12,6602375,6602497
ENSG00000111642,12,6596005,6596030
ENSG00000111642,12,6607299,6607368
ENSG00000111642,12,6614471,6614524
ENSG00000111642,12,6578408,6578546
ENSG00000111642,12,6580581,6580699
ENSG00000111642,12,6607299,6607377
ENSG00000111642,12,6608419,6608430
ENSG00000111642,12,6607299,6607450
ENSG00000111642,12,6580581,6580726
ENSG00000111642,12,6582878,6582936
ENSG00000111642,12,6578028,6578117
ENSG00000111642,12,6573118,6573269
ENSG00000111642,12,6591465,6591583
ENSG00000111642,12,6602928,6603142
ENSG00000111642,12,6587660,6587949
ENSG00000111642,12,6607299,6607379
ENSG00000111642,12,6570187,6570693
ENSG00000111642,12,6606273,6606373
ENSG00000111642,12,6591915,6592057
ENSG00000111642,12,6591693,6591825
ENSG00000111642,12,6601959,6601977
ENSG00000111642,12,6570081,6570693
ENSG00000111642,12,6583197,6583375
ENSG00000111642,12,6570402,6570693
ENSG00000111642,12,6587711,6587734
ENSG00000111642,12,6570241,6571032
ENSG00000111642,12,6582614,6582748
ENSG00000111642,12,6578870,6578917
ENSG00000111642,12,6570083,6570693
ENSG00000111642,12,6580834,6581173
ENSG00000111642,12,6570239,6570693
ENSG00000111642,12,6614872,6614982
ENSG00000111642,12,6613928,6614658
ENSG00000111642,12,6570087,6570693
ENSG00000111642,12,6581648,6581808
ENSG00000111642,12,6577784,6577917
ENSG00000111642,12,6606273,6606320
ENSG00000111642,12,6595333,6595430
ENSG00000111642,12,6600533,6600563
ENSG00000111642,12,6606523,6606666
ENSG00000111642,12,6583197,6583331
ENSG00000111642,12,6570351,6570693
ENSG00000111642,12,6570190,6570693
ENSG00000111642,12,6614038,6614517
ENSG00000111642,12,6596005,6596137
ENSG00000111642,12,6587383,6587559
ENSG00000111642,12,6609114,6609313
ENSG00000111642,12,6580796,6580929
ENSG00000111642,12,6607299,6607356
ENSG00000111642,12,6606582,6606709
ENSG00000111642,12,6570421,6570693
ENSG00000111642,12,6600925,6601053
ENSG00000111642,12,6607299,6607539
ENSG00000111642,12,6578408,6578543
ENSG00000111642,12,6592695,6592817
ENSG00000111642,12,6593415,6593616
ENSG00000111642,12,6587711,6587949
ENSG00000111642,12,6599772,6600012
ENSG00000111642,12,6594458,6594650
ENSG00000111642,12,6570207,6570693
ENSG00000111642,12,6570183,6570693
ENSG00000111642,12,6570579,6570693
ENSG00000111642,12,6582847,6582936
ENSG00000111642,12,6578845,6578904
ENSG00000111642,12,6590072,6590213
ENSG00000111642,12,6578864,6578917
ENSG00000111642,12,6601999,6602154
ENSG00000111642,12,6577719,6577917
ENSG00000111642,12,6607299,6607413
ENSG00000111642,12,6578845,6579587
ENSG00000111642,12,6607299,6607367
ENSG00000111642,12,6578028,6578135
ENSG00000111642,12,6606273,6606361
ENSG00000111642,12,6606568,6606794
ENSG00000111642,12,6587468,6587559
ENSG00000111642,12,6606273,6606434
ENSG00000111642,12,6580277,6580607
ENSG00000111642,12,6614826,6614912
ENSG00000111642,12,6614061,6614517
ENSG00000111642,12,6614056,6614658
ENSG00000111642,12,6601959,6602175
ENSG00000111642,12,6607299,6607452
ENSG00000111642,12,6578845,6578906
ENSG00000111642,12,6607299,6607397
ENSG00000111642,12,6600534,6600669
ENSG00000111642,12,6578028,6578546
ENSG00000111642,12,6599772,6599971
ENSG00000111642,12,6601963,6602154
ENSG00000111642,12,6607299,6607479
ENSG00000111642,12,6595333,6595409
ENSG00000111642,12,6578028,6578137
ENSG00000111642,12,6613957,6614517
ENSG00000111642,12,6587383,6587392
ENSG00000111642,12,6581290,6581343
ENSG00000111642,12,6581648,6581814
ENSG00000111642,12,6573073,6573101
ENSG00000111642,12,6570157,6571032
ENSG00000111642,12,6607299,6607381
ENSG00000111642,12,6588297,6588422
ENSG00000111642,12,6593090,6593228
ENSG00000111642,12,6577874,6577917
ENSG00000111642,12,6609114,6609310
ENSG00000111642,12,6607299,6607582
ENSG00000111642,12,6583026,6583113
ENSG00000111642,12,6578845,6578917
ENSG00000111642,12,6608150,6608233
ENSG00000111642,12,6607299,6607417
ENSG00000111642,12,6614334,6614384
ENSG00000111642,12,6570371,6570689
ENSG00000111642,12,6587383,6587513
ENSG00000111642,12,6583026,6583378
ENSG00000111642,12,6594458,6594629
ENSG00000111642,12,6573070,6573269
ENSG00000111642,12,6607299,6607392
ENSG00000111642,12,6570086,6570693
ENSG00000111642,12,6614072,6614658
ENSG00000111642,12,6583026,6583106
ENSG00000111642,12,6601647,6601766
ENSG00000111642,12,6583195,6583378
ENSG00000111642,12,6607299,6607419
ENSG00000111642,12,6578337,6578546
ENSG00000111642,12,6578028,6578141
ENSG00000111642,12,6570868,6571924
ENSG00000111642,12,6601959,6602154
ENSG00000111642,12,6572929,6572984
ENSG00000111642,12,6614076,6614658
ENSG00000111642,12,6592695,6592736
ENSG00000111642,12,6580581,6580679
ENSG00000111642,12,6600216,6600356
ENSG00000111642,12,6570318,6570693
ENSG00000111642,12,6614153,6614517
ENSG00000111642,12,6581043,6581173
ENSG00000111642,12,6602444,6602497
ENSG00000111642,12,6606562,6606609
ENSG00000111642,12,6573073,6573162
ENSG00000111642,12,6606745,6606801
ENSG00000111642,12,6600216,6600395
ENSG00000123989,2,219538948,219540642
ENSG00000123989,2,219541534,219542189
ENSG00000123989,2,219541459,219542189
ENSG00000123989,2,219543224,219543758
ENSG00000123989,2,219538977,219540642
ENSG00000123989,2,219543662,219544011
ENSG00000123989,2,219543131,219544893
ENSG00000123989,2,219543224,219543538
ENSG00000123989,2,219541615,219542189
ENSG00000123989,2,219541639,219542189
ENSG00000123989,2,219542912,219543097
ENSG00000123989,2,219543224,219543809
ENSG00000123989,2,219540945,219541125
ENSG00000123989,2,219543224,219543818
ENSG00000123989,2,219543131,219543443
ENSG00000123989,2,219543224,219543595
ENSG00000123989,2,219540945,219542189
ENSG00000123989,2,219538953,219540642
ENSG00000123989,2,219543129,219543265
ENSG00000123989,2,219541693,219542189
ENSG00000123989,2,219539371,219540642
ENSG00000136213,7,2432562,2448484
ENSG00000136213,7,2406320,2406355
ENSG00000136213,7,2405819,2406009
ENSG00000136213,7,2405702,2406009
ENSG00000136213,7,2403845,2404068
ENSG00000136213,7,2432562,2434611
ENSG00000136213,7,2422885,2422971
ENSG00000136213,7,2432562,2448483
ENSG00000136213,7,2432562,2433375
ENSG00000136213,7,2403610,2403673
ENSG00000136213,7,2403541,2403659
ENSG00000136213,7,2432562,2434058
ENSG00000136213,7,2403441,2403550
ENSG00000136213,7,2432562,2434610
ENSG00000136213,7,2432562,2434607
ENSG00000136213,7,2403610,2403645
ENSG00000136213,7,2432562,2434616
ENSG00000136213,7,2404116,2404216
ENSG00000136213,7,2406331,2406350
ENSG00000136213,7,2432562,2434579
ENSG00000136213,7,2432562,2434051
ENSG00000136213,7,2404089,2404536
ENSG00000136213,7,2432562,2434057
ENSG00000136213,7,2445941,2447850
ENSG00000136213,7,2404930,2405100
ENSG00000136213,7,2403587,2403645
ENSG00000136213,7,2437762,2437920
ENSG00000136213,7,2404098,2404206
ENSG00000136213,7,2403610,2403659
ENSG00000175040,3,143120643,143124014
ENSG00000175040,3,143119770,143120541
ENSG00000175040,3,143123361,143123576
ENSG00000164442,6,139374412,139374630
ENSG00000164442,6,139374131,139374213
ENSG00000164442,6,139372254,139373952
ENSG00000164442,6,139374412,139374648
ENSG00000164442,6,139374263,139374362
ENSG00000164442,6,139371806,139373952
ENSG00000164442,6,139372255,139373952
ENSG00000164442,6,139375260,139375909
ENSG00000105472,19,50725021,50725708
ENSG00000105472,19,50723904,50724091
ENSG00000105472,19,50723913,50724091
ENSG00000105472,19,50724972,50725469
ENSG00000105472,19,50723285,50723531
ENSG00000105472,19,50724409,50724601
ENSG00000105472,19,50725021,50725719
ENSG00000105472,19,50723335,50723531
ENSG00000105472,19,50723363,50723672
ENSG00000105472,19,50723522,50723672
ENSG00000164237,5,10277594,10280632
ENSG00000164237,5,10302638,10303038
ENSG00000164237,5,10286131,10286496
ENSG00000164237,5,10286353,10286487
ENSG00000164237,5,10290547,10290781
ENSG00000164237,5,10286353,10286496
ENSG00000164237,5,10307514,10307603
ENSG00000164237,5,10307514,10307548
ENSG00000164237,5,10288421,10288529
ENSG00000164237,5,10307624,10307878
ENSG00000164237,5,10283212,10283275
ENSG00000164237,5,10279284,10280632
ENSG00000164237,5,10307624,10307756
ENSG00000164237,5,10279559,10280632
ENSG00000164237,5,10307514,10307676
ENSG00000164237,5,10279953,10280632
ENSG00000164237,5,10278179,10280632
ENSG00000164237,5,10282196,10282288
ENSG00000164237,5,10307514,10307563
ENSG00000164237,5,10307624,10307774
ENSG00000164237,5,10279279,10280632
ENSG00000164237,5,10290712,10290781
ENSG00000164237,5,10307624,10307902
ENSG00000164237,5,10307624,10307847
ENSG00000164237,5,10303733,10303783
ENSG00000164237,5,10300246,10300428
ENSG00000164237,5,10275874,10276224
ENSG00000164237,5,10307624,10307859
ENSG00000164237,5,10279277,10280632
ENSG00000164237,5,10280465,10280632
ENSG00000164237,5,10302755,10302795
ENSG00000164237,5,10307514,10307724
ENSG00000164237,5,10286172,10286496
ENSG00000164237,5,10302940,10303023
ENSG00000164237,5,10307514,10307681
ENSG00000164237,5,10294419,10294556
ENSG00000164237,5,10302883,10303038
ENSG00000164237,5,10290403,10290781
ENSG00000164237,5,10307514,10307638
ENSG00000164237,5,10302940,10303038
ENSG00000164237,5,10307624,10307974
ENSG00000164237,5,10279274,10280632
ENSG00000164237,5,10302638,10302795
ENSG00000164237,5,10280119,10280632
ENSG00000164237,5,10307624,10307800
ENSG00000164237,5,10292040,10292148
ENSG00000164237,5,10279276,10280632
ENSG00000164237,5,10307624,10307745
ENSG00000164237,5,10307196,10307380
ENSG00000164237,5,10307514,10307647
ENSG00000164237,5,10302883,10303012
ENSG00000164237,5,10307624,10307839
ENSG00000164237,5,10279795,10280632
ENSG00000153721,6,154477981,154478112
ENSG00000153721,6,154405300,154406652
ENSG00000153721,6,154510062,154510652
ENSG00000153721,6,154410342,154410432
ENSG00000153721,6,154422914,154422983
ENSG00000153721,6,154430471,154430495
ENSG00000153721,6,154387514,154406652
ENSG00000153721,6,154478328,154478491
ENSG00000153721,6,154510062,154510685
ENSG00000153721,6,154442087,154442290
ENSG00000153721,6,154405462,154406652
ENSG00000153721,6,154422505,154422640
ENSG00000153721,6,154406109,154406652
ENSG00000153721,6,154405299,154406652
ENSG00000153721,6,154422505,154422652
ENSG00000153721,6,154510062,154510114
ENSG00000153721,6,154478314,154479593
ENSG00000153721,6,154510062,154510541
ENSG00000153721,6,154441291,154441379
ENSG00000153721,6,154450094,154450258
ENSG00000153721,6,154414298,154414423
ENSG00000153721,6,154433465,154433507
ENSG00000153721,6,154410962,154411142
ENSG00000153721,6,154430471,154430591
ENSG00000153721,6,154422917,154422983
ENSG00000153721,6,154510062,154510586
ENSG00000153721,6,154510062,154510653
ENSG00000153721,6,154433778,154434073
ENSG00000153721,6,154410933,154411142
ENSG00000153721,6,154428127,154428187
ENSG00000153721,6,154414722,154414765
ENSG00000153721,6,154442087,154442218
ENSG00000204291,9,98943178,98943309
ENSG00000204291,9,99015392,99015566
ENSG00000204291,9,99055101,99055151
ENSG00000204291,9,99038672,99038733
ENSG00000204291,9,99056259,99056404
ENSG00000204291,9,99049853,99049895
ENSG00000204291,9,98943954,98944072
ENSG00000204291,9,99000838,99000951
ENSG00000204291,9,99069672,99070779
ENSG00000204291,9,98943678,98943759
ENSG00000204291,9,99069672,99070797
ENSG00000204291,9,99036312,99036396
ENSG00000204291,9,98943826,98944072
ENSG00000204291,9,98943575,98944072
ENSG00000204291,9,98944134,98944316
ENSG00000204291,9,99004897,99005050
ENSG00000204291,9,98942679,98942754
ENSG00000204291,9,99069672,99070790
ENSG00000204291,9,99049689,99049758
ENSG00000204291,9,99040520,99040556
ENSG00000204291,9,99069672,99070774
ENSG00000204291,9,99055261,99055372
ENSG00000204291,9,99036169,99036205
ENSG00000204291,9,99015975,99016119
ENSG00000204291,9,98943616,98944072
ENSG00000204291,9,99059888,99059953
ENSG00000204291,9,99069672,99070792
ENSG00000204291,9,99042044,99042107
ENSG00000204291,9,98943589,98944072
ENSG00000204291,9,98985564,98986453
ENSG00000204291,9,99052387,99052433
ENSG00000204291,9,98943833,98944072
ENSG00000204291,9,99054575,99054656
ENSG00000204291,9,98943336,98943604
ENSG00000204291,9,99024873,99024999
ENSG00000204291,9,98943533,98943749
ENSG00000204291,9,99069672,99070787
ENSG00000204291,9,99035349,99035418
ENSG00000204291,9,99023356,99023449
ENSG00000204291,9,99034548,99034584
ENSG00000204291,9,99061970,99062099
ENSG00000204291,9,98944134,98944306
ENSG00000204291,9,98943562,98943714
ENSG00000204291,9,98985564,98986112
ENSG00000204291,9,98943638,98944072
ENSG00000204291,9,99069672,99070789
ENSG00000204291,9,98996933,98997081
ENSG00000204291,9,99062244,99062304
ENSG00000204291,9,98989177,98989258
ENSG00000204291,9,99069672,99070773
ENSG00000204291,9,99015416,99015566
ENSG00000204291,9,99063049,99063109
ENSG00000204291,9,98943336,98943775
ENSG00000204291,9,99038667,99038733
ENSG00000204291,9,98943698,98944072
ENSG00000204291,9,99069672,99070775
ENSG00000204291,9,98943523,98943628
ENSG00000204291,9,99003452,99003587
ENSG00000204291,9,99025903,99025966
ENSG00000204291,9,99047940,99048000
ENSG00000204291,9,99035013,99035154
ENSG00000204291,9,99044567,99044636
ENSG00000204291,9,99022090,99022150
ENSG00000204291,9,99020388,99020442
ENSG00000204291,9,99069672,99070777
ENSG00000204291,9,99047785,99047839
ENSG00000204291,9,98943924,98944072
ENSG00000204291,9,98989162,98989258
ENSG00000204291,9,99044734,99044770
ENSG00000204291,9,98944161,98944250
ENSG00000204291,9,99066881,99067067
ENSG00000204291,9,98943906,98944072
ENSG00000204291,9,98943745,98944072
ENSG00000204291,9,99069672,99070480
ENSG00000204291,9,98943336,98943580
ENSG00000204291,9,99069672,99070791
ENSG00000204291,9,98944161,98944188
ENSG00000204291,9,99068554,99068670
ENSG00000204291,9,98943562,98944072
ENSG00000204291,9,99040703,99041377
ENSG00000204291,9,98987293,98987368
ENSG00000182871,21,45490274,45490346
ENSG00000182871,21,45493162,45493225
ENSG00000182871,21,45492534,45492564
ENSG00000182871,21,45409947,45410065
ENSG00000182871,21,45494861,45494915
ENSG00000182871,21,45405136,45405241
ENSG00000182871,21,45504415,45504556
ENSG00000182871,21,45405160,45405241
ENSG00000182871,21,45455521,45456176
ENSG00000182871,21,45405378,45405473
ENSG00000182871,21,45405173,45405241
ENSG00000182871,21,45405138,45405241
ENSG00000182871,21,45505357,45505431
ENSG00000182871,21,45405122,45405241
ENSG00000182871,21,45512187,45512566
ENSG00000182871,21,45506018,45507593
ENSG00000182871,21,45486860,45486992
ENSG00000182871,21,45407385,45407620
ENSG00000182871,21,45480069,45480156
ENSG00000182871,21,45491224,45491245
ENSG00000182871,21,45424883,45425070
ENSG00000182871,21,45493194,45493225
ENSG00000182871,21,45490575,45490671
ENSG00000182871,21,45468241,45468786
ENSG00000182871,21,45512187,45512568
ENSG00000182871,21,45408007,45408099
ENSG00000182871,21,45408456,45408563
ENSG00000182871,21,45405152,45405241
ENSG00000182871,21,45477749,45477965
ENSG00000182871,21,45513418,45513558
ENSG00000182871,21,45511110,45511226
ENSG00000182871,21,45495303,45495432
ENSG00000182871,21,45510063,45510261
ENSG00000182871,21,45512187,45512561
ENSG00000182871,21,45509355,45509601
ENSG00000182871,21,45496499,45496568
ENSG00000182871,21,45492686,45492713
ENSG00000182871,21,45405169,45405241
ENSG00000182871,21,45405145,45405241
ENSG00000182871,21,45503932,45504121
ENSG00000182871,21,45512187,45513720
ENSG00000182871,21,45512361,45513558
ENSG00000182871,21,45505834,45505966
ENSG00000182871,21,45505528,45505966
ENSG00000182871,21,45476350,45476480
ENSG00000182871,21,45513705,45516140
ENSG00000182871,21,45497049,45497092
ENSG00000182871,21,45495357,45495432
ENSG00000182871,21,45493571,45496379
ENSG00000182871,21,45440716,45440856
ENSG00000182871,21,45475475,45475535
ENSG00000182871,21,45487446,45487509
ENSG00000182871,21,45504010,45504054
ENSG00000182871,21,45480466,45480520
ENSG00000182871,21,45479901,45479964
ENSG00000182871,21,45419715,45421619
ENSG00000182871,21,45405141,45405241
ENSG00000182871,21,45505837,45505966
ENSG00000182871,21,45511529,45516140
ENSG00000182871,21,45502512,45502969
ENSG00000182871,21,45481962,45482025
ENSG00000182871,21,45482794,45482821
ENSG00000182871,21,45506575,45506608
ENSG00000182871,21,45478265,45478326
ENSG00000182871,21,45405165,45405241
ENSG00000182871,21,45507566,45507593
ENSG00000182871,21,45512187,45513717
ENSG00000182871,21,45512824,45512898
ENSG00000182871,21,45480699,45480858
ENSG00000182871,21,45498345,45498612
ENSG00000182871,21,45512187,45513719
ENSG00000182871,21,45423769,45425040
ENSG00000182871,21,45497598,45497661
ENSG00000182871,21,45405144,45405241
ENSG00000182871,21,45512564,45516134
ENSG00000182871,21,45507560,45507593
ENSG00000182871,21,45512187,45512263
ENSG00000182871,21,45493500,45493575
ENSG00000182871,21,45512187,45512565
ENSG00000182871,21,45455744,45456176
ENSG00000182871,21,45512187,45512583
ENSG00000182871,21,45490835,45490871
ENSG00000182871,21,45491224,45491314
ENSG00000182871,21,45494544,45494571
ENSG00000182871,21,45488417,45488444
ENSG00000182871,21,45497598,45497812
ENSG00000182871,21,45512187,45512567
ENSG00000182871,21,45455530,45456881
ENSG00000182871,21,45473894,45473981
ENSG00000182871,21,45505133,45505278
ENSG00000182871,21,45422411,45422661
ENSG00000182871,21,45498200,45498612
ENSG00000182871,21,45405164,45405241
ENSG00000182871,21,45405129,45405241
ENSG00000182871,21,45512547,45516140
ENSG00000182871,21,45512187,45512587
ENSG00000182871,21,45478326,45478353
ENSG00000182871,21,45450334,45450600
ENSG00000182871,21,45477410,45477487
ENSG00000182871,21,45512564,45516140
ENSG00000182871,21,45489654,45489723
ENSG00000182871,21,45512187,45513721
ENSG00000182871,21,45490844,45490871
ENSG00000182871,21,45489485,45489521
ENSG00000113742,5,173943025,173943049
ENSG00000113742,5,173951823,173951938
ENSG00000113742,5,173890665,173890858
ENSG00000113742,5,173955909,173961980
ENSG00000113742,5,173955909,173956235
ENSG00000113742,5,173911681,173912938
ENSG00000113742,5,173953090,173953272
ENSG00000113742,5,173955909,173956845
ENSG00000113742,5,173890673,173890858
ENSG00000113742,5,173955909,173956457
ENSG00000113742,5,173893050,173893183
ENSG00000113742,5,173953090,173953439
ENSG00000113742,5,173944966,173945092
ENSG00000113742,5,173918200,173918254
ENSG00000113742,5,173942883,173943049
ENSG00000113742,5,173949959,173950078
ENSG00000113742,5,173889339,173890858
ENSG00000113742,5,173910522,173910818
ENSG00000113742,5,173949507,173949597
ENSG00000113742,5,173955909,173956514
ENSG00000113742,5,173910522,173910604
ENSG00000113742,5,173955909,173960309
ENSG00000113742,5,173944966,173945140
ENSG00000113742,5,173891371,173891607
ENSG00000113742,5,173889530,173890858
ENSG00000113742,5,173918215,173918254
ENSG00000113742,5,173888348,173890858
ENSG00000113742,5,173932449,173932500
ENSG00000113742,5,173890676,173890858
ENSG00000113742,5,173893077,173893183
ENSG00000113742,5,173949879,173950078
ENSG00000103381,16,12803706,12803857
ENSG00000103381,16,12663486,12665115
ENSG00000103381,16,12752990,12753066
ENSG00000103381,16,12803706,12803887
ENSG00000103381,16,12663486,12665020
ENSG00000103381,16,12777094,12777272
ENSG00000103381,16,12803706,12803844
ENSG00000103381,16,12757488,12757835
ENSG00000103381,16,12751503,12751670
ENSG00000103381,16,12753825,12753915
ENSG00000103381,16,12753220,12753387
ENSG00000103381,16,12720320,12720371
ENSG00000103381,16,12745839,12745978
ENSG00000103381,16,12780973,12781403
ENSG00000103381,16,12745872,12745978
ENSG00000103381,16,12659798,12665115
ENSG00000103381,16,12704623,12705049
ENSG00000103381,16,12775925,12776319
ENSG00000103381,16,12760369,12761162
ENSG00000103381,16,12759281,12759415
ENSG00000103381,16,12781184,12781403
ENSG00000103381,16,12692626,12692671
ENSG00000103381,16,12803706,12803851
ENSG00000103381,16,12663495,12665115
ENSG00000160213,21,43775839,43776330
ENSG00000160213,21,43772520,43774759
ENSG00000160213,21,43774687,43774759
ENSG00000160213,21,43776203,43776345
ENSG00000160213,21,43773949,43774330
ENSG00000160213,21,43776203,43776579
ENSG00000160213,21,43776203,43776238
ENSG00000160213,21,43773665,43774330
ENSG00000160213,21,43776203,43776318
ENSG00000160213,21,43773946,43774330
ENSG00000160213,21,43772510,43774330
ENSG00000160213,21,43776203,43776308
ENSG00000160213,21,43774657,43774747
ENSG00000160213,21,43774657,43774759
ENSG00000164733,8,11868000,11868079
ENSG00000164733,8,11844325,11845243
ENSG00000164733,8,11855944,11856018
ENSG00000164733,8,11867253,11867375
ENSG00000164733,8,11864375,11864451
ENSG00000164733,8,11853328,11853710
ENSG00000164733,8,11844342,11845222
ENSG00000164733,8,11861360,11861479
ENSG00000164733,8,11848411,11848627
ENSG00000164733,8,11868000,11868118
ENSG00000164733,8,11856395,11856585
ENSG00000164733,8,11847051,11849164
ENSG00000164733,8,11846063,11846616
ENSG00000164733,8,11842559,11845222
ENSG00000164733,8,11868000,11868136
ENSG00000164733,8,11868000,11868145
ENSG00000164733,8,11853328,11853511
ENSG00000164733,8,11868000,11868090
ENSG00000164733,8,11862344,11862461
ENSG00000164733,8,11867253,11868088
ENSG00000164733,8,11843219,11845222
ENSG00000164733,8,11866156,11866201
ENSG00000164733,8,11844053,11845222
ENSG00000164733,8,11847051,11847168
ENSG00000164733,8,11865284,11865561
ENSG00000164733,8,11844040,11845222
ENSG00000164733,8,11844425,11845222
ENSG00000164733,8,11868646,11868735
ENSG00000164733,8,11868876,11868984
ENSG00000164733,8,11849045,11849578
ENSG00000164733,8,11844385,11845222
ENSG00000164733,8,11844134,11845222
ENSG00000164733,8,11868000,11868111
ENSG00000164733,8,11867969,11868087
ENSG00000164733,8,11848066,11848165
ENSG00000164733,8,11865463,11865584
ENSG00000164733,8,11848066,11849132
ENSG00000164733,8,11864375,11864483
ENSG00000164733,8,11864375,11865868
ENSG00000164733,8,11844319,11845222
ENSG00000164733,8,11854679,11854914
ENSG00000164733,8,11842996,11845222
ENSG00000164733,8,11855944,11856022
ENSG00000164733,8,11844317,11845789
ENSG00000164733,8,11844347,11845222
ENSG00000164733,8,11865627,11866247
ENSG00000164733,8,11868000,11868040
ENSG00000164733,8,11865627,11865664
ENSG00000164733,8,11868000,11868113
ENSG00000164733,8,11853328,11853479
ENSG00000164733,8,11844149,11845222
ENSG00000164733,8,11868000,11868122
ENSG00000164733,8,11868921,11869448
ENSG00000164733,8,11844325,11845222
ENSG00000164733,8,11857857,11859767
ENSG00000164733,8,11844019,11845222
ENSG00000164733,8,11846561,11846616
ENSG00000164733,8,11868000,11868076
ENSG00000164733,8,11862344,11862392
ENSG00000164733,8,11843158,11845222
ENSG00000164733,8,11861299,11861479
ENSG00000164733,8,11855632,11855703
ENSG00000164733,8,11867253,11867674
ENSG00000164733,8,11857857,11858064
ENSG00000164733,8,11843026,11845222
ENSG00000164733,8,11844311,11845222
ENSG00000164733,8,11849997,11850047
ENSG00000164733,8,11868000,11868051
ENSG00000164733,8,11849045,11849164
ENSG00000164733,8,11842830,11845222
ENSG00000164733,8,11844071,11845222
ENSG00000164733,8,11849045,11849228
ENSG00000164733,8,11868000,11868060
ENSG00000164733,8,11844749,11845222
ENSG00000164733,8,11844326,11845222
ENSG00000164733,8,11843930,11845222
ENSG00000164733,8,11861261,11861479
ENSG00000164733,8,11861382,11861479
ENSG00000164733,8,11842528,11845222
ENSG00000164733,8,11868670,11868739
ENSG00000164733,8,11867253,11868076
ENSG00000164733,8,11865463,11865844
ENSG00000164733,8,11844049,11845222
ENSG00000164733,8,11853328,11853819
ENSG00000164733,8,11844328,11845222
ENSG00000164733,8,11844339,11845222
ENSG00000164733,8,11844315,11845222
ENSG00000164733,8,11843243,11845222
ENSG00000164733,8,11845660,11845789
ENSG00000164733,8,11868000,11868108
ENSG00000164733,8,11866156,11868086
ENSG00000164733,8,11868000,11868126
ENSG00000164733,8,11867253,11867468
ENSG00000164733,8,11844317,11845222
ENSG00000164733,8,11844528,11845222
ENSG00000164733,8,11867253,11868087
ENSG00000164733,8,11844321,11845222
ENSG00000164733,8,11843181,11845222
ENSG00000164733,8,11868000,11868028
ENSG00000164733,8,11866734,11866961
ENSG00000164733,8,11857857,11857940
ENSG00000164733,8,11855872,11856018
ENSG00000164733,8,11861405,11861479
ENSG00000164733,8,11853661,11853710
ENSG00000164733,8,11843033,11845222
ENSG00000164733,8,11844318,11845222
ENSG00000164733,8,11854643,11854914
ENSG00000164733,8,11867969,11868052
ENSG00000164733,8,11868000,11868085
ENSG00000164733,8,11850614,11850980
ENSG00000164733,8,11868000,11868103
ENSG00000164733,8,11853328,11853469
ENSG00000164733,8,11854085,11854397
ENSG00000164733,8,11854711,11854914
ENSG00000164733,8,11868000,11868112
ENSG00000164733,8,11844335,11845222
ENSG00000164733,8,11844351,11845222
ENSG00000164733,8,11868670,11868727
ENSG00000164733,8,11850865,11851010
ENSG00000164733,8,11843009,11844241
ENSG00000164733,8,11864696,11864903
ENSG00000164733,8,11855632,11855821
ENSG00000164733,8,11868000,11868087
ENSG00000164733,8,11845081,11845222
ENSG00000164733,8,11844313,11845222
ENSG00000164733,8,11844324,11845222
ENSG00000164733,8,11844007,11845222
ENSG00000164733,8,11864344,11864463
ENSG00000164733,8,11853328,11853462
ENSG00000164733,8,11855872,11856022
ENSG00000164733,8,11866616,11866692
ENSG00000164733,8,11865463,11865560
ENSG00000164733,8,11868000,11868114
ENSG00000164733,8,11848411,11848507
ENSG00000164733,8,11867253,11868002
ENSG00000164733,8,11857857,11857965
ENSG00000164733,8,11844627,11845222
ENSG00000164733,8,11844748,11845222
ENSG00000164733,8,11844341,11845222
ENSG00000164733,8,11865627,11865750
ENSG00000164733,8,11844103,11845222
ENSG00000164733,8,11868000,11868089
ENSG00000164733,8,11844314,11845222
ENSG00000164733,8,11844752,11845222
ENSG00000164733,8,11868000,11868043
ENSG00000164733,8,11847116,11847168
ENSG00000164733,8,11848066,11848152
ENSG00000164733,8,11862344,11862478
ENSG00000164733,8,11868000,11868107
ENSG00000164733,8,11868670,11868713
ENSG00000164733,8,11860831,11860923
ENSG00000164733,8,11844316,11845222
ENSG00000164733,8,11844327,11845222
ENSG00000164733,8,11844371,11845222
ENSG00000164733,8,11854085,11854248
ENSG00000164733,8,11868000,11868073
ENSG00000164733,8,11868000,11868137
ENSG00000164733,8,11843133,11844241
ENSG00000164733,8,11868000,11868091
ENSG00000164733,8,11850865,11850980
ENSG00000164733,8,11868000,11868100
ENSG00000164733,8,11868000,11868109
ENSG00000164733,8,11864375,11864463
ENSG00000164733,8,11844331,11845222
ENSG00000164733,8,11844320,11845222
ENSG00000164733,8,11847678,11847822
ENSG00000164733,8,11866616,11866961
ENSG00000164733,8,11864696,11864836
ENSG00000164733,8,11843139,11844241
ENSG00000164733,8,11866156,11866247
ENSG00000164733,8,11865463,11865838
ENSG00000164733,8,11844357,11845222
ENSG00000164733,8,11856060,11856253
ENSG00000164733,8,11844361,11845222
ENSG00000164733,8,11849045,11849215
ENSG00000164733,8,11844372,11845222
ENSG00000164733,8,11867253,11867380
ENSG00000164733,8,11842959,11845222
ENSG00000164733,8,11845660,11845786
ENSG00000164733,8,11868876,11869533
ENSG00000164733,8,11853897,11853927
ENSG00000164733,8,11852609,11852695
ENSG00000164733,8,11842523,11845222
ENSG00000164733,8,11847678,11847815
ENSG00000164733,8,11867253,11867526
ENSG00000164733,8,11867969,11868090
ENSG00000164733,8,11866156,11866359
ENSG00000164733,8,11844323,11845222
ENSG00000164733,8,11865724,11865844
ENSG00000164733,8,11868000,11868086
ENSG00000164733,8,11864696,11864749
ENSG00000164733,8,11866156,11866215
ENSG00000164733,8,11867253,11867391
ENSG00000164733,8,11866616,11866883
ENSG00000164733,8,11844323,11845243
ENSG00000164733,8,11844312,11845222
ENSG00000164733,8,11864411,11864463
ENSG00000164733,8,11868000,11868116
ENSG00000164733,8,11868000,11868061
ENSG00000164733,8,11844340,11845222
ENSG00000164733,8,11843211,11845222
ENSG00000164733,8,11861405,11862223
ENSG00000109861,11,88337172,88337736
ENSG00000109861,11,88328111,88328196
ENSG00000109861,11,88337398,88337734
ENSG00000109861,11,88337500,88337730
ENSG00000109861,11,88296132,88296219
ENSG00000109861,11,88337863,88338056
ENSG00000109861,11,88312387,88312554
ENSG00000109861,11,88358873,88359012
ENSG00000109861,11,88309162,88309318
ENSG00000109861,11,88334936,88336472
ENSG00000109861,11,88326093,88326443
ENSG00000109861,11,88300562,88300645
ENSG00000109861,11,88337825,88338056
ENSG00000109861,11,88337377,88337734
ENSG00000109861,11,88337840,88338056
ENSG00000109861,11,88337500,88337780
ENSG00000109861,11,88337500,88337725
ENSG00000109861,11,88337842,88338056
ENSG00000109861,11,88338494,88338537
ENSG00000109861,11,88337546,88337740
ENSG00000109861,11,88337857,88338056
ENSG00000109861,11,88265068,88265226
ENSG00000109861,11,88358873,88359007
ENSG00000109861,11,88334936,88335082
ENSG00000109861,11,88337855,88338056
ENSG00000109861,11,88293592,88294508
ENSG00000109861,11,88293761,88294475
ENSG00000109861,11,88312449,88312554
ENSG00000109861,11,88337422,88337734
ENSG00000109861,11,88337851,88338061
ENSG00000109861,11,88337500,88337736
ENSG00000109861,11,88293596,88294508
ENSG00000109861,11,88337546,88337678
ENSG00000109861,11,88337426,88337734
ENSG00000109861,11,88337817,88338056
ENSG00000109861,11,88337707,88337723
ENSG00000109861,11,88295562,88296264
ENSG00000109861,11,88309162,88309306
ENSG00000109861,11,88337876,88338056
ENSG00000109861,11,88337887,88338056
ENSG00000109861,11,88337500,88337766
ENSG00000109861,11,88337500,88337720
ENSG00000109861,11,88296132,88296264
ENSG00000109861,11,88342959,88343058
ENSG00000109861,11,88337500,88337738
ENSG00000109861,11,88337838,88338056
ENSG00000109861,11,88337500,88337695
ENSG00000109861,11,88309162,88309363
ENSG00000109861,11,88337401,88337734
ENSG00000109861,11,88359252,88359679
ENSG00000109861,11,88337500,88337768
ENSG00000109861,11,88320810,88326443
ENSG00000109861,11,88337500,88337722
ENSG00000109861,11,88358873,88359679
ENSG00000109861,11,88293599,88294508
ENSG00000109861,11,88358873,88358995
ENSG00000109861,11,88328111,88335082
ENSG00000109861,11,88293594,88294508
ENSG00000109861,11,88337500,88337733
ENSG00000109861,11,88337883,88338056
ENSG00000109861,11,88290401,88290507
ENSG00000109861,11,88326021,88326443
ENSG00000109861,11,88326087,88326443
ENSG00000109861,11,88337885,88338056
ENSG00000109861,11,88337500,88337772
ENSG00000109861,11,88292493,88294508
ENSG00000109861,11,88296132,88300645
ENSG00000109861,11,88337500,88337726
ENSG00000109861,11,88337546,88337723
ENSG00000109861,11,88337843,88338056
ENSG00000109861,11,88337500,88337683
ENSG00000109861,11,88337858,88338056
ENSG00000109861,11,88299259,88300645
ENSG00000109861,11,88312426,88312554
ENSG00000109861,11,88337399,88337734
ENSG00000109861,11,88337864,88338056
ENSG00000109861,11,88337416,88337734
ENSG00000109861,11,88327243,88327358
ENSG00000109861,11,88355759,88355812
ENSG00000109861,11,88327928,88328016
ENSG00000109861,11,88337844,88338061
ENSG00000109861,11,88337850,88338056
ENSG00000109861,11,88330345,88330645
ENSG00000109861,11,88337865,88338056
ENSG00000109861,11,88293591,88294508
ENSG00000109861,11,88326085,88326399
ENSG00000109861,11,88326139,88326443
ENSG00000109861,11,88300529,88300645
ENSG00000109861,11,88312501,88312554
ENSG00000109861,11,88355531,88355812
ENSG00000109861,11,88326086,88326443
ENSG00000109861,11,88337707,88337749
ENSG00000109861,11,88337829,88338056
ENSG00000109861,11,88337818,88338056
ENSG00000109861,11,88315252,88316474
ENSG00000109861,11,88337500,88337737
ENSG00000109861,11,88337844,88338056
ENSG00000109861,11,88293942,88294508
ENSG00000109861,11,88359252,88359684
ENSG00000135047,9,87728584,87730498
ENSG00000135047,9,87731007,87731392
ENSG00000135047,9,87728584,87729085
ENSG00000135047,9,87727360,87727395
ENSG00000135047,9,87731007,87731465
ENSG00000135047,9,87727360,87727468
ENSG00000135047,9,87728584,87731348
ENSG00000135047,9,87726085,87726398
ENSG00000135047,9,87726121,87726308
ENSG00000135047,9,87731007,87731348
ENSG00000135047,9,87729572,87731308
ENSG00000135047,9,87726192,87726398
ENSG00000135047,9,87726856,87727729
ENSG00000135047,9,87726169,87726253
ENSG00000135047,9,87725734,87726249
ENSG00000135047,9,87731007,87731460
ENSG00000135047,9,87731007,87731469
ENSG00000135047,9,87730380,87730498
ENSG00000135047,9,87727957,87728149
ENSG00000135047,9,87728254,87728396
ENSG00000135047,9,87731007,87731261
ENSG00000135047,9,87731007,87731389
ENSG00000135047,9,87726091,87726253
ENSG00000135047,9,87727369,87727395
ENSG00000135047,9,87726222,87726398
ENSG00000135047,9,87725627,87725770
ENSG00000135047,9,87727602,87728149
ENSG00000135047,9,87728249,87728396
ENSG00000135047,9,87729572,87729735
ENSG00000135047,9,87726061,87726255
ENSG00000135047,9,87726104,87726253
ENSG00000135047,9,87726212,87727729
ENSG00000135047,9,87730380,87731348
ENSG00000135047,9,87725589,87725972
ENSG00000135047,9,87731007,87731327
ENSG00000135047,9,87731007,87731391
ENSG00000135047,9,87726185,87726308
ENSG00000135047,9,87728026,87728149
ENSG00000135047,9,87729576,87729735
ENSG00000135047,9,87728026,87728396
ENSG00000135047,9,87726121,87726253
ENSG00000135047,9,87725589,87725956
ENSG00000135047,9,87731007,87731320
ENSG00000135047,9,87731007,87731393
ENSG00000135047,9,87729572,87731353
ENSG00000135047,9,87731007,87731295
ENSG00000135047,9,87729572,87731127
ENSG00000135047,9,87731007,87731322
ENSG00000135047,9,87724050,87724244
ENSG00000135047,9,87731007,87731386
ENSG00000135047,9,87726165,87726398
ENSG00000135047,9,87729572,87731447
ENSG00000135047,9,87725711,87725837
ENSG00000135047,9,87729572,87730498
ENSG00000135047,9,87726169,87726398
ENSG00000135047,9,87726235,87726398
ENSG00000135047,9,87726181,87726308
ENSG00000135047,9,87726113,87726253
ENSG00000135047,9,87728033,87728149
ENSG00000135047,9,87726118,87726249
ENSG00000135047,9,87726117,87726253
ENSG00000135047,9,87726118,87726398
ENSG00000135047,9,87726154,87726253
ENSG00000135047,9,87730380,87731320
ENSG00000135047,9,87725589,87725999
ENSG00000135047,9,87729572,87731348
ENSG00000135047,9,87726212,87726398
ENSG00000135047,9,87731007,87731354
ENSG00000135047,9,87726182,87727468
ENSG00000135047,9,87725643,87726253
ENSG00000135047,9,87726097,87726249
ENSG00000135047,9,87729641,87729735
ENSG00000135047,9,87730398,87730498
ENSG00000135047,9,87728249,87728809
ENSG00000135047,9,87731007,87731466
ENSG00000135047,9,87727593,87727729
ENSG00000135047,9,87725550,87726308
ENSG00000135047,9,87728584,87729735
ENSG00000135047,9,87731007,87731157
ENSG00000135047,9,87726251,87727395
ENSG00000135047,9,87728026,87728809
ENSG00000135047,9,87726175,87727729
ENSG00000135047,9,87726071,87726253
ENSG00000135047,9,87726838,87728149
ENSG00000135047,9,87729572,87731364
ENSG00000135047,9,87729572,87731327
ENSG00000135047,9,87726181,87727729
ENSG00000135047,9,87726165,87726308
ENSG00000135047,9,87728584,87728809
ENSG00000135047,9,87731007,87731189
ENSG00000135047,9,87726460,87727729
ENSG00000135047,9,87726075,87727729
ENSG00000135047,9,87726792,87727729
ENSG00000135047,9,87731007,87731326
ENSG00000135047,9,87731007,87731390
ENSG00000135047,9,87731007,87731298
ENSG00000135047,9,87728026,87729179
ENSG00000135047,9,87728590,87728809
ENSG00000135047,9,87726118,87726308
ENSG00000135047,9,87726208,87726308
ENSG00000135047,9,87726118,87726253
ENSG00000135047,9,87726252,87726308
ENSG00000081041,4,74098798,74098937
ENSG00000081041,4,74099020,74099196
ENSG00000081041,4,74098530,74098922
ENSG00000081041,4,74098600,74098684
ENSG00000081041,4,74099020,74099195
ENSG00000081041,4,74098798,74098919
ENSG00000081041,4,74097039,74097771
ENSG00000081041,4,74099025,74099918
ENSG00000081041,4,74097047,74097771
ENSG00000081041,4,74098798,74098922
ENSG00000081041,4,74097060,74097771
ENSG00000081041,4,74098798,74099195
ENSG00000081041,4,74097675,74097771
ENSG00000163734,4,74038511,74038807
ENSG00000163734,4,74038289,74038689
ENSG00000163734,4,74037068,74038413
ENSG00000163734,4,74038511,74038650
ENSG00000163734,4,74038565,74038838
ENSG00000163734,4,74037655,74038176
ENSG00000163734,4,74038621,74038838
ENSG00000163734,4,74038092,74038176
ENSG00000163734,4,74036588,74037277
ENSG00000163734,4,74037131,74037277
ENSG00000163734,4,74038511,74038689
ENSG00000163734,4,74038289,74038413
ENSG00000065615,6,83941944,83942096
ENSG00000065615,6,83922437,83922470
ENSG00000065615,6,83918004,83918065
ENSG00000065615,6,83859711,83859857
ENSG00000065615,6,83959823,83960424
ENSG00000065615,6,83959823,83960427
ENSG00000065615,6,83917986,83918065
ENSG00000065615,6,83859662,83859857
ENSG00000065615,6,83936223,83936376
ENSG00000065615,6,83934594,83934735
ENSG00000065615,6,83929419,83929510
ENSG00000065615,6,83859675,83859857
ENSG00000065615,6,83909008,83909090
ENSG00000065615,6,83919396,83919454
ENSG00000065615,6,83914415,83914448
ENSG00000065615,6,83938835,83939183
ENSG00000065615,6,83940641,83940701
ENSG00000065615,6,83955297,83955375
ENSG00000065615,6,83959823,83961607
ENSG00000065615,6,83924469,83924592
ENSG00000065615,6,83859686,83859857
ENSG00000065615,6,83859655,83859857
ENSG00000065615,6,83859688,83859857
ENSG00000065615,6,83859666,83859857
ENSG00000065615,6,83940058,83940206
ENSG00000065615,6,83959823,83960179
ENSG00000065615,6,83959823,83960423
ENSG00000065615,6,83921081,83921175
ENSG00000065615,6,83859681,83859857
ENSG00000065615,6,83940139,83940206
ENSG00000065615,6,83940514,83940601
ENSG00000065615,6,83959823,83961304
ENSG00000065615,6,83910067,83910296
ENSG00000065615,6,83940055,83940206
ENSG00000065615,6,83864174,83864328
ENSG00000065615,6,83893521,83893622
ENSG00000065615,6,83959823,83960425
ENSG00000065615,6,83955297,83955462
ENSG00000065615,6,83859685,83859857
ENSG00000065615,6,83926268,83926331
ENSG00000065615,6,83859645,83859857
ENSG00000065615,6,83859656,83859857
ENSG00000065615,6,83959823,83967423
ENSG00000071967,2,171523078,171523312
ENSG00000071967,2,171554523,171554607
ENSG00000071967,2,171522473,171522738
ENSG00000071967,2,171553345,171553500
ENSG00000071967,2,171541584,171541772
ENSG00000071967,2,171539823,171539871
ENSG00000071967,2,171522510,171522738
ENSG00000071967,2,171554523,171555607
ENSG00000071967,2,171540807,171541128
ENSG00000071967,2,171541584,171541793
ENSG00000071967,2,171522347,171522738
ENSG00000071967,2,171554526,171558126
ENSG00000071967,2,171522472,171522738
ENSG00000071967,2,171550977,171551140
ENSG00000071967,2,171554523,171558129
ENSG00000071967,2,171522246,171522291
ENSG00000071967,2,171522476,171522738
ENSG00000071967,2,171522509,171522738
ENSG00000071967,2,171554523,171557646
ENSG00000108669,17,78707286,78707762
ENSG00000108669,17,78692416,78692493
ENSG00000108669,17,78782201,78782297
ENSG00000108669,17,78675655,78676169
ENSG00000108669,17,78736691,78736890
ENSG00000108669,17,78723395,78723564
ENSG00000108669,17,78673898,78674159
ENSG00000108669,17,78782201,78782272
ENSG00000108669,17,78727657,78727965
ENSG00000108669,17,78709350,78709732
ENSG00000108669,17,78674063,78676169
ENSG00000108669,17,78701671,78701751
ENSG00000108669,17,78700330,78700443
ENSG00000108669,17,78696006,78696009
ENSG00000108669,17,78702537,78702604
ENSG00000108669,17,78698819,78698968
ENSG00000108669,17,78723212,78723750
ENSG00000108669,17,78723892,78724046
ENSG00000108669,17,78698268,78698380
ENSG00000108669,17,78680189,78680344
ENSG00000108669,17,78714249,78714516
ENSG00000108669,17,78691265,78691979
ENSG00000108669,17,78674047,78675962
ENSG00000108669,17,78675819,78676169
ENSG00000108669,17,78675984,78676169
ENSG00000108669,17,78702121,78702240
ENSG00000108669,17,78674047,78676169
ENSG00000108669,17,78709649,78709732
ENSG00000108669,17,78782201,78782289
ENSG00000108669,17,78782201,78782298
ENSG00000108669,17,78723212,78723566
ENSG00000108669,17,78676118,78676169
ENSG00000108669,17,78680189,78680218
ENSG00000108669,17,78674048,78678471
ENSG00000108669,17,78676994,78677050
ENSG00000108669,17,78675847,78676169
ENSG00000108669,17,78700391,78700443
ENSG00000108669,17,78701670,78701751
ENSG00000108669,17,78680970,78681042
ENSG00000108669,17,78696693,78696797
ENSG00000108669,17,78782201,78782273
ENSG00000108669,17,78708196,78708261
ENSG00000108669,17,78736691,78736967
ENSG00000108669,17,78716928,78717025
ENSG00000108669,17,78680970,78681066
ENSG00000108669,17,78708911,78709732
ENSG00000196730,9,87651526,87651724
ENSG00000196730,9,87639437,87639483
ENSG00000196730,9,87681403,87681522
ENSG00000196730,9,87497866,87498107
ENSG00000196730,9,87639649,87639695
ENSG00000196730,9,87604953,87605175
ENSG00000196730,9,87698655,87698794
ENSG00000196730,9,87498697,87499139
ENSG00000196730,9,87668596,87668674
ENSG00000196730,9,87698408,87698794
ENSG00000196730,9,87645894,87646014
ENSG00000196730,9,87499005,87499139
ENSG00000196730,9,87497883,87498372
ENSG00000196730,9,87643375,87643468
ENSG00000196730,9,87497834,87498107
ENSG00000196730,9,87553894,87554459
ENSG00000196730,9,87706131,87708629
ENSG00000196730,9,87700116,87700217
ENSG00000196730,9,87658028,87658127
ENSG00000196730,9,87649920,87650118
ENSG00000196730,9,87706131,87708631
ENSG00000196730,9,87649920,87650511
ENSG00000196730,9,87640297,87640450
ENSG00000196730,9,87497680,87497772
ENSG00000196730,9,87637942,87638027
ENSG00000196730,9,87706131,87708633
ENSG00000196730,9,87668596,87668948
ENSG00000196730,9,87686550,87686739
ENSG00000196730,9,87706131,87708651
ENSG00000196730,9,87657415,87658127
ENSG00000196730,9,87697006,87697204
ENSG00000196730,9,87506819,87507002
ENSG00000196730,9,87498610,87498636
ENSG00000196730,9,87649920,87650479
ENSG00000196730,9,87497735,87498107
ENSG00000196730,9,87497911,87498107
ENSG00000196730,9,87639649,87639815
ENSG00000196730,9,87706131,87708644
ENSG00000196730,9,87497860,87498107
ENSG00000196730,9,87497699,87498107
ENSG00000196730,9,87667777,87668047
ENSG00000196730,9,87651526,87651590
ENSG00000196730,9,87681403,87681626
ENSG00000196730,9,87641968,87642058
ENSG00000196730,9,87648780,87648879
ENSG00000196730,9,87706131,87708628
ENSG00000196730,9,87639353,87639483
ENSG00000196730,9,87498720,87498830
ENSG00000196730,9,87498534,87498636
ENSG00000196730,9,87640801,87640847
ENSG00000196730,9,87525301,87525475
ENSG00000196730,9,87498734,87499139
ENSG00000196730,9,87706131,87708630
ENSG00000196730,9,87700116,87700237
ENSG00000196730,9,87706131,87707382
ENSG00000196730,9,87647304,87647403
ENSG00000196730,9,87497680,87498107
ENSG00000196730,9,87497867,87498107
ENSG00000196730,9,87497878,87498107
ENSG00000196730,9,87497872,87498295
ENSG00000196730,9,87497859,87498295
ENSG00000196730,9,87637942,87638081
ENSG00000196730,9,87706131,87708632
ENSG00000196730,9,87499004,87499139
ENSG00000196730,9,87668452,87668674
ENSG00000196730,9,87498969,87499352
ENSG00000196730,9,87706131,87708634
ENSG00000196730,9,87639649,87639698
ENSG00000196730,9,87706131,87709073
ENSG00000196730,9,87497227,87497302
ENSG00000196730,9,87497859,87498107
ENSG00000196730,9,87706131,87708627
ENSG00000196730,9,87497874,87498107
ENSG00000196730,9,87703028,87703217
ENSG00000196730,9,87497483,87497593
ENSG00000196730,9,87497715,87497772
ENSG00000196730,9,87646460,87646559
ENSG00000196730,9,87648574,87648879
ENSG00000196730,9,87498969,87499139
ENSG00000196730,9,87648585,87648879
ENSG00000196730,9,87639788,87639815
ENSG00000196730,9,87649989,87650118
ENSG00000196730,9,87640297,87640412
ENSG00000196730,9,87553453,87553590
ENSG00000113758,5,177457654,177457757
ENSG00000113758,5,177456607,177457503
ENSG00000113758,5,177467254,177467389
ENSG00000113758,5,177473435,177473624
ENSG00000113758,5,177460431,177460552
ENSG00000113758,5,177456609,177457503
ENSG00000113758,5,177468107,177468217
ENSG00000113758,5,177466771,177466835
ENSG00000113758,5,177460431,177460555
ENSG00000113758,5,177468107,177468220
ENSG00000113758,5,177474318,177474401
ENSG00000113758,5,177456915,177457503
ENSG00000113758,5,177456919,177457503
ENSG00000113758,5,177473435,177473648
ENSG00000113758,5,177459097,177459268
ENSG00000113758,5,177468843,177468899
ENSG00000113758,5,177467489,177467627
ENSG00000113758,5,177462231,177462413
ENSG00000113758,5,177473856,177473918
ENSG00000113758,5,177467480,177467627
ENSG00000113758,5,177468552,177468899
ENSG00000113758,5,177460643,177460703
ENSG00000113758,5,177473435,177473745
ENSG00000113758,5,177456606,177457503
ENSG00000113758,5,177457366,177458707
ENSG00000113758,5,177473435,177473522
ENSG00000113758,5,177473435,177473708
ENSG00000113758,5,177472775,177473198
ENSG00000113758,5,177467483,177467627
ENSG00000113758,5,177458057,177458707
ENSG00000113758,5,177472118,177472397
ENSG00000113758,5,177460431,177460642
ENSG00000113758,5,177457222,177457503
ENSG00000113758,5,177460649,177460703
ENSG00000113758,5,177473435,177473604
ENSG00000113758,5,177466910,177467059
ENSG00000113758,5,177456918,177457503
ENSG00000113758,5,177466910,177467062
ENSG00000113758,5,177473435,177473613
ENSG00000113758,5,177473435,177473671
ENSG00000113758,5,177473435,177473622
ENSG00000113758,5,177473435,177473741
ENSG00000113758,5,177467585,177467627
ENSG00000113758,5,177467254,177467332
ENSG00000113758,5,177473435,177473634
ENSG00000113758,5,177473435,177473753
ENSG00000113758,5,177467480,177467598
ENSG00000113758,5,177456612,177457503
ENSG00000113758,5,177456933,177457503
ENSG00000113758,5,177458296,177458707
ENSG00000113758,5,177473435,177473655
ENSG00000113758,5,177456926,177457503
ENSG00000113758,5,177466830,177467062
ENSG00000113758,5,177459602,177459740
ENSG00000113758,5,177467742,177467817
ENSG00000113758,5,177472775,177472870
ENSG00000113758,5,177467480,177467817
ENSG00000104325,8,90044848,90044995
ENSG00000104325,8,90036840,90036918
ENSG00000104325,8,90001487,90001561
ENSG00000104325,8,90018885,90018966
ENSG00000104325,8,90051837,90052779
ENSG00000104325,8,90020908,90020912
ENSG00000104325,8,90042727,90042800
ENSG00000104325,8,90051837,90052004
ENSG00000104325,8,90036840,90036881
ENSG00000104325,8,90001445,90001561
ENSG00000104325,8,90042727,90042748
ENSG00000104325,8,90017123,90017326
ENSG00000104325,8,90051676,90051739
ENSG00000104325,8,90051837,90053633
ENSG00000104325,8,90017202,90017326
ENSG00000104325,8,90036840,90037021
ENSG00000104325,8,90001475,90001561
ENSG00000104325,8,90051837,90052092
ENSG00000104325,8,90044848,90044985
ENSG00000104325,8,90006035,90006233
ENSG00000104325,8,90030495,90030525
ENSG00000104325,8,90042738,90042800
ENSG00000104325,8,90042478,90042800
ENSG00000104325,8,90036843,90036940
ENSG00000104325,8,90001462,90001561
ENSG00000104325,8,90005447,90005845
ENSG00000104325,8,90001453,90001561
ENSG00000104325,8,90017301,90017326
ENSG00000104325,8,90001464,90001561
ENSG00000104325,8,90001477,90001561
ENSG00000104325,8,90016733,90017326
ENSG00000104325,8,90018563,90018966
ENSG00000104325,8,90001404,90001561
ENSG00000104325,8,90005291,90005369
ENSG00000104325,8,90015540,90015666
ENSG00000104325,8,90051837,90051847
ENSG00000104325,8,90001457,90001561
ENSG00000104325,8,90051837,90051972
ENSG00000104325,8,90001479,90001561
ENSG00000104325,8,90001369,90001561
ENSG00000104325,8,90017296,90017326
ENSG00000104325,8,90051837,90051920
ENSG00000104325,8,90003111,90003228
ENSG00000104325,8,90001329,90001561
ENSG00000104325,8,90019085,90019172
ENSG00000104325,8,90018908,90018966
ENSG00000104325,8,90051837,90051996
ENSG00000104325,8,90051837,90052002
ENSG00000104325,8,90036840,90036940
ENSG00000104325,8,90005447,90005731
ENSG00000104325,8,90036840,90036885
ENSG00000104325,8,90029283,90029464
ENSG00000104325,8,90051837,90051999
ENSG00000104325,8,90036840,90036879
ENSG00000104325,8,90051837,90051950
ENSG00000104325,8,90018912,90018966
ENSG00000104325,8,90006035,90006277
ENSG00000104325,8,90018815,90018966
ENSG00000104325,8,90001516,90001561
ENSG00000104325,8,90042732,90042800
ENSG00000104325,8,90001452,90001561
ENSG00000104325,8,90020908,90021056
ENSG00000104325,8,90030454,90030525
ENSG00000104325,8,90001474,90001561
ENSG00000104325,8,90036846,90036940
ENSG00000104325,8,90001476,90001561
ENSG00000104325,8,90017131,90017169
ENSG00000104325,8,90001467,90001561
ENSG00000104325,8,90045031,90045086
ENSG00000104325,8,90002222,90002440
ENSG00000170456,12,31384783,31387786
ENSG00000170456,12,31392613,31392696
ENSG00000170456,12,31384955,31387786
ENSG00000170456,12,31392266,31392393
ENSG00000170456,12,31399653,31399772
ENSG00000170456,12,31433154,31433248
ENSG00000170456,12,31506302,31506404
ENSG00000170456,12,31398174,31398362
ENSG00000170456,12,31389323,31389498
ENSG00000170456,12,31432042,31432153
ENSG00000170456,12,31442774,31442925
ENSG00000170456,12,31589922,31590119
ENSG00000170456,12,31382225,31387786
ENSG00000170456,12,31590705,31591135
ENSG00000170456,12,31460193,31460381
ENSG00000170456,12,31495809,31495919
ENSG00000170456,12,31480128,31480255
ENSG00000170456,12,31424568,31424687
ENSG00000170456,12,31396389,31396501
ENSG00000170456,12,31465061,31465842
ENSG00000170456,12,31382227,31387786
ENSG00000170456,12,31413435,31413564
ENSG00000170456,12,31447537,31447769
ENSG00000170456,12,31451939,31452476
ENSG00000170456,12,31426292,31426751
ENSG00000170456,12,31432374,31433248
ENSG00000170456,12,31477505,31477987
ENSG00000170456,12,31480119,31480255
ENSG00000170456,12,31384782,31387786
ENSG00000170456,12,31451701,31452476
ENSG00000170456,12,31590705,31591012
ENSG00000170456,12,31590705,31591018
ENSG00000170456,12,31415366,31415448
ENSG00000170456,12,31423596,31423675
ENSG00000170456,12,31589919,31590119
ENSG00000170456,12,31409262,31409384
ENSG00000170456,12,31426292,31426424
ENSG00000170456,12,31590705,31591143
ENSG00000170456,12,31387392,31387786
ENSG00000170456,12,31424534,31424687
ENSG00000170456,12,31384762,31387786
ENSG00000170456,12,31385706,31387786
ENSG00000170456,12,31443791,31444208
ENSG00000170456,12,31500392,31500652
ENSG00000170456,12,31460238,31460381
ENSG00000170456,12,31590705,31591161
ENSG00000170456,12,31590705,31591170
ENSG00000170456,12,31479588,31480255
ENSG00000170456,12,31402497,31402643
ENSG00000170456,12,31590705,31590999
ENSG00000170456,12,31590705,31591054
ENSG00000170456,12,31540919,31541031
ENSG00000170456,12,31499605,31499671
ENSG00000170456,12,31382226,31387786
ENSG00000170456,12,31590385,31590442
ENSG00000170456,12,31495809,31495902
ENSG00000170456,12,31590705,31591136
ENSG00000170456,12,31534714,31535247
ENSG00000170456,12,31589929,31590119
ENSG00000170456,12,31589962,31590119
ENSG00000070413,22,19122127,19122384
ENSG00000070413,22,19121807,19121952
ENSG00000070413,22,19122127,19122454
ENSG00000070413,22,19048439,19048643
ENSG00000070413,22,19041057,19041294
ENSG00000070413,22,19036288,19039121
ENSG00000070413,22,19041057,19041959
ENSG00000070413,22,19122127,19122405
ENSG00000070413,22,19037901,19039121
ENSG00000070413,22,19061040,19061843
ENSG00000070413,22,19056993,19057162
ENSG00000070413,22,19036279,19039121
ENSG00000070413,22,19041057,19041303
ENSG00000070413,22,19068099,19068222
ENSG00000070413,22,19121463,19121952
ENSG00000070413,22,19036281,19039121
ENSG00000070413,22,19036290,19039121
ENSG00000070413,22,19122127,19122411
ENSG00000070413,22,19122127,19122432
ENSG00000070413,22,19063201,19063277
ENSG00000070413,22,19122127,19122444
ENSG00000070413,22,19122127,19122441
ENSG00000070413,22,19041078,19041294
ENSG00000070413,22,19036285,19039121
ENSG00000070413,22,19122127,19122453
ENSG00000070413,22,19122127,19122404
ENSG00000070413,22,19122127,19122401
ENSG00000070413,22,19122127,19122407
ENSG00000070413,22,19089367,19089490
ENSG00000070413,22,19045255,19045367
ENSG00000070413,22,19055800,19056023
ENSG00000070413,22,19121817,19121952
ENSG00000070413,22,19056985,19057053
ENSG00000070413,22,19036287,19039121
ENSG00000070413,22,19122127,19122431
ENSG00000070413,22,19036289,19039121
ENSG00000070413,22,19065755,19065904
ENSG00000070413,22,19122127,19122434
ENSG00000070413,22,19064847,19065058
ENSG00000070413,22,19071499,19071619
ENSG00000070413,22,19056332,19056512
ENSG00000070413,22,19041806,19041959
ENSG00000070413,22,19056994,19057162
ENSG00000070413,22,19064847,19065067
ENSG00000070413,22,19122127,19122449
ENSG00000070413,22,19071499,19071631
ENSG00000070413,22,19036291,19039121
ENSG00000070413,22,19122127,19122397
ENSG00000070413,22,19037836,19039121
ENSG00000070413,22,19122127,19122461
ENSG00000070413,22,19122127,19122394
ENSG00000070413,22,19122127,19122406
ENSG00000070413,22,19048378,19048643
ENSG00000070413,22,19121528,19121952
ENSG00000070413,22,19122127,19122412
ENSG00000070413,22,19122127,19122418
ENSG00000070413,22,19056985,19057162
ENSG00000070413,22,19121530,19121952
ENSG00000070413,22,19121552,19121952
ENSG00000070413,22,19122127,19122415
ENSG00000070413,22,19041057,19041300
ENSG00000070413,22,19122127,19122232
ENSG00000070413,22,19122127,19122424
ENSG00000070413,22,19063201,19063278
ENSG00000070413,22,19122127,19122427
ENSG00000070413,22,19068099,19068225
ENSG00000070413,22,19046161,19048375
ENSG00000070413,22,19060565,19060955
ENSG00000070413,22,19056985,19057186
ENSG00000197587,1,46489835,46489877
ENSG00000197587,1,46510475,46510654
ENSG00000197587,1,46489821,46489877
ENSG00000197587,1,46510934,46511283
ENSG00000197587,1,46506998,46507164
ENSG00000197587,1,46512042,46516216
ENSG00000197587,1,46490643,46490783
ENSG00000197587,1,46489828,46490783
ENSG00000197587,1,46512042,46516218
ENSG00000161249,19,35510183,35510510
ENSG00000161249,19,35497468,35497538
ENSG00000161249,19,35510183,35510211
ENSG00000161249,19,35501822,35501878
ENSG00000161249,19,35510370,35510439
ENSG00000161249,19,35508204,35508240
ENSG00000161249,19,35505938,35506072
ENSG00000161249,19,35498597,35499148
ENSG00000161249,19,35509913,35510252
ENSG00000161249,19,35510378,35510452
ENSG00000161249,19,35510378,35510470
ENSG00000161249,19,35510482,35510509
ENSG00000161249,19,35510183,35510231
ENSG00000161249,19,35510183,35510469
ENSG00000161249,19,35497337,35497538
ENSG00000161249,19,35499957,35500429
ENSG00000161249,19,35506509,35506665
ENSG00000161249,19,35511410,35511593
ENSG00000161249,19,35497447,35497538
ENSG00000161249,19,35497220,35497538
ENSG00000161249,19,35510378,35510436
ENSG00000161249,19,35499957,35500029
ENSG00000161249,19,35497222,35497538
ENSG00000161249,19,35510183,35510398
ENSG00000161249,19,35512420,35512477
ENSG00000161249,19,35500457,35500580
ENSG00000161249,19,35500206,35500580
ENSG00000161249,19,35498873,35499282
ENSG00000161249,19,35497477,35497538
ENSG00000161249,19,35513049,35513649
ENSG00000161249,19,35497305,35497538
ENSG00000161249,19,35502829,35502838
ENSG00000161249,19,35513049,35513658
ENSG00000161249,19,35510370,35510418
ENSG00000161249,19,35499957,35500580
ENSG00000161249,19,35510370,35510427
ENSG00000161249,19,35498873,35499138
ENSG00000161249,19,35510183,35510427
ENSG00000161249,19,35510370,35510457
ENSG00000161249,19,35502829,35502886
ENSG00000161249,19,35505717,35505765
ENSG00000161249,19,35510183,35510384
ENSG00000161249,19,35510370,35510475
ENSG00000161249,19,35503419,35503447
ENSG00000161249,19,35499898,35500029
ENSG00000161249,19,35499964,35500029
ENSG00000161249,19,35498597,35498763
ENSG00000161249,19,35497491,35497538
ENSG00000161249,19,35501800,35501892
ENSG00000161249,19,35497284,35497538
ENSG00000161249,19,35506478,35506665
ENSG00000161249,19,35502829,35502879
ENSG00000161249,19,35510378,35510442
ENSG00000161249,19,35510370,35510459
ENSG00000161249,19,35510183,35510249
ENSG00000161249,19,35503330,35503447
ENSG00000161249,19,35513049,35513482
ENSG00000161249,19,35500532,35500580
ENSG00000161249,19,35499928,35500029
ENSG00000161249,19,35510378,35510435
ENSG00000161249,19,35503303,35503447
ENSG00000161249,19,35510378,35510508
ENSG00000161249,19,35498246,35498763
ENSG00000161249,19,35510370,35510470
ENSG00000161249,19,35502135,35502183
ENSG00000161249,19,35498501,35498763
ENSG00000161249,19,35497219,35497538
ENSG00000161249,19,35509518,35509961
ENSG00000161249,19,35513049,35513475
ENSG00000161249,19,35500267,35500580
ENSG00000161249,19,35500377,35500580
ENSG00000161249,19,35503305,35503447
ENSG00000161249,19,35497498,35497538
ENSG00000161249,19,35501822,35501911
ENSG00000161249,19,35500084,35500580
ENSG00000161249,19,35510378,35510510
ENSG00000161249,19,35506125,35506185
ENSG00000161249,19,35499973,35500029
ENSG00000161249,19,35498716,35498763
ENSG00000161249,19,35505938,35505986
ENSG00000161249,19,35498355,35498763
ENSG00000161249,19,35511762,35511813
ENSG00000161249,19,35497646,35497933
ENSG00000161249,19,35510378,35510439
ENSG00000161249,19,35507457,35507511
ENSG00000161249,19,35505938,35508557
ENSG00000161249,19,35497310,35497538
ENSG00000161249,19,35510370,35510431
ENSG00000161249,19,35510378,35510423
ENSG00000161249,19,35497336,35497538
ENSG00000161249,19,35513049,35513689
ENSG00000161249,19,35510183,35510440
ENSG00000161249,19,35513049,35513481
ENSG00000161249,19,35497470,35497538
ENSG00000161249,19,35498873,35498897
ENSG00000161249,19,35500280,35500580
ENSG00000161249,19,35497646,35497681
ENSG00000161249,19,35510378,35510425
ENSG00000161249,19,35510370,35510442
ENSG00000161249,19,35497221,35497538
ENSG00000161249,19,35512589,35512790
ENSG00000161249,19,35510370,35510435
ENSG00000161249,19,35497489,35497538
ENSG00000161249,19,35500537,35500580
ENSG00000161249,19,35513049,35513693
ENSG00000161249,19,35510183,35510252
ENSG00000161249,19,35510183,35510389
ENSG00000161249,19,35505938,35506049
ENSG00000161249,19,35510370,35510428
ENSG00000161249,19,35500444,35500580
ENSG00000161249,19,35498715,35499282
ENSG00000161249,19,35510183,35510410
ENSG00000161249,19,35510370,35510446
ENSG00000161249,19,35509910,35509961
ENSG00000161249,19,35500377,35500419
ENSG00000161249,19,35503431,35503447
ENSG00000161249,19,35498715,35498763
ENSG00000161249,19,35503314,35503447
ENSG00000132002,19,14529310,14529803
ENSG00000132002,19,14529209,14529308
ENSG00000132002,19,14515777,14516170
ENSG00000132002,19,14560030,14560391
ENSG00000132002,19,14529209,14529292
ENSG00000132002,19,14545723,14545888
ENSG00000132002,19,14529310,14529341
ENSG00000132002,19,14529221,14529284
ENSG00000132002,19,14529635,14529711
ENSG00000132002,19,14514775,14516170
ENSG00000132002,19,14545113,14545180
ENSG00000132002,19,14517590,14517835
ENSG00000132002,19,14529597,14529711
ENSG00000132002,19,14550207,14550343
ENSG00000132002,19,14518597,14519728
ENSG00000132002,19,14518138,14518268
ENSG00000132002,19,14529599,14529711
ENSG00000132002,19,14529559,14529711
ENSG00000132002,19,14529542,14529640
ENSG00000132002,19,14513788,14516170
ENSG00000132002,19,14526122,14526198
ENSG00000132002,19,14529629,14529711
ENSG00000132002,19,14545116,14545180
ENSG00000132002,19,14529221,14529300
ENSG00000132002,19,14529209,14529280
ENSG00000132002,19,14529124,14529193
ENSG00000132002,19,14545758,14545888
ENSG00000132002,19,14529578,14529711
ENSG00000132002,19,14517084,14517384
ENSG00000132002,19,14529593,14529711
ENSG00000132002,19,14529209,14529273
ENSG00000132002,19,14529124,14529195
ENSG00000132002,19,14529696,14529711
ENSG00000132002,19,14550382,14550512
ENSG00000132002,19,14526180,14526612
ENSG00000132002,19,14529623,14529711
ENSG00000132002,19,14515648,14516170
ENSG00000132002,19,14536664,14536694
ENSG00000132002,19,14527686,14527810
ENSG00000132002,19,14533932,14534046
ENSG00000132002,19,14514961,14516170
ENSG00000132002,19,14516465,14517700
ENSG00000132002,19,14529640,14529711
ENSG00000132002,19,14514780,14516170
ENSG00000132002,19,14514835,14516170
ENSG00000132002,19,14527725,14527810
ENSG00000132002,19,14518138,14518407
ENSG00000132002,19,14514782,14516170
ENSG00000132002,19,14527357,14527810
ENSG00000132002,19,14552457,14554318
ENSG00000132002,19,14529591,14529711
ENSG00000132002,19,14560030,14560262
ENSG00000132002,19,14516465,14517046
ENSG00000132002,19,14529221,14529308
ENSG00000132002,19,14529629,14532528
ENSG00000132002,19,14529564,14529711
ENSG00000132002,19,14514781,14517046
ENSG00000132002,19,14529579,14529711
ENSG00000132002,19,14526174,14526612
ENSG00000132002,19,14529221,14529292
ENSG00000132002,19,14529221,14529301
ENSG00000132002,19,14525366,14526612
ENSG00000132002,19,14529581,14529711
ENSG00000132002,19,14529594,14529711
ENSG00000132002,19,14529609,14529711
ENSG00000132002,19,14529598,14529711
ENSG00000132002,19,14529209,14529249
ENSG00000132002,19,14529209,14529322
ENSG00000132002,19,14553136,14553337
ENSG00000132002,19,14518138,14518397
ENSG00000132002,19,14529209,14529251
ENSG00000132002,19,14514768,14516170
ENSG00000132002,19,14529577,14529711
ENSG00000132002,19,14529310,14529346
ENSG00000132002,19,14517478,14517569
ENSG00000132002,19,14527583,14527810
ENSG00000132002,19,14514781,14516170
ENSG00000132002,19,14529656,14529711
ENSG00000136048,12,101877579,101877920
ENSG00000136048,12,101890087,101890221
ENSG00000136048,12,101920108,101920201
ENSG00000136048,12,101963900,101964340
ENSG00000136048,12,101914173,101914232
ENSG00000136048,12,101921215,101923612
ENSG00000136048,12,101877350,101877920
ENSG00000136048,12,101921215,101923621
ENSG00000136048,12,101877594,101877920
ENSG00000136048,12,101898049,101898163
ENSG00000136048,12,101877682,101877920
ENSG00000136048,12,101914208,101914232
ENSG00000136048,12,101908313,101908363
ENSG00000136048,12,101923409,101923465
ENSG00000136048,12,101908185,101908327
ENSG00000136048,12,101936215,101936674
ENSG00000136048,12,101897893,101897930
ENSG00000136048,12,101921215,101921567
ENSG00000136048,12,101961029,101961122
ENSG00000136048,12,101877796,101877920
ENSG00000136048,12,101964151,101964467
ENSG00000136048,12,101957212,101957401
ENSG00000136048,12,101924355,101924719
ENSG00000136048,12,101921215,101921814
ENSG00000136048,12,101921215,101923623
ENSG00000136048,12,101908185,101908363
ENSG00000136048,12,101962249,101962390
ENSG00000136048,12,101964619,101964764
ENSG00000136048,12,101877690,101877920
ENSG00000136048,12,102011768,102013192
ENSG00000136048,12,101897862,101897930
ENSG00000136048,12,101921215,101921542
ENSG00000136048,12,102011812,102012130
ENSG00000136048,12,101962249,101962414
ENSG00000136048,12,101901290,101901552
ENSG00000136048,12,101921215,101922701
ENSG00000136048,12,101877076,101877492
ENSG00000136048,12,101877456,101877920
ENSG00000136048,12,101901290,101901433
ENSG00000136048,12,101877313,101877920
ENSG00000136048,12,101921215,101923610
ENSG00000136048,12,101923755,101923899
ENSG00000136048,12,101954991,101955890
ENSG00000136048,12,101920018,101920201
ENSG00000136048,12,101955158,101955890
ENSG00000136048,12,101877575,101877920
ENSG00000136048,12,101954997,101955890
ENSG00000120129,5,172766991,172768044
ENSG00000120129,5,172770585,172771195
ENSG00000120129,5,172768095,172769132
ENSG00000120129,5,172769574,172769794
ENSG00000120129,5,172766993,172767494
ENSG00000120129,5,172767954,172768097
ENSG00000120129,5,172768089,172769132
ENSG00000120129,5,172770160,172770306
ENSG00000120129,5,172768748,172769132
ENSG00000120129,5,172770160,172770303
ENSG00000120129,5,172770585,172771198
ENSG00000158716,1,159782152,159782541
ENSG00000158716,1,159780961,159781367
ENSG00000158716,1,159781004,159781409
ENSG00000158716,1,159781098,159781367
ENSG00000158716,1,159780995,159781367
ENSG00000158716,1,159780931,159781000
ENSG00000158716,1,159780959,159780993
ENSG00000158716,1,159782221,159782539
ENSG00000158716,1,159782152,159782543
ENSG00000147155,X,48528233,48528713
ENSG00000147155,X,48528233,48528710
ENSG00000147155,X,48528233,48528716
ENSG00000147155,X,48522291,48522522
ENSG00000147155,X,48521828,48521907
ENSG00000147155,X,48521804,48521907
ENSG00000147155,X,48521839,48521907
ENSG00000147155,X,48521938,48522111
ENSG00000147155,X,48521806,48521907
ENSG00000147155,X,48522192,48522522
ENSG00000147155,X,48528269,48528714
ENSG00000147155,X,48522144,48522252
ENSG00000147155,X,48524479,48524806
ENSG00000147155,X,48521823,48521907
ENSG00000147155,X,48527154,48527285
ENSG00000147155,X,48521803,48521907
ENSG00000147155,X,48521805,48521907
ENSG00000147155,X,48528233,48528715
ENSG00000147155,X,48528233,48528245
ENSG00000147155,X,48521932,48522192
ENSG00000147155,X,48521807,48521907
ENSG00000147155,X,48522084,48522252
ENSG00000147155,X,48528269,48528716
ENSG00000147155,X,48521798,48521907
ENSG00000147155,X,48526848,48527025
ENSG00000147155,X,48521855,48521907
ENSG00000147155,X,48528233,48528714
ENSG00000147155,X,48522192,48522252
ENSG00000147155,X,48523698,48524072
ENSG00000147155,X,48521468,48521684
ENSG00000147155,X,48521951,48522192
ENSG00000147155,X,48521901,48522252
ENSG00000147155,X,48521088,48521118
ENSG00000147155,X,48528233,48528439
ENSG00000147155,X,48527154,48527671
ENSG00000147155,X,48521868,48521907
ENSG00000147155,X,48523753,48524072
ENSG00000147155,X,48527154,48527253
ENSG00000147155,X,48526988,48527025
ENSG00000147155,X,48523922,48524072
ENSG00000147155,X,48523352,48524072
ENSG00000147155,X,48522144,48522192
ENSG00000120738,5,138465478,138466068
ENSG00000120738,5,138466756,138469303
ENSG00000163435,1,202010624,202010706
ENSG00000163435,1,202012444,202012759
ENSG00000163435,1,202008107,202008279
ENSG00000163435,1,202010586,202010706
ENSG00000163435,1,202015208,202017183
ENSG00000163435,1,202012946,202013036
ENSG00000163435,1,202014885,202015657
ENSG00000163435,1,202011956,202012178
ENSG00000163435,1,202007944,202011299
ENSG00000163435,1,202015208,202015794
ENSG00000163435,1,202008107,202008333
ENSG00000163435,1,202013181,202013268
ENSG00000163435,1,202011128,202011293
ENSG00000163435,1,202011128,202011299
ENSG00000163435,1,202011956,202012571
ENSG00000163435,1,202010643,202010706
ENSG00000163435,1,202009799,202010463
ENSG00000163435,1,202012639,202012759
ENSG00000163435,1,202013181,202013298
ENSG00000163435,1,202011128,202011808
ENSG00000163435,1,202013828,202014024
ENSG00000163435,1,202012856,202012995
ENSG00000163435,1,202011369,202011584
ENSG00000163435,1,202013181,202013197
ENSG00000163435,1,202011956,202012436
ENSG00000163435,1,202012343,202012436
ENSG00000163435,1,202010586,202010820
ENSG00000163435,1,202012568,202012759
ENSG00000163435,1,202010598,202010706
ENSG00000163435,1,202013181,202013276
ENSG00000163435,1,202013777,202014024
ENSG00000163435,1,202010593,202010706
ENSG00000163435,1,202015208,202016009
ENSG00000126767,X,47650422,47650568
ENSG00000126767,X,47637012,47637052
ENSG00000126767,X,47635522,47636927
ENSG00000126767,X,47650422,47650586
ENSG00000126767,X,47650422,47650604
ENSG00000126767,X,47639278,47639338
ENSG00000126767,X,47650422,47650488
ENSG00000126767,X,47641231,47641503
ENSG00000126767,X,47641300,47642350
ENSG00000126767,X,47650422,47650561
ENSG00000126767,X,47637750,47638182
ENSG00000126767,X,47635519,47636927
ENSG00000126767,X,47637750,47637999
ENSG00000126767,X,47641231,47641475
ENSG00000126767,X,47637750,47638374
ENSG00000126767,X,47649920,47650161
ENSG00000126767,X,47647715,47647790
ENSG00000126767,X,47650422,47650591
ENSG00000126767,X,47648886,47649367
ENSG00000126767,X,47635521,47636927
ENSG00000126767,X,47650422,47650548
ENSG00000126767,X,47635523,47636927
ENSG00000126767,X,47650422,47650551
ENSG00000126767,X,47650422,47650554
ENSG00000126767,X,47650422,47650563
ENSG00000126767,X,47638894,47639338
ENSG00000126767,X,47635527,47636927
ENSG00000126767,X,47649920,47650026
ENSG00000126767,X,47637012,47637114
ENSG00000126767,X,47650422,47650584
ENSG00000126767,X,47636810,47636927
ENSG00000126767,X,47649920,47650044
ENSG00000126767,X,47635520,47636927
ENSG00000126767,X,47631826,47632459
ENSG00000126767,X,47631620,47636927
ENSG00000170522,4,110198089,110198402
ENSG00000170522,4,110045845,110051762
ENSG00000170522,4,110051299,110051762
ENSG00000170522,4,110146373,110146703
ENSG00000170522,4,110198246,110198367
ENSG00000170522,4,110117735,110118070
ENSG00000170522,4,110197685,110197918
ENSG00000170522,4,110198246,110198550
ENSG00000170522,4,110197125,110197361
ENSG00000170522,4,110105496,110105628
ENSG00000170522,4,110198089,110198401
ENSG00000170522,4,110059602,110060039
ENSG00000170522,4,110199099,110199179
ENSG00000170522,4,110198841,110199009
ENSG00000170522,4,110093105,110093134
ENSG00000170522,4,110199099,110199173
ENSG00000170522,4,110147007,110147248
ENSG00000170522,4,110059649,110059754
ENSG00000170522,4,110198521,110198653
ENSG00000170522,4,110197657,110198402
ENSG00000170522,4,110199137,110199184
ENSG00000170522,4,110051725,110051762
ENSG00000170522,4,110198246,110198366
ENSG00000170522,4,110049387,110051762
ENSG00000170522,4,110059644,110059754
ENSG00000170522,4,110059602,110059754
ENSG00000170522,4,110197890,110197974
ENSG00000170522,4,110051669,110051762
ENSG00000170522,4,110199099,110199199
ENSG00000170522,4,110051693,110051762
ENSG00000170522,4,110049380,110051762
ENSG00000170522,4,110198246,110198615
ENSG00000170522,4,110198693,110198746
ENSG00000135638,2,72933786,72934891
ENSG00000135638,2,72933786,72934364
ENSG00000135638,2,72924308,72924493
ENSG00000135638,2,72933786,72934328
ENSG00000135638,2,72923987,72924493
ENSG00000135638,2,72934039,72934355
ENSG00000135638,2,72917518,72918372
ENSG00000135638,2,72918180,72918372
ENSG00000135638,2,72925438,72925541
ENSG00000135638,2,72923413,72923721
ENSG00000135638,2,72933171,72936071
ENSG00000135638,2,72917842,72918372
ENSG00000135638,2,72933786,72934239
ENSG00000135638,2,72916259,72917060
ENSG00000135638,2,72932973,72933130
ENSG00000135638,2,72933792,72934347
ENSG00000163064,2,118843923,118844352
ENSG00000163064,2,118842170,118843254
ENSG00000163064,2,118846305,118847648
ENSG00000163064,2,118843234,118843254
ENSG00000171617,5,74640306,74641424
ENSG00000171617,5,74640306,74641247
ENSG00000171617,5,74637490,74637618
ENSG00000171617,5,74640306,74640542
ENSG00000171617,5,74632132,74632262
ENSG00000171617,5,74634683,74636362
ENSG00000171617,5,74637564,74637701
ENSG00000171617,5,74640306,74640728
ENSG00000171617,5,74631757,74631802
ENSG00000171617,5,74640374,74640726
ENSG00000171617,5,74640306,74640557
ENSG00000171617,5,74638359,74638533
ENSG00000171617,5,74629931,74629992
ENSG00000171617,5,74636473,74636498
ENSG00000171617,5,74640236,74640312
ENSG00000171617,5,74634388,74636498
ENSG00000171617,5,74627408,74629992
ENSG00000171617,5,74637493,74637701
ENSG00000171617,5,74636336,74636498
ENSG00000171617,5,74634683,74636498
ENSG00000171617,5,74629919,74629992
ENSG00000171617,5,74627430,74629992
ENSG00000171617,5,74638359,74638596
ENSG00000171617,5,74637493,74637618
ENSG00000171617,5,74637486,74637618
ENSG00000171617,5,74634683,74640726
ENSG00000171617,5,74629551,74629992
ENSG00000171617,5,74640306,74640726
ENSG00000171617,5,74640022,74640558
ENSG00000171617,5,74627405,74629992
ENSG00000171617,5,74637493,74640125
ENSG00000171617,5,74637564,74637723
ENSG00000171617,5,74640306,74640582
ENSG00000159023,1,29070390,29072806
ENSG00000159023,1,29116818,29117114
ENSG00000159023,1,29069165,29072173
ENSG00000159023,1,28914521,28914768
ENSG00000159023,1,29070363,29072880
ENSG00000159023,1,28987447,28987905
ENSG00000159023,1,29070363,29072224
ENSG00000159023,1,28887123,28887210
ENSG00000159023,1,29018358,29018442
ENSG00000159023,1,28914538,28914768
ENSG00000159023,1,29119428,29121848
ENSG00000159023,1,28985709,28985810
ENSG00000159023,1,28914566,28914768
ENSG00000159023,1,29116818,29120044
ENSG00000159023,1,28914530,28914768
ENSG00000159023,1,28887102,28887210
ENSG00000159023,1,28914570,28914768
ENSG00000159023,1,29097806,29097935
ENSG00000159023,1,29070385,29072350
ENSG00000159023,1,29109335,29109738
ENSG00000159023,1,29015691,29015767
ENSG00000159023,1,29116818,29117121
ENSG00000159023,1,29064956,29065158
ENSG00000159023,1,29058813,29058852
ENSG00000159023,1,29069165,29072314
ENSG00000159023,1,29053106,29054514
ENSG00000159023,1,29065683,29065825
ENSG00000159023,1,28914528,28914768
ENSG00000159023,1,29068732,29068768
ENSG00000159023,1,29070390,29072312
ENSG00000159023,1,29116818,29120037
ENSG00000159023,1,28914543,28914768
ENSG00000159023,1,28914532,28914768
ENSG00000159023,1,29069165,29072280
ENSG00000159023,1,29065683,29065736
ENSG00000159023,1,28983871,28983963
ENSG00000159023,1,28942559,28942716
ENSG00000159023,1,28914490,28914768
ENSG00000159023,1,28914534,28914768
ENSG00000159023,1,28914556,28914768
ENSG00000159023,1,28914600,28914768
ENSG00000159023,1,28914505,28914768
ENSG00000159023,1,29070363,29072169
ENSG00000159023,1,29058603,29058645
ENSG00000159023,1,29060421,29060484
ENSG00000159023,1,29116818,29118846
ENSG00000159023,1,28987497,28987905
ENSG00000159023,1,29069165,29072956
ENSG00000159023,1,28914507,28914768
ENSG00000159023,1,28914573,28914768
ENSG00000159023,1,28914562,28914768
ENSG00000159023,1,29041198,29041480
ENSG00000159023,1,28914639,28914768
ENSG00000159023,1,29069165,29073093
ENSG00000159023,1,28914522,28914768
ENSG00000159023,1,28927973,28928077
ENSG00000159023,1,29018223,29018442
ENSG00000159023,1,28914513,28914768
ENSG00000159023,1,28914535,28914768
ENSG00000159023,1,29079440,29081664
ENSG00000159023,1,29116818,29116871
ENSG00000159023,1,29069165,29072293
ENSG00000159023,1,28893370,28893837
ENSG00000159023,1,29115698,29115803
ENSG00000159023,1,28914539,28914768
ENSG00000159023,1,28989355,28989435
ENSG00000159023,1,29033092,29033245
ENSG00000159023,1,29064981,29065221
ENSG00000159023,1,28914658,28914768
ENSG00000159023,1,29064981,29065950
ENSG00000159023,1,28914541,28914768
ENSG00000159023,1,29116818,29120046
ENSG00000159023,1,29082465,29082757
ENSG00000159023,1,28987610,28987905
ENSG00000159023,1,28914514,28914768
ENSG00000159023,1,28887090,28887210
ENSG00000159023,1,28914569,28914768
ENSG00000159023,1,29035825,29035923
ENSG00000159023,1,29119433,29121848
ENSG00000159023,1,29096231,29097935
ENSG00000159023,1,29031787,29031913
ENSG00000159023,1,29116818,29120039
ENSG00000159023,1,29064981,29065607
ENSG00000159023,1,28914571,28914768
ENSG00000159023,1,29064981,29065616
ENSG00000159023,1,29119435,29121848
ENSG00000159023,1,29039253,29039426
ENSG00000159023,1,28982277,28982608
ENSG00000159023,1,29116818,29116841
ENSG00000159023,1,28927228,28927365
ENSG00000159023,1,29115698,29120038
ENSG00000159023,1,28987510,28987905
ENSG00000159023,1,29116818,29120041
ENSG00000159023,1,28893740,28893837
ENSG00000159023,1,29097586,29097935
ENSG00000159023,1,29083994,29084122
ENSG00000159023,1,29064981,29065163
ENSG00000159023,1,29112367,29114611
ENSG00000159023,1,29053163,29053312
ENSG00000159023,1,29115698,29115702
ENSG00000159023,1,28914561,28914768
ENSG00000159023,1,29097806,29097904
ENSG00000159023,1,28914616,28914768
ENSG00000159023,1,29097806,29097849
ENSG00000159023,1,28914550,28914768
ENSG00000159023,1,29039417,29039426
ENSG00000159023,1,28993329,28993542
ENSG00000159023,1,29069165,29069522
ENSG00000159023,1,29068732,29068783
ENSG00000159023,1,28914568,28914773
ENSG00000159023,1,28914512,28914768
ENSG00000159023,1,28887099,28887210
ENSG00000159023,1,28914567,28914768
ENSG00000159023,1,29058810,29058852
ENSG00000159023,1,29109335,29109346
ENSG00000159023,1,29053103,29053312
ENSG00000159023,1,29030399,29030487
ENSG00000159023,1,29083896,29084122
ENSG00000159023,1,29116818,29119444
ENSG00000159023,1,29109335,29109437
ENSG00000159023,1,28914529,28914768
ENSG00000159023,1,28914540,28914768
ENSG00000159023,1,28887171,28887210
ENSG00000159023,1,29116818,29117967
ENSG00000159023,1,29064981,29065158
ENSG00000159023,1,29096154,29096565
ENSG00000159023,1,29116818,29120020
ENSG00000159023,1,29035005,29035283
ENSG00000159023,1,28887118,28887210
ENSG00000159023,1,29116818,29120038
ENSG00000159023,1,29064981,29065899
ENSG00000159023,1,29116818,29117048
ENSG00000159023,1,28914568,28914768
ENSG00000159023,1,29096154,29096604
ENSG00000159023,1,28914506,28914768
ENSG00000159023,1,28914572,28914768
ENSG00000159023,1,28997214,28997319
ENSG00000159023,1,29053106,29053312
ENSG00000159023,1,29112367,29112448
ENSG00000159023,1,29011864,29011907
ENSG00000159023,1,28914625,28914768
ENSG00000159023,1,29058588,29058645
ENSG00000159023,1,28987430,28987905
ENSG00000159023,1,29117866,29120046
ENSG00000159023,1,28914519,28914768
ENSG00000159023,1,28914629,28914768
ENSG00000159023,1,29116818,29120040
ENSG00000106123,7,142854960,142855025
ENSG00000106123,7,142855123,142855385
ENSG00000106123,7,142870303,142870407
ENSG00000106123,7,142868976,142869147
ENSG00000106123,7,142855103,142855385
ENSG00000106123,7,142861051,142861150
ENSG00000106123,7,142868491,142868739
ENSG00000106123,7,142867281,142868360
ENSG00000106123,7,142862034,142862133
ENSG00000106123,7,142862755,142862833
ENSG00000106123,7,142861999,142862133
ENSG00000106123,7,142870529,142870615
ENSG00000106123,7,142867607,142867722
ENSG00000106123,7,142866998,142867068
ENSG00000106123,7,142870529,142870685
ENSG00000106123,7,142855125,142855385
ENSG00000106123,7,142854929,142855385
ENSG00000106123,7,142867996,142868049
ENSG00000106123,7,142862755,142863327
ENSG00000106123,7,142855083,142855385
ENSG00000106123,7,142861051,142861186
ENSG00000106123,7,142864533,142864749
ENSG00000106123,7,142870795,142871091
ENSG00000106123,7,142868240,142868360
ENSG00000106123,7,142870795,142871094
ENSG00000106123,7,142854944,142855385
ENSG00000106123,7,142863965,142864749
ENSG00000106123,7,142862016,142862133
ENSG00000106123,7,142869771,142869966
ENSG00000106123,7,142866480,142866605
ENSG00000106123,7,142868973,142869147
ENSG00000106123,7,142855098,142855385
ENSG00000106123,7,142866940,142867068
ENSG00000106123,7,142866905,142867068
ENSG00000106123,7,142863965,142864262
ENSG00000106123,7,142870590,142870685
ENSG00000106123,7,142855066,142855385
ENSG00000106123,7,142855087,142855385
ENSG00000106123,7,142855142,142855385
ENSG00000106123,7,142870795,142871092
ENSG00000106123,7,142855047,142855385
ENSG00000106123,7,142855080,142855385
ENSG00000106123,7,142855115,142855385
ENSG00000106123,7,142855060,142855385
ENSG00000106123,7,142855082,142855385
ENSG00000106123,7,142870795,142871087
ENSG00000106123,7,142856726,142856993
ENSG00000106123,7,142865959,142866316
ENSG00000106123,7,142870195,142870213
ENSG00000106123,7,142863126,142863327
ENSG00000106123,7,142870795,142871090
ENSG00000106123,7,142870795,142871093
ENSG00000106123,7,142863130,142863327
ENSG00000106123,7,142854998,142855385
ENSG00000106123,7,142869816,142869966
ENSG00000106123,7,142862755,142862788
ENSG00000106123,7,142863630,142863695
ENSG00000106123,7,142865959,142866605
ENSG00000106123,7,142869897,142869966
ENSG00000106123,7,142869930,142869966
ENSG00000106123,7,142855075,142855385
ENSG00000106123,7,142870213,142870407
ENSG00000106123,7,142865474,142865630
ENSG00000120915,8,27515717,27515813
ENSG00000120915,8,27511835,27511910
ENSG00000120915,8,27544443,27544919
ENSG00000120915,8,27491150,27491309
ENSG00000120915,8,27491194,27491309
ENSG00000120915,8,27522422,27522508
ENSG00000120915,8,27491209,27491309
ENSG00000120915,8,27505063,27505146
ENSG00000120915,8,27491167,27491309
ENSG00000120915,8,27503603,27503759
ENSG00000120915,8,27504955,27505146
ENSG00000120915,8,27491165,27491309
ENSG00000120915,8,27491154,27491309
ENSG00000120915,8,27544443,27544549
ENSG00000120915,8,27544443,27544915
ENSG00000120915,8,27492841,27493165
ENSG00000120915,8,27491191,27491309
ENSG00000120915,8,27522422,27522487
ENSG00000120915,8,27544443,27544921
ENSG00000120915,8,27508940,27509421
ENSG00000120915,8,27538658,27538692
ENSG00000120915,8,27506871,27506904
ENSG00000120915,8,27540556,27540656
ENSG00000120915,8,27518037,27518072
ENSG00000120915,8,27490780,27490838
ENSG00000120915,8,27548039,27548161
ENSG00000120915,8,27536783,27536855
ENSG00000120915,8,27544185,27544244
ENSG00000120915,8,27490783,27490934
ENSG00000120915,8,27491129,27491309
ENSG00000120915,8,27544443,27545564
ENSG00000120915,8,27504955,27505084
ENSG00000120915,8,27540553,27540656
ENSG00000120915,8,27491142,27491309
ENSG00000120915,8,27547842,27548992
ENSG00000120915,8,27541472,27541542
ENSG00000120915,8,27548358,27548615
ENSG00000120915,8,27500963,27501010
ENSG00000120915,8,27544443,27544920
ENSG00000120915,8,27522422,27522509
ENSG00000120915,8,27544443,27544917
ENSG00000120915,8,27544443,27546128
ENSG00000120915,8,27511835,27512100
ENSG00000120915,8,27491113,27491309
ENSG00000120915,8,27491124,27491309
ENSG00000120915,8,27505046,27505146
ENSG00000120915,8,27490774,27491309
ENSG00000120915,8,27491102,27491309
ENSG00000120915,8,27525361,27525473
ENSG00000120915,8,27538658,27539255
ENSG00000120915,8,27503603,27503763
ENSG00000120915,8,27516319,27516398
ENSG00000120915,8,27544443,27544892
ENSG00000120915,8,27491148,27491309
ENSG00000120915,8,27520882,27520909
ENSG00000120915,8,27543748,27543829
ENSG00000120915,8,27500925,27501010
ENSG00000120915,8,27506871,27506994
ENSG00000120915,8,27515462,27515813
ENSG00000120915,8,27500927,27501010
ENSG00000120915,8,27544443,27544913
ENSG00000124882,4,74365150,74365341
ENSG00000124882,4,74382422,74382794
ENSG00000124882,4,74381013,74382013
ENSG00000124882,4,74384726,74388749
ENSG00000124882,4,74382644,74382794
ENSG00000124882,4,74384726,74384952
ENSG00000124882,4,74379447,74379534
ENSG00000124882,4,74381013,74381137
ENSG00000124882,4,74365144,74365375
ENSG00000124882,4,74365172,74365375
ENSG00000099219,9,5832689,5833055
ENSG00000099219,9,5756211,5756372
ENSG00000099219,9,5821917,5824001
ENSG00000099219,9,5832689,5833073
ENSG00000099219,9,5832689,5833027
ENSG00000099219,9,5762540,5762660
ENSG00000099219,9,5768969,5769674
ENSG00000099219,9,5773957,5776055
ENSG00000099219,9,5810010,5810118
ENSG00000099219,9,5784571,5787308
ENSG00000099219,9,5784582,5787308
ENSG00000099219,9,5754840,5754930
ENSG00000099219,9,5844047,5844099
ENSG00000099219,9,5787060,5787308
ENSG00000099219,9,5832817,5833117
ENSG00000099219,9,5786758,5787308
ENSG00000099219,9,5787429,5788721
ENSG00000099219,9,5811110,5811323
ENSG00000099219,9,5801175,5801328
ENSG00000099219,9,5764276,5764697
ENSG00000099219,9,5791233,5791282
ENSG00000099219,9,5812124,5812211
ENSG00000099219,9,5805610,5805785
ENSG00000099219,9,5832689,5833116
ENSG00000099219,9,5757312,5757451
ENSG00000099219,9,5832689,5833070
ENSG00000099219,9,5847584,5847712
ENSG00000099219,9,5763139,5763868
ENSG00000099219,9,5773957,5775241
ENSG00000099219,9,5832689,5833036
ENSG00000099219,9,5765075,5765788
ENSG00000099219,9,5874818,5875063
ENSG00000099219,9,5787173,5787308
ENSG00000099219,9,5749831,5750873
ENSG00000099219,9,5832453,5833027
ENSG00000099219,9,5805026,5805217
ENSG00000099219,9,5784584,5787308
ENSG00000099219,9,5867801,5867902
ENSG00000099219,9,5878463,5879537
ENSG00000099219,9,5812736,5813035
ENSG00000099219,9,5825091,5825219
ENSG00000099219,9,5875717,5877293
ENSG00000099219,9,5764151,5764697
ENSG00000099219,9,5773957,5776557
ENSG00000099219,9,5832689,5833104
ENSG00000099219,9,5784570,5787308
ENSG00000099219,9,5825091,5825285
ENSG00000099219,9,5832817,5833027
ENSG00000099219,9,5779008,5779055
ENSG00000099219,9,5773957,5775238
ENSG00000099219,9,5832689,5833115
ENSG00000099219,9,5764014,5765788
ENSG00000099219,9,5772891,5773204
ENSG00000099219,9,5810010,5810231
ENSG00000099219,9,5753535,5753646
ENSG00000099219,9,5787429,5787593
ENSG00000099219,9,5773957,5776552
ENSG00000099219,9,5855945,5856766
ENSG00000099219,9,5787433,5787593
ENSG00000099219,9,5832980,5833312
ENSG00000099219,9,5768969,5769106
ENSG00000099219,9,5832689,5833117
ENSG00000099219,9,5765661,5765798
ENSG00000099219,9,5770205,5770278
ENSG00000099219,9,5753199,5753238
ENSG00000099219,9,5810010,5810144
ENSG00000099219,9,5764014,5764697
ENSG00000099219,9,5772563,5772741
ENSG00000099219,9,5772891,5773080
ENSG00000099219,9,5784572,5787308
ENSG00000099219,9,5855780,5856426
ENSG00000099219,9,5812124,5812217
ENSG00000099219,9,5773957,5776483
ENSG00000099219,9,5832689,5833076
ENSG00000099219,9,5798805,5799008
ENSG00000099219,9,5764210,5765788
ENSG00000099219,9,5797816,5797932
ENSG00000099219,9,5764152,5764697
ENSG00000099219,9,5830726,5831028
ENSG00000099219,9,5823895,5824001
ENSG00000099219,9,5773957,5774298
ENSG00000099219,9,5784560,5787308
ENSG00000099219,9,5768969,5769256
ENSG00000099219,9,5872157,5872216
ENSG00000099219,9,5765413,5765572
ENSG00000099219,9,5763396,5763868
ENSG00000099219,9,5786642,5787308
ENSG00000099219,9,5749978,5750876
ENSG00000099219,9,5832689,5833087
ENSG00000099219,9,5784573,5787308
ENSG00000099219,9,5770086,5770278
ENSG00000099219,9,5784986,5787308
ENSG00000099219,9,5859467,5859611
ENSG00000099219,9,5812888,5813035
ENSG00000162636,1,108560070,108560565
ENSG00000162636,1,108560061,108560565
ENSG00000162636,1,108644695,108644900
ENSG00000162636,1,108560088,108560565
ENSG00000162636,1,108628652,108628804
ENSG00000162636,1,108635107,108639327
ENSG00000162636,1,108600565,108600686
ENSG00000162636,1,108628676,108628804
ENSG00000162636,1,108616381,108616428
ENSG00000162636,1,108624664,108628584
ENSG00000162636,1,108612177,108612294
ENSG00000162636,1,108606222,108606252
ENSG00000162636,1,108629590,108629657
ENSG00000162636,1,108628394,108628584
ENSG00000162636,1,108560097,108560565
ENSG00000162636,1,108624644,108624748
ENSG00000162636,1,108628166,108628262
ENSG00000162636,1,108629587,108629657
ENSG00000162636,1,108560099,108560565
ENSG00000162636,1,108635107,108639322
ENSG00000162636,1,108560035,108560565
ENSG00000162636,1,108560101,108560565
ENSG00000116199,1,179025893,179026098
ENSG00000116199,1,179071912,179076567
ENSG00000116199,1,179054528,179054638
ENSG00000116199,1,179050278,179050316
ENSG00000116199,1,179066799,179066859
ENSG00000116199,1,179026415,179026529
ENSG00000116199,1,179071912,179076560
ENSG00000116199,1,179071912,179072641
ENSG00000116199,1,179025915,179026098
ENSG00000116199,1,179064304,179064496
ENSG00000116199,1,179035308,179035652
ENSG00000116199,1,179043714,179044224
ENSG00000116199,1,179063926,179064098
ENSG00000116199,1,179026098,179026188
ENSG00000116199,1,179025803,179025858
ENSG00000116199,1,179026344,179026830
ENSG00000116199,1,179050278,179050365
ENSG00000187773,18,74434774,74436719
ENSG00000187773,18,74456330,74456793
ENSG00000187773,18,74456338,74456570
ENSG00000187773,18,74457061,74457308
ENSG00000187773,18,74446605,74447283
ENSG00000187773,18,74435727,74436719
ENSG00000187773,18,74441951,74442116
ENSG00000187773,18,74456336,74456392
ENSG00000187773,18,74457772,74457944
ENSG00000147689,8,123202207,123202343
ENSG00000147689,8,123202207,123202456
ENSG00000147689,8,123207156,123210078
ENSG00000147689,8,123196535,123197694
ENSG00000147689,8,123202207,123202358
ENSG00000147689,8,123192874,123192932
ENSG00000147689,8,123178959,123179137
ENSG00000147689,8,123209524,123210078
ENSG00000147689,8,123179113,123179137
ENSG00000147689,8,123182680,123183336
ENSG00000147689,8,123201149,123201454
ENSG00000147689,8,123195615,123195741
ENSG00000147689,8,123193644,123194168
ENSG00000147689,8,123181637,123182152
ENSG00000147689,8,123179653,123179871
ENSG00000147689,8,123202207,123202455
ENSG00000147689,8,123201153,123201982
ENSG00000147689,8,123201780,123201982
ENSG00000147689,8,123179763,123179871
ENSG00000147689,8,123209425,123210074
ENSG00000147689,8,123202207,123202418
ENSG00000147689,8,123182351,123182583
ENSG00000147689,8,123194023,123194148
ENSG00000147689,8,123207156,123207416
ENSG00000147689,8,123179097,123179137
ENSG00000147689,8,123183157,123183336
ENSG00000147689,8,123207156,123208981
ENSG00000147689,8,123182664,123183336
ENSG00000147689,8,123207156,123207425
ENSG00000147689,8,123207156,123209762
ENSG00000147689,8,123201643,123201982
ENSG00000147689,8,123193500,123194168
ENSG00000147689,8,123201172,123201454
ENSG00000147689,8,123201170,123201454
ENSG00000147689,8,123179046,123180229
ENSG00000147689,8,123191802,123191970
ENSG00000147689,8,123201143,123201454
ENSG00000147689,8,123182526,123182788
ENSG00000147689,8,123180341,123180719
ENSG00000147689,8,123209425,123210079
ENSG00000147689,8,123180131,123180229
ENSG00000147689,8,123182637,123183336
ENSG00000147689,8,123180341,123180615
ENSG00000147689,8,123182025,123183336
ENSG00000147689,8,123180309,123180525
ENSG00000147689,8,123199852,123199994
ENSG00000147689,8,123202207,123202743
ENSG00000182118,1,231019175,231020126
ENSG00000182118,1,231019417,231020126
ENSG00000182118,1,231018957,231020111
ENSG00000182118,1,231026392,231026949
ENSG00000182118,1,231039920,231040254
ENSG00000182118,1,231018959,231020126
ENSG00000182118,1,231026036,231026069
ENSG00000182118,1,231025998,231026066
ENSG00000182118,1,231028458,231028732
ENSG00000182118,1,231018957,231020126
ENSG00000182118,1,231039920,231040246
ENSG00000182118,1,231039247,231039496
ENSG00000182118,1,231021610,231022183
ENSG00000182118,1,231039920,231040223
ENSG00000182118,1,231019827,231019924
ENSG00000182118,1,231039920,231040242
ENSG00000143226,1,161511074,161512863
ENSG00000143226,1,161505445,161505552
ENSG00000143226,1,161505456,161505552
ENSG00000143226,1,161505414,161505552
ENSG00000143226,1,161505986,161506449
ENSG00000143226,1,161505458,161505552
ENSG00000143226,1,161519580,161520076
ENSG00000143226,1,161517974,161518565
ENSG00000143226,1,161505867,161506007
ENSG00000143226,1,161514619,161514874
ENSG00000143226,1,161519580,161519795
ENSG00000143226,1,161513175,161513245
ENSG00000143226,1,161512722,161512863
ENSG00000143226,1,161512592,161512863
ENSG00000143226,1,161511765,161511822
ENSG00000143226,1,161505429,161505552
ENSG00000143226,1,161517974,161519553
ENSG00000143226,1,161506332,161506591
ENSG00000143226,1,161505455,161505552
ENSG00000143226,1,161519588,161519713
ENSG00000143226,1,161517974,161518558
ENSG00000143226,1,161517974,161518137
ENSG00000143226,1,161523289,161524013
ENSG00000143226,1,161509819,161510074
ENSG00000143226,1,161513894,161513932
ENSG00000143226,1,161513376,161513527
ENSG00000143226,1,161506336,161506707
ENSG00000143226,1,161506336,161506640
ENSG00000143226,1,161505868,161506007
ENSG00000143226,1,161506336,161506591
ENSG00000143226,1,161510840,161510956
ENSG00000143226,1,161519801,161519991
ENSG00000143226,1,161505986,161506007
ENSG00000143226,1,161506336,161506368
ENSG00000143226,1,161519906,161519967
ENSG00000143226,1,161518704,161519568
ENSG00000143226,1,161517974,161518603
ENSG00000143226,1,161505452,161506007
ENSG00000143226,1,161513897,161513932
ENSG00000143226,1,161510833,161510956
ENSG00000143226,1,161519588,161519660
ENSG00000143226,1,161509819,161509899
ENSG00000143226,1,161519497,161520076
ENSG00000143226,1,161517974,161519829
ENSG00000143226,1,161522794,161523099
ENSG00000143226,1,161517974,161518578
ENSG00000143226,1,161506650,161506707
ENSG00000143226,1,161506333,161506707
ENSG00000143226,1,161506333,161506591
ENSG00000143226,1,161517974,161518590
ENSG00000143226,1,161509819,161510350
ENSG00000143226,1,161517974,161518355
ENSG00000143226,1,161517974,161519554
ENSG00000161513,17,74863895,74864347
ENSG00000161513,17,74872768,74872976
ENSG00000161513,17,74866789,74866876
ENSG00000161513,17,74864479,74864492
ENSG00000161513,17,74862543,74862947
ENSG00000161513,17,74872768,74872942
ENSG00000161513,17,74872865,74873021
ENSG00000161513,17,74872865,74873039
ENSG00000161513,17,74872865,74872996
ENSG00000161513,17,74864823,74865015
ENSG00000161513,17,74863075,74863163
ENSG00000161513,17,74872865,74872968
ENSG00000161513,17,74862608,74862947
ENSG00000161513,17,74872377,74872686
ENSG00000161513,17,74872865,74872961
ENSG00000161513,17,74869949,74870102
ENSG00000161513,17,74866783,74866879
ENSG00000161513,17,74862495,74862947
ENSG00000161513,17,74866180,74866244
ENSG00000161513,17,74862497,74862947
ENSG00000161513,17,74863045,74863246
ENSG00000161513,17,74866445,74866544
ENSG00000161513,17,74866208,74866244
ENSG00000161513,17,74872865,74872984
ENSG00000161513,17,74868229,74868473
ENSG00000161513,17,74872035,74872133
ENSG00000161513,17,74864479,74864564
ENSG00000161513,17,74868544,74868631
ENSG00000161513,17,74866511,74866876
ENSG00000161513,17,74872865,74872977
ENSG00000161513,17,74863895,74864067
ENSG00000161513,17,74865718,74865775
ENSG00000161513,17,74872865,74873004
ENSG00000161513,17,74872865,74873013
ENSG00000161513,17,74872197,74872316
ENSG00000161513,17,74866783,74866867
ENSG00000161513,17,74866783,74866876
ENSG00000161513,17,74866136,74866244
ENSG00000161513,17,74862493,74862947
ENSG00000161513,17,74862504,74862947
ENSG00000161513,17,74872754,74872974
ENSG00000161513,17,74864147,74864345
ENSG00000161513,17,74862501,74862935
ENSG00000161513,17,74864275,74864347
ENSG00000161513,17,74872242,74872316
ENSG00000161513,17,74872865,74872990
ENSG00000161513,17,74872865,74872999
ENSG00000161513,17,74864147,74864347
ENSG00000161513,17,74864479,74864561
ENSG00000161513,17,74872865,74872974
ENSG00000161513,17,74872768,74872968
ENSG00000161513,17,74862500,74862947
ENSG00000161513,17,74872865,74872992
ENSG00000161513,17,74866130,74866244
ENSG00000161513,17,74862541,74862947
ENSG00000161513,17,74862517,74862947
ENSG00000161513,17,74864823,74864931
ENSG00000161513,17,74872865,74873031
ENSG00000161513,17,74872865,74872976
ENSG00000161513,17,74865718,74865820
ENSG00000161513,17,74872865,74872985
ENSG00000161513,17,74872035,74872107
ENSG00000161513,17,74864823,74864949
ENSG00000161513,17,74872865,74872994
ENSG00000161513,17,74866789,74866879
ENSG00000161513,17,74872242,74873006
ENSG00000161513,17,74872865,74873015
ENSG00000161513,17,74864895,74864931
ENSG00000161513,17,74866445,74866568
ENSG00000161513,17,74863075,74863246
ENSG00000161513,17,74862496,74862947
ENSG00000161513,17,74868544,74868753
ENSG00000161513,17,74862494,74862947
ENSG00000161513,17,74866783,74867005
ENSG00000161513,17,74872865,74872971
ENSG00000161513,17,74862498,74862947
ENSG00000161513,17,74872768,74872974
ENSG00000161513,17,74866783,74866898
ENSG00000161513,17,74872197,74872301
ENSG00000149557,11,125583520,125584256
ENSG00000149557,11,125580779,125581322
ENSG00000149557,11,125442880,125446111
ENSG00000149557,11,125591711,125591887
ENSG00000149557,11,125448501,125448567
ENSG00000149557,11,125496120,125496277
ENSG00000149557,11,125592417,125592568
ENSG00000149557,11,125496120,125496286
ENSG00000149557,11,125463483,125463540
ENSG00000149557,11,125454129,125454174
ENSG00000149557,11,125581243,125581322
ENSG00000149557,11,125569488,125569573
ENSG00000149557,11,125454129,125454357
ENSG00000149557,11,125569448,125569573
ENSG00000149557,11,125572457,125572569
ENSG00000149557,11,125583520,125584679
ENSG00000149557,11,125496120,125496334
ENSG00000149557,11,125445747,125446111
ENSG00000149557,11,125463483,125463597
ENSG00000149557,11,125583520,125584242
ENSG00000149557,11,125571981,125572569
ENSG00000149557,11,125495387,125495665
ENSG00000149557,11,125569457,125569514
ENSG00000149557,11,125570103,125570190
ENSG00000149557,11,125583520,125584681
ENSG00000149557,11,125496120,125496254
ENSG00000149557,11,125580092,125580204
ENSG00000149557,11,125583520,125584690
ENSG00000149557,11,125481533,125481633
ENSG00000149557,11,125557722,125557816
ENSG00000149557,11,125445764,125446111
ENSG00000149557,11,125536867,125537081
ENSG00000149557,11,125569412,125569573
ENSG00000149557,11,125569880,125570035
ENSG00000149557,11,125495387,125495475
ENSG00000149557,11,125452333,125453928
ENSG00000149557,11,125489350,125489822
ENSG00000149557,11,125569414,125569573
ENSG00000149557,11,125569206,125569269
ENSG00000149557,11,125583520,125584027
ENSG00000149557,11,125569440,125569573
ENSG00000149557,11,125496120,125496265
ENSG00000149557,11,125496120,125496329
ENSG00000149557,11,125578132,125578191
ENSG00000149557,11,125592417,125592510
ENSG00000149557,11,125583520,125584228
ENSG00000149557,11,125570283,125570442
ENSG00000149557,11,125575304,125575408
ENSG00000149557,11,125577503,125577888
ENSG00000149557,11,125495213,125495615
ENSG00000149557,11,125536952,125537081
ENSG00000149557,11,125569841,125569947
ENSG00000149557,11,125569410,125569577
ENSG00000149557,11,125575308,125575408
ENSG00000149557,11,125445754,125446111
ENSG00000149557,11,125495387,125495779
ENSG00000149557,11,125496120,125496240
ENSG00000149557,11,125569457,125569573
ENSG00000149557,11,125496120,125496304
ENSG00000149557,11,125576254,125576315
ENSG00000149557,11,125583520,125584258
ENSG00000149557,11,125496120,125496322
ENSG00000149557,11,125572505,125572569
ENSG00000149557,11,125496120,125496267
ENSG00000149557,11,125481533,125481756
ENSG00000149557,11,125492842,125492964
ENSG00000149557,11,125569412,125569577
ENSG00000149557,11,125578132,125578257
ENSG00000149557,11,125454129,125454210
ENSG00000149557,11,125445846,125446111
ENSG00000149557,11,125569603,125569947
ENSG00000149557,11,125569648,125570190
ENSG00000149557,11,125489540,125489822
ENSG00000149557,11,125569858,125569947
ENSG00000149557,11,125583520,125584230
ENSG00000149557,11,125495387,125495488
ENSG00000149557,11,125495835,125495972
ENSG00000149557,11,125578948,125579029
ENSG00000149557,11,125583520,125584251
ENSG00000149557,11,125569476,125569573
ENSG00000149557,11,125569569,125569947
ENSG00000149557,11,125577735,125577906
ENSG00000149557,11,125448506,125448567
ENSG00000149557,11,125578948,125579068
ENSG00000149557,11,125445746,125446111
ENSG00000149557,11,125496120,125496308
ENSG00000149557,11,125496120,125496317
ENSG00000149557,11,125460497,125460666
ENSG00000149557,11,125445748,125446111
ENSG00000149557,11,125455951,125456106
ENSG00000149557,11,125569839,125569947
ENSG00000149557,11,125575262,125575408
ENSG00000149557,11,125455449,125456106
ENSG00000149557,11,125494987,125495010
ENSG00000149557,11,125445752,125446111
ENSG00000149557,11,125581210,125581322
ENSG00000149557,11,125496120,125496237
ENSG00000149557,11,125569466,125569573
ENSG00000149557,11,125452507,125452825
ENSG00000149557,11,125479750,125479801
ENSG00000149557,11,125571206,125571276
ENSG00000149557,11,125583520,125584209
ENSG00000149557,11,125494556,125494652
ENSG00000149557,11,125455834,125456106
ENSG00000149557,11,125495835,125496122
ENSG00000149557,11,125573455,125573574
ENSG00000149557,11,125569476,125569577
ENSG00000149557,11,125577503,125577570
ENSG00000149557,11,125575802,125575931
ENSG00000149557,11,125488926,125489822
ENSG00000149557,11,125569475,125569569
ENSG00000149557,11,125496507,125499528
ENSG00000149557,11,125569880,125569947
ENSG00000149557,11,125583520,125584257
ENSG00000149557,11,125496120,125496257
ENSG00000149557,11,125460240,125460666
ENSG00000149557,11,125495387,125495561
ENSG00000149557,11,125463249,125463570
ENSG00000149557,11,125592417,125592578
ENSG00000149557,11,125456009,125456106
ENSG00000149557,11,125445744,125446111
ENSG00000149557,11,125445755,125446111
ENSG00000149557,11,125495387,125495499
ENSG00000149557,11,125569473,125569573
ENSG00000149557,11,125582345,125582397
ENSG00000149557,11,125572248,125572569
ENSG00000149557,11,125496120,125496225
ENSG00000149557,11,125583520,125584060
ENSG00000149557,11,125489466,125489822
ENSG00000149557,11,125496120,125496298
ENSG00000149557,11,125569279,125569573
ENSG00000149557,11,125496120,125496307
ENSG00000149557,11,125569479,125569573
ENSG00000149557,11,125569490,125569573
ENSG00000149557,11,125463483,125463570
ENSG00000149557,11,125455834,125456286
ENSG00000149557,11,125495835,125496003
ENSG00000149557,11,125568247,125568681
ENSG00000149557,11,125496120,125496218
ENSG00000149557,11,125481533,125481597
ENSG00000149557,11,125451410,125451520
ENSG00000149557,11,125445749,125446111
ENSG00000149557,11,125489762,125489822
ENSG00000149557,11,125569496,125569573
ENSG00000149557,11,125583520,125583763
ENSG00000149557,11,125582345,125582420
ENSG00000149557,11,125574718,125574818
ENSG00000149557,11,125575250,125575408
ENSG00000149557,11,125583520,125584684
ENSG00000149557,11,125445751,125446111
ENSG00000149557,11,125496356,125496439
ENSG00000149557,11,125583520,125584229
ENSG00000149557,11,125452333,125452409
ENSG00000149557,11,125570289,125570514
ENSG00000149557,11,125445753,125446111
ENSG00000149557,11,125469048,125469156
ENSG00000138685,4,122888696,122888956
ENSG00000138685,4,122897623,122897678
ENSG00000138685,4,122826681,122827352
ENSG00000138685,4,122889970,122890085
ENSG00000138685,4,122881877,122883242
ENSG00000138685,4,122892740,122893225
ENSG00000138685,4,122892643,122893225
ENSG00000138685,4,122892645,122893225
ENSG00000138685,4,122840342,122840690
ENSG00000138685,4,122892210,122895464
ENSG00000138685,4,122881566,122883242
ENSG00000138685,4,122826830,122827352
ENSG00000138685,4,122885294,122885805
ENSG00000138685,4,122884368,122884712
ENSG00000138685,4,122897525,122897678
ENSG00000138685,4,122892649,122893225
ENSG00000138685,4,122892210,122898236
ENSG00000138685,4,122879777,122880095
ENSG00000138685,4,122892574,122893225
ENSG00000138685,4,122892631,122892688
ENSG00000138685,4,122892576,122893225
ENSG00000138685,4,122876320,122876424
ENSG00000068078,4,1801834,1801986
ENSG00000068078,4,1807115,1807275
ENSG00000068078,4,1793738,1794043
ENSG00000068078,4,1793782,1794043
ENSG00000068078,4,1804491,1804969
ENSG00000068078,4,1805749,1805904
ENSG00000068078,4,1796120,1796242
ENSG00000068078,4,1806050,1806173
ENSG00000068078,4,1801461,1801536
ENSG00000068078,4,1806828,1806934
ENSG00000068078,4,1807115,1808791
ENSG00000068078,4,1801911,1801986
ENSG00000068078,4,1801366,1801536
ENSG00000068078,4,1801834,1802025
ENSG00000068078,4,1793292,1793465
ENSG00000068078,4,1793872,1794043
ENSG00000068078,4,1793294,1793465
ENSG00000068078,4,1807115,1808867
ENSG00000068078,4,1805749,1805940
ENSG00000068078,4,1794743,1794815
ENSG00000068078,4,1799746,1799800
ENSG00000068078,4,1793832,1794043
ENSG00000068078,4,1804823,1804969
ENSG00000068078,4,1807115,1808873
ENSG00000068078,4,1793285,1793465
ENSG00000068078,4,1793733,1794043
ENSG00000068078,4,1801628,1801743
ENSG00000068078,4,1807115,1808870
ENSG00000068078,4,1793669,1794043
ENSG00000068078,4,1799746,1799812
ENSG00000068078,4,1801619,1801743
ENSG00000068078,4,1807115,1808871
ENSG00000068078,4,1793287,1793465
ENSG00000068078,4,1796430,1796540
ENSG00000068078,4,1793300,1793465
ENSG00000068078,4,1793311,1793465
ENSG00000068078,4,1807112,1808864
ENSG00000068078,4,1802913,1803064
ENSG00000068078,4,1807112,1808867
ENSG00000068078,4,1801453,1801536
ENSG00000068078,4,1807112,1808870
ENSG00000068078,4,1807115,1808869
ENSG00000068078,4,1804820,1804969
ENSG00000068078,4,1793293,1793465
ENSG00000068078,4,1807115,1808872
ENSG00000068078,4,1793895,1794043
ENSG00000068078,4,1801834,1801923
ENSG00000068078,4,1807115,1807322
ENSG00000068078,4,1802913,1803152
ENSG00000068078,4,1805354,1805476
ENSG00000068078,4,1803691,1803739
ENSG00000068078,4,1793730,1794043
ENSG00000068078,4,1805749,1805859
ENSG00000068078,4,1805558,1805669
ENSG00000068078,4,1807112,1808872
ENSG00000068078,4,1799253,1799523
ENSG00000068078,4,1806256,1806327
ENSG00000068078,4,1804329,1804520
ENSG00000068078,4,1807115,1808865
ENSG00000068078,4,1803691,1803836
ENSG00000068078,4,1806545,1806683
ENSG00000204315,6,32128711,32129854
ENSG00000204315,6,32128706,32129854
ENSG00000204315,6,32128714,32129854
ENSG00000204315,6,32128706,32129876
ENSG00000204315,6,32130288,32130333
ENSG00000204315,6,32130094,32130285
ENSG00000204315,6,32130924,32131070
ENSG00000204315,6,32130094,32130288
ENSG00000204315,6,32130281,32130346
ENSG00000204315,6,32128696,32129854
ENSG00000204315,6,32128709,32129854
ENSG00000204315,6,32130634,32130682
ENSG00000075618,7,5602871,5603413
ENSG00000075618,7,5603862,5603983
ENSG00000075618,7,5605271,5606649
ENSG00000075618,7,5603862,5603998
ENSG00000075618,7,5603871,5604030
ENSG00000075618,7,5605271,5606655
ENSG00000075618,7,5592815,5593768
ENSG00000075618,7,5603862,5604030
ENSG00000075618,7,5603256,5603413
ENSG00000075618,7,5594546,5594896
ENSG00000075618,7,5603862,5603946
ENSG00000075618,7,5605271,5606654
ENSG00000075618,7,5594685,5594820
ENSG00000075618,7,5603504,5603617
ENSG00000075618,7,5592808,5593768
ENSG00000075618,7,5603495,5603617
ENSG00000075618,7,5593847,5594027
ENSG00000167996,11,61962254,61962893
ENSG00000167996,11,61967457,61967631
ENSG00000167996,11,61967311,61967586
ENSG00000167996,11,61964565,61964891
ENSG00000167996,11,61962254,61962371
ENSG00000167996,11,61959821,61959904
ENSG00000167996,11,61967551,61967631
ENSG00000167996,11,61964600,61964891
ENSG00000167996,11,61962254,61963344
ENSG00000167996,11,61967401,61967607
ENSG00000167996,11,61967311,61967613
ENSG00000167996,11,61964986,61965515
ENSG00000167996,11,61967311,61967631
ENSG00000167996,11,61967311,61967634
ENSG00000167996,11,61964986,61965112
ENSG00000167996,11,61959717,61959904
ENSG00000167996,11,61965368,61965577
ENSG00000167996,11,61964746,61965112
ENSG00000167996,11,61964837,61964891
ENSG00000167996,11,61964988,61965112
ENSG00000167996,11,61964562,61964891
ENSG00000167996,11,61967291,61967521
ENSG00000167996,11,61966988,61967166
ENSG00000167996,11,61964584,61964891
ENSG00000167996,11,61967311,61967371
ENSG00000167996,11,61964103,61964294
ENSG00000167996,11,61962254,61965515
ENSG00000167996,11,61967293,61967725
ENSG00000167996,11,61967337,61967521
ENSG00000167996,11,61967311,61967633
ENSG00000167996,11,61959891,61962893
ENSG00000167996,11,61964986,61965105
ENSG00000167996,11,61967311,61967462
ENSG00000167996,11,61965368,61965515
ENSG00000167996,11,61964563,61964852
ENSG00000167996,11,61959891,61960043
ENSG00000167996,11,61964284,61964891
ENSG00000167996,11,61964418,61964891
ENSG00000167996,11,61964103,61964461
ENSG00000167996,11,61959717,61959927
ENSG00000165060,9,69035751,69035947
ENSG00000165060,9,69035784,69035947
ENSG00000165060,9,69072611,69073022
ENSG00000165060,9,69064937,69065043
ENSG00000165060,9,69064939,69065043
ENSG00000165060,9,69035746,69035947
ENSG00000165060,9,69035768,69035947
ENSG00000165060,9,69035761,69035947
ENSG00000165060,9,69072611,69073100
ENSG00000165060,9,69035750,69035947
ENSG00000165060,9,69036160,69036205
ENSG00000165060,9,69072611,69079076
ENSG00000165060,9,69046384,69046482
ENSG00000165060,9,69072611,69074881
ENSG00000165060,9,69072611,69074341
ENSG00000165060,9,69043460,69043561
ENSG00000165060,9,69064937,69065035
ENSG00000165060,9,69036032,69036187
ENSG00000165060,9,69064939,69065035
ENSG00000165060,9,69072611,69073096
ENSG00000165060,9,69053139,69053260
ENSG00000165060,9,69035780,69035947
ENSG00000165060,9,69072611,69073105
ENSG00000165060,9,69035749,69035947
ENSG00000165060,9,69072611,69074850
ENSG00000143891,2,38733487,38733958
ENSG00000143891,2,38733487,38734098
ENSG00000143891,2,38671353,38671421
ENSG00000143891,2,38668223,38668761
ENSG00000143891,2,38666242,38666351
ENSG00000143891,2,38698365,38698436
ENSG00000143891,2,38668566,38668761
ENSG00000143891,2,38681279,38681486
ENSG00000143891,2,38731734,38731909
ENSG00000143891,2,38668858,38668985
ENSG00000143891,2,38668687,38668761
ENSG00000143891,2,38681294,38681486
ENSG00000143891,2,38666101,38666351
ENSG00000143891,2,38695390,38695424
ENSG00000143891,2,38731734,38731802
ENSG00000143891,2,38729555,38729697
ENSG00000143891,2,38668676,38668761
ENSG00000143891,2,38741104,38741237
ENSG00000143891,2,38710773,38710896
ENSG00000143891,2,38669449,38669538
ENSG00000143891,2,38681279,38681348
ENSG00000143891,2,38666116,38666351
ENSG00000143891,2,38666119,38666351
ENSG00000143891,2,38666118,38666351
ENSG00000143891,2,38733487,38733801
ENSG00000143891,2,38675911,38676066
ENSG00000143891,2,38675887,38676066
ENSG00000143891,2,38733487,38734765
ENSG00000143891,2,38666109,38666351
ENSG00000143891,2,38671353,38671447
ENSG00000143891,2,38733487,38734380
ENSG00000143891,2,38733367,38734382
ENSG00000143891,2,38675424,38675478
ENSG00000143891,2,38733487,38734383
ENSG00000143891,2,38669449,38669528
ENSG00000143891,2,38666080,38666351
ENSG00000143891,2,38666113,38666351
ENSG00000143891,2,38680059,38680161
ENSG00000143891,2,38669338,38669538
ENSG00000143891,2,38668810,38669068
ENSG00000143891,2,38720576,38720856
ENSG00000143891,2,38729558,38729697
ENSG00000143891,2,38733487,38734764
ENSG00000143891,2,38710773,38710812
ENSG00000143891,2,38689812,38689894
ENSG00000143891,2,38722507,38722599
ENSG00000143891,2,38668858,38669068
ENSG00000143891,2,38668201,38668761
ENSG00000143891,2,38669338,38669528
ENSG00000102145,X,48793792,48794311
ENSG00000102145,X,48786589,48786645
ENSG00000102145,X,48794133,48794311
ENSG00000102145,X,48791090,48791329
ENSG00000102145,X,48793753,48794311
ENSG00000102145,X,48793171,48793297
ENSG00000102145,X,48787875,48787958
ENSG00000102145,X,48791843,48792221
ENSG00000102145,X,48793700,48793850
ENSG00000102145,X,48793777,48794311
ENSG00000102145,X,48787875,48787957
ENSG00000102145,X,48792322,48792468
ENSG00000102145,X,48786572,48786645
ENSG00000102145,X,48786539,48786645
ENSG00000102145,X,48786561,48786645
ENSG00000179348,3,128486802,128489005
ENSG00000179348,3,128483859,128484005
ENSG00000179348,3,128488448,128488685
ENSG00000179348,3,128487007,128487076
ENSG00000179348,3,128489202,128489415
ENSG00000179348,3,128492898,128493200
ENSG00000179348,3,128492898,128493206
ENSG00000179348,3,128491784,128491907
ENSG00000179348,3,128490109,128490220
ENSG00000179348,3,128480145,128481318
ENSG00000179348,3,128485726,128486368
ENSG00000179348,3,128480158,128481318
ENSG00000179348,3,128488129,128488327
ENSG00000179348,3,128479423,128481318
ENSG00000179348,3,128489783,128489994
ENSG00000179348,3,128487269,128487716
ENSG00000179348,3,128486802,128487076
ENSG00000179348,3,128490299,128490542
ENSG00000179348,3,128489250,128489415
ENSG00000179348,3,128492003,128492509
ENSG00000179348,3,128492003,128492222
ENSG00000179348,3,128480149,128481318
ENSG00000179348,3,128479426,128481310
ENSG00000179348,3,128487710,128487916
ENSG00000179348,3,128489778,128490086
ENSG00000179348,3,128492898,128493199
ENSG00000179348,3,128479427,128481318
ENSG00000179348,3,128489636,128490069
ENSG00000179348,3,128492898,128493205
ENSG00000179348,3,128492898,128493208
ENSG00000179348,3,128489231,128490069
ENSG00000179348,3,128481818,128481902
ENSG00000179348,3,128487710,128488480
ENSG00000179348,3,128487824,128487931
ENSG00000179348,3,128479431,128481318
ENSG00000179348,3,128490299,128490648
ENSG00000179348,3,128489762,128489900
ENSG00000179348,3,128479429,128481318
ENSG00000179348,3,128488596,128488685
ENSG00000179348,3,128492486,128492714
ENSG00000179348,3,128488635,128488820
ENSG00000179348,3,128492898,128493186
ENSG00000179348,3,128479422,128481318
ENSG00000179348,3,128492898,128493201
ENSG00000179348,3,128481818,128481944
ENSG00000179348,3,128487710,128487921
ENSG00000179348,3,128488795,128488882
ENSG00000179348,3,128479426,128481318
ENSG00000179348,3,128481818,128482078
ENSG00000179348,3,128488631,128488685
ENSG00000179348,3,128487712,128487930
ENSG00000179348,3,128486147,128486368
ENSG00000179348,3,128488351,128488530
ENSG00000179348,3,128489783,128489861
ENSG00000179348,3,128488795,128489034
ENSG00000179348,3,128492898,128493173
ENSG00000179348,3,128489776,128490069
ENSG00000179348,3,128491784,128492222
ENSG00000179348,3,128479428,128481318
ENSG00000179348,3,128489256,128489670
ENSG00000179348,3,128489778,128490069
ENSG00000179348,3,128489783,128490239
ENSG00000179348,3,128488665,128489040
ENSG00000179348,3,128483859,128484002
ENSG00000165702,9,132986658,132986778
ENSG00000165702,9,132944563,132944796
ENSG00000165702,9,132978710,132978841
ENSG00000165702,9,132945184,132945375
ENSG00000165702,9,132963731,132963793
ENSG00000165702,9,132944571,132944626
ENSG00000165702,9,132990871,132991650
ENSG00000165702,9,132943999,132944046
ENSG00000165702,9,132978650,132978841
ENSG00000165702,9,132986678,132986778
ENSG00000165702,9,132944546,132944834
ENSG00000165702,9,132944542,132944608
ENSG00000165702,9,132990871,132991565
ENSG00000165702,9,132944571,132944769
ENSG00000165702,9,132944542,132944553
ENSG00000165702,9,132944542,132944623
ENSG00000165702,9,132945550,132945669
ENSG00000165702,9,132944542,132944626
ENSG00000165702,9,132989645,132989907
ENSG00000165702,9,132990871,132991686
ENSG00000165702,9,132944546,132944617
ENSG00000165702,9,132944571,132944616
ENSG00000165702,9,132944571,132944619
ENSG00000165702,9,132975016,132975204
ENSG00000165702,9,132944571,132944628
ENSG00000165702,9,132976460,132976595
ENSG00000165702,9,132947060,132947246
ENSG00000165702,9,132949689,132949804
ENSG00000165702,9,132944542,132944595
ENSG00000165702,9,132944571,132944631
ENSG00000165702,9,132946758,132946874
ENSG00000165702,9,132972724,132972746
ENSG00000165702,9,132988196,132988468
ENSG00000165702,9,132989060,132989198
ENSG00000165702,9,132979618,132979817
ENSG00000165702,9,132986543,132986778
ENSG00000165702,9,132951208,132953763
ENSG00000165702,9,132946596,132947001
ENSG00000165702,9,132986525,132986778
ENSG00000165702,9,132944542,132944616
ENSG00000165702,9,132944542,132944619
ENSG00000165702,9,132978506,132978841
ENSG00000165702,9,132990871,132991685
ENSG00000165702,9,132944542,132944628
ENSG00000165702,9,132944571,132944609
ENSG00000165702,9,132944546,132944616
ENSG00000165702,9,132978693,132978841
ENSG00000165702,9,132979534,132979817
ENSG00000165702,9,132944546,132944558
ENSG00000165702,9,132944542,132944573
ENSG00000165702,9,132989675,132989907
ENSG00000165702,9,132989741,132989907
ENSG00000165702,9,132944571,132944694
ENSG00000165702,9,132944571,132944633
ENSG00000165702,9,132944542,132944612
ENSG00000165702,9,132945532,132945598
ENSG00000165702,9,132944542,132944633
ENSG00000165702,9,132951208,132951553
ENSG00000165702,9,132944542,132944615
ENSG00000165702,9,132987281,132987419
ENSG00000165702,9,132979618,132979663
ENSG00000165702,9,132944571,132944782
ENSG00000165702,9,132944542,132944618
ENSG00000165702,9,132962510,132962667
ENSG00000165702,9,132990871,132991687
ENSG00000165702,9,132944542,132944627
ENSG00000165702,9,132945706,132945771
ENSG00000165702,9,132944542,132944572
ENSG00000146830,7,100682071,100682235
ENSG00000146830,7,100684449,100684616
ENSG00000146830,7,100693936,100694444
ENSG00000146830,7,100693936,100693968
ENSG00000146830,7,100688450,100688515
ENSG00000146830,7,100694109,100694250
ENSG00000146830,7,100685973,100686112
ENSG00000146830,7,100687005,100687046
ENSG00000146830,7,100688203,100688238
ENSG00000146830,7,100688591,100689555
ENSG00000146830,7,100685396,100685481
ENSG00000146830,7,100685048,100685146
ENSG00000146830,7,100694109,100694259
ENSG00000146830,7,100694109,100694274
ENSG00000146830,7,100683549,100683572
ENSG00000146830,7,100684449,100684591
ENSG00000146830,7,100681714,100681771
ENSG00000146830,7,100688450,100689555
ENSG00000146830,7,100684236,100684337
ENSG00000146830,7,100685343,100685481
ENSG00000146830,7,100693936,100694480
ENSG00000146830,7,100679504,100681771
ENSG00000146830,7,100683878,100683918
ENSG00000146830,7,100694109,100694231
ENSG00000146830,7,100688450,100690781
ENSG00000146830,7,100686179,100686433
ENSG00000146830,7,100681326,100681771
ENSG00000146830,7,100687297,100687406
ENSG00000146830,7,100694109,100694435
ENSG00000146830,7,100693936,100694037
ENSG00000146830,7,100688591,100690802
ENSG00000146830,7,100679506,100681771
ENSG00000146830,7,100682321,100682482
ENSG00000146830,7,100686648,100686759
ENSG00000146830,7,100687787,100687883
ENSG00000146830,7,100683549,100683632
ENSG00000146830,7,100688203,100689448
ENSG00000146830,7,100687980,100688110
ENSG00000146830,7,100688591,100688718
ENSG00000146830,7,100688203,100688307
ENSG00000146830,7,100683011,100683221
ENSG00000146830,7,100684837,100684894
ENSG00000146830,7,100688450,100688718
ENSG00000146830,7,100683011,100683230
ENSG00000146830,7,100681863,100681993
ENSG00000146830,7,100689301,100689555
ENSG00000146830,7,100694109,100694233
ENSG00000146830,7,100694109,100694239
ENSG00000146830,7,100687358,100687406
ENSG00000146830,7,100687504,100687616
ENSG00000146830,7,100684019,100684157
ENSG00000146830,7,100684019,100684337
ENSG00000146830,7,100683303,100683444
ENSG00000146830,7,100686648,100686819
ENSG00000146830,7,100679507,100681771
ENSG00000146830,7,100688597,100688718
ENSG00000146830,7,100682589,100682774
ENSG00000146830,7,100682589,100682777
ENSG00000146830,7,100684722,100684894
ENSG00000146830,7,100683817,100683918
ENSG00000146830,7,100685973,100686433
ENSG00000146830,7,100694109,100694275
ENSG00000146830,7,100681347,100681771
ENSG00000146830,7,100679505,100681771
ENSG00000146830,7,100685973,100686079
ENSG00000146830,7,100694109,100694232
ENSG00000123159,19,14480305,14480485
ENSG00000123159,19,14492856,14492906
ENSG00000123159,19,14492856,14492912
ENSG00000123159,19,14491661,14491743
ENSG00000123159,19,14477762,14478567
ENSG00000123159,19,14479411,14479524
ENSG00000123159,19,14481746,14483463
ENSG00000123159,19,14478704,14478765
ENSG00000123159,19,14496036,14496149
ENSG00000123159,19,14484001,14484541
ENSG00000123159,19,14483330,14483445
ENSG00000123159,19,14496036,14496112
ENSG00000123159,19,14480304,14480476
ENSG00000123159,19,14496036,14496115
ENSG00000123159,19,14480304,14480485
ENSG00000123159,19,14477759,14478567
ENSG00000123159,19,14496036,14496127
ENSG00000123159,19,14483488,14483579
ENSG00000123159,19,14477770,14478567
ENSG00000123159,19,14496036,14496075
ENSG00000123159,19,14477763,14478567
ENSG00000123159,19,14479817,14479857
ENSG00000123159,19,14480592,14480778
ENSG00000123159,19,14496036,14496157
ENSG00000123159,19,14477761,14478567
ENSG00000123159,19,14478003,14478567
ENSG00000123159,19,14478245,14478567
ENSG00000123159,19,14495504,14495668
ENSG00000123159,19,14482856,14483006
ENSG00000123159,19,14477765,14478567
ENSG00000123159,19,14478683,14478765
ENSG00000123159,19,14496036,14496120
ENSG00000123159,19,14477767,14478567
ENSG00000123159,19,14495922,14496043
ENSG00000123159,19,14479411,14480596
ENSG00000123159,19,14495922,14496052
ENSG00000123159,19,14496036,14496132
ENSG00000123159,19,14496036,14496138
ENSG00000123159,19,14489387,14489609
ENSG00000123159,19,14480592,14480896
ENSG00000123159,19,14477758,14478567
ENSG00000123159,19,14482688,14483006
ENSG00000123159,19,14492856,14493007
ENSG00000123159,19,14477760,14478567
ENSG00000123159,19,14478255,14478567
ENSG00000123159,19,14496036,14496052
ENSG00000123159,19,14491655,14491743
ENSG00000123159,19,14482855,14483006
ENSG00000123159,19,14496032,14496131
ENSG00000123159,19,14496036,14496113
ENSG00000182512,14,95534513,95534598
ENSG00000182512,14,95533247,95533717
ENSG00000182512,14,95533692,95534241
ENSG00000182512,14,95532833,95534825
ENSG00000182512,14,95535273,95535384
ENSG00000182512,14,95533692,95534189
ENSG00000182512,14,95534513,95534689
ENSG00000182512,14,95534592,95534628
ENSG00000182512,14,95534513,95534640
ENSG00000182512,14,95534513,95534649
ENSG00000182512,14,95543946,95544714
ENSG00000182512,14,95534592,95534652
ENSG00000182512,14,95533431,95533717
ENSG00000182512,14,95533354,95533629
ENSG00000182512,14,95543955,95544610
ENSG00000182512,14,95534592,95534899
ENSG00000182512,14,95534513,95534795
ENSG00000182512,14,95532890,95534043
ENSG00000182512,14,95533692,95534615
ENSG00000182512,14,95534513,95534621
ENSG00000182512,14,95534557,95534783
ENSG00000182512,14,95534034,95534800
ENSG00000182512,14,95534513,95534633
ENSG00000182512,14,95534592,95534746
ENSG00000182512,14,95534513,95534639
ENSG00000182512,14,95533692,95533974
ENSG00000182512,14,95533692,95533800
ENSG00000182512,14,95534513,95534648
ENSG00000182512,14,95533692,95534642
ENSG00000182512,14,95534592,95534825
ENSG00000182512,14,95533692,95533748
ENSG00000182512,14,95534592,95534642
ENSG00000182512,14,95534557,95534639
ENSG00000182512,14,95534034,95534241
ENSG00000182512,14,95542972,95544724
ENSG00000182512,14,95532911,95533717
ENSG00000182512,14,95534034,95534189
ENSG00000182512,14,95533692,95533717
ENSG00000182512,14,95534513,95534678
ENSG00000182512,14,95543946,95544557
ENSG00000182512,14,95535067,95535384
ENSG00000182512,14,95534592,95534925
ENSG00000182512,14,95534513,95534751
ENSG00000182512,14,95535049,95535384
ENSG00000182512,14,95534513,95534574
ENSG00000182512,14,95534592,95534751
ENSG00000182512,14,95533502,95533803
ENSG00000182512,14,95534513,95534647
ENSG00000182512,14,95533692,95534650
ENSG00000135821,1,182385759,182385887
ENSG00000135821,1,182390496,182391097
ENSG00000135821,1,182384195,182384723
ENSG00000135821,1,182392106,182392300
ENSG00000135821,1,182391678,182391774
ENSG00000135821,1,182391678,182392206
ENSG00000135821,1,182390496,182390852
ENSG00000135821,1,182391174,182391404
ENSG00000135821,1,182388571,182389069
ENSG00000135821,1,182386774,182387292
ENSG00000135821,1,182391174,182391346
ENSG00000135821,1,182381703,182384723
ENSG00000135821,1,182385356,182385556
ENSG00000135821,1,182384414,182384723
ENSG00000135821,1,182387130,182387292
ENSG00000135821,1,182388571,182390304
ENSG00000135821,1,182382893,182387292
ENSG00000135821,1,182386194,182386402
ENSG00000135821,1,182382893,182384723
ENSG00000135821,1,182386361,182386402
ENSG00000135821,1,182391678,182391790
ENSG00000135821,1,182385698,182385887
ENSG00000135821,1,182388703,182388750
ENSG00000135821,1,182385759,182385842
ENSG00000135821,1,182378097,182384723
ENSG00000135821,1,182391678,182391759
ENSG00000135821,1,182386255,182386402
ENSG00000135821,1,182385759,182385939
ENSG00000135821,1,182381704,182384723
ENSG00000135821,1,182388571,182388750
ENSG00000137198,6,16289425,16289620
ENSG00000137198,6,16289944,16290621
ENSG00000137198,6,16265797,16266343
ENSG00000137198,6,16254561,16254735
ENSG00000137198,6,16238586,16238780
ENSG00000137198,6,16238577,16238780
ENSG00000137198,6,16267010,16267221
ENSG00000137198,6,16266502,16266662
ENSG00000137198,6,16290461,16290621
ENSG00000137198,6,16289517,16289568
ENSG00000137198,6,16285792,16285835
ENSG00000137198,6,16295005,16295546
ENSG00000137198,6,16295005,16295540
ENSG00000137198,6,16262176,16262926
ENSG00000137198,6,16238588,16238780
ENSG00000137198,6,16295005,16295549
ENSG00000137198,6,16267148,16267222
ENSG00000137198,6,16295005,16295543
ENSG00000137198,6,16278783,16278890
ENSG00000137198,6,16238614,16238780
ENSG00000137198,6,16257660,16257785
ENSG00000137198,6,16255909,16256002
ENSG00000137198,6,16257972,16258121
ENSG00000137198,6,16250283,16250367
ENSG00000137198,6,16265794,16266587
ENSG00000137198,6,16267633,16267769
ENSG00000137198,6,16295005,16295539
ENSG00000137198,6,16265794,16266239
ENSG00000137198,6,16274414,16274496
ENSG00000137198,6,16295005,16295121
ENSG00000137198,6,16262681,16263354
ENSG00000137198,6,16295005,16295542
ENSG00000137198,6,16238554,16238780
ENSG00000137198,6,16295005,16295545
ENSG00000137198,6,16295005,16295548
ENSG00000137198,6,16238589,16238780
ENSG00000137198,6,16259047,16259376
ENSG00000137198,6,16265797,16266396
ENSG00000137198,6,16295005,16295923
ENSG00000137198,6,16265797,16266161
ENSG00000137198,6,16266449,16266661
ENSG00000137198,6,16295005,16295328
ENSG00000137198,6,16266396,16266661
ENSG00000137198,6,16267063,16267216
ENSG00000137198,6,16246841,16246961
ENSG00000137198,6,16290464,16290621
ENSG00000137198,6,16264340,16264553
ENSG00000137198,6,16249192,16249267
ENSG00000137198,6,16265797,16266661
ENSG00000137198,6,16254621,16254921
ENSG00000137198,6,16238670,16238780
ENSG00000137198,6,16295005,16295544
ENSG00000137198,6,16265797,16266136
ENSG00000113552,5,142012914,142013007
ENSG00000113552,5,142012668,142012973
ENSG00000113552,5,142000678,142002129
ENSG00000113552,5,142010974,142011089
ENSG00000113552,5,142004931,142005441
ENSG00000113552,5,142012994,142013012
ENSG00000113552,5,142003217,142003262
ENSG00000113552,5,142003087,142003262
ENSG00000113552,5,142011911,142013009
ENSG00000113552,5,142001809,142002129
ENSG00000113552,5,142012990,142013057
ENSG00000113552,5,142011911,142013012
ENSG00000113552,5,142012851,142012996
ENSG00000113552,5,142006143,142006314
ENSG00000113552,5,142012994,142013027
ENSG00000113552,5,142012994,142013030
ENSG00000113552,5,142006143,142006326
ENSG00000113552,5,142012914,142012994
ENSG00000113552,5,142006167,142006326
ENSG00000113552,5,142000673,142002129
ENSG00000113552,5,142012994,142013057
ENSG00000113552,5,142012287,142012377
ENSG00000113552,5,142006035,142006326
ENSG00000113552,5,142012668,142012996
ENSG00000113552,5,142011911,142012041
ENSG00000113552,5,142012287,142012996
ENSG00000113552,5,142007798,142007900
ENSG00000113552,5,142012994,142013026
ENSG00000113552,5,142011948,142012041
ENSG00000113552,5,142000677,142002129
ENSG00000113552,5,142004874,142005116
ENSG00000113552,5,142000668,142002129
ENSG00000113552,5,142001830,142002129
ENSG00000113552,5,142004931,142005116
ENSG00000113552,5,142011911,142012794
ENSG00000113552,5,142012994,142013041
ENSG00000113552,5,142012914,142012996
ENSG00000113552,5,142012994,142013050
ENSG00000113552,5,142011911,142012989
ENSG00000113552,5,141991748,141991920
ENSG00000113552,5,142000670,142002129
ENSG00000113552,5,142002085,142002129
ENSG00000113552,5,142012287,142012336
ENSG00000113552,5,142005043,142005116
ENSG00000113552,5,142005111,142005116
ENSG00000113552,5,142012287,142012339
ENSG00000113552,5,142003087,142003214
ENSG00000113552,5,142012668,142013013
ENSG00000113552,5,142000674,142002129
ENSG00000113552,5,142012990,142013027
ENSG00000113552,5,142012994,142013031
ENSG00000113552,5,142012128,142012184
ENSG00000113552,5,142000676,142002129
ENSG00000113552,5,142004985,142005116
ENSG00000113552,5,142003087,142003232
ENSG00000113552,5,142011848,142012041
ENSG00000113552,5,142002089,142002129
ENSG00000144674,3,37281957,37282272
ENSG00000144674,3,37323587,37324695
ENSG00000144674,3,37289234,37289291
ENSG00000144674,3,37328415,37328537
ENSG00000144674,3,37323587,37323621
ENSG00000144674,3,37298832,37299020
ENSG00000144674,3,37282091,37282272
ENSG00000144674,3,37366079,37366740
ENSG00000144674,3,37366079,37366749
ENSG00000144674,3,37328962,37329093
ENSG00000144674,3,37275692,37276598
ENSG00000144674,3,37243252,37243622
ENSG00000144674,3,37281987,37282272
ENSG00000144674,3,37366079,37366669
ENSG00000144674,3,37321730,37321886
ENSG00000144674,3,37366079,37366742
ENSG00000144674,3,37366079,37366751
ENSG00000144674,3,37243269,37243622
ENSG00000144674,3,37366079,37366879
ENSG00000144674,3,37337665,37337734
ENSG00000144674,3,37335052,37335166
ENSG00000144674,3,37294978,37295077
ENSG00000144674,3,37366079,37366744
ENSG00000144674,3,37273535,37273601
ENSG00000144674,3,37243431,37243622
ENSG00000144674,3,37315419,37315598
ENSG00000144674,3,37321588,37321886
ENSG00000144674,3,37325768,37327825
ENSG00000144674,3,37243244,37243622
ENSG00000144674,3,37366079,37366746
ENSG00000144674,3,37341648,37341766
ENSG00000144674,3,37286013,37286061
ENSG00000144674,3,37299287,37299371
ENSG00000144674,3,37296086,37296215
ENSG00000144674,3,37243263,37243622
ENSG00000144674,3,37241788,37244202
ENSG00000144674,3,37328962,37329339
ENSG00000144674,3,37347192,37347296
ENSG00000144674,3,37251394,37251484
ENSG00000144674,3,37315419,37315506
ENSG00000144674,3,37249700,37250607
ENSG00000144674,3,37243246,37243622
ENSG00000144674,3,37327764,37327825
ENSG00000144674,3,37294981,37295077
ENSG00000144674,3,37243270,37243622
ENSG00000144674,3,37361242,37361305
ENSG00000144674,3,37313421,37313519
ENSG00000144674,3,37287526,37287612
ENSG00000144674,3,37323587,37324959
ENSG00000144674,3,37266841,37266940
ENSG00000144674,3,37243423,37243622
ENSG00000144674,3,37281984,37282272
ENSG00000144674,3,37366079,37366750
ENSG00000144674,3,37319062,37319194
ENSG00000144674,3,37323587,37327825
ENSG00000144674,3,37296086,37296219
ENSG00000144674,3,37245302,37245421
ENSG00000144674,3,37243272,37243622
ENSG00000144674,3,37355100,37355187
ENSG00000144674,3,37243243,37243622
ENSG00000144674,3,37243364,37243622
ENSG00000144674,3,37337142,37337163
ENSG00000144674,3,37302184,37302332
ENSG00000144674,3,37243190,37243622
ENSG00000144674,3,37366079,37366745
ENSG00000144674,3,37251394,37251467
ENSG00000144674,3,37366079,37366754
ENSG00000144674,3,37319062,37320382
ENSG00000144674,3,37315419,37315580
ENSG00000144674,3,37340123,37340199
ENSG00000144674,3,37243218,37243622
ENSG00000144674,3,37243183,37243622
ENSG00000144674,3,37243251,37243622
ENSG00000144674,3,37243262,37243622
ENSG00000144674,3,37243196,37243622
ENSG00000144674,3,37243339,37243622
ENSG00000144674,3,37366079,37366747
ENSG00000173905,3,168024522,168024594
ENSG00000173905,3,168027727,168027837
ENSG00000173905,3,168010037,168010418
ENSG00000173905,3,168095098,168095955
ENSG00000173905,3,168024489,168024594
ENSG00000173905,3,168041117,168041474
ENSG00000173905,3,168008685,168010418
ENSG00000173905,3,168036835,168036994
ENSG00000173905,3,168095098,168095924
ENSG00000173905,3,168010034,168010418
ENSG00000173905,3,168010234,168010418
ENSG00000173905,3,168095098,168095344
ENSG00000173905,3,168095098,168095942
ENSG00000173905,3,168040785,168040863
ENSG00000173905,3,168040785,168040869
ENSG00000173905,3,168043378,168043529
ENSG00000173905,3,168048290,168048365
ENSG00000173905,3,168046949,168046999
ENSG00000173905,3,168095098,168095957
ENSG00000173905,3,168095098,168095966
ENSG00000173905,3,168095098,168095603
ENSG00000173905,3,168029222,168029302
ENSG00000173905,3,168043378,168043544
ENSG00000173905,3,168010058,168010418
ENSG00000173905,3,168008680,168010418
ENSG00000173905,3,168008999,168010418
ENSG00000173905,3,168008671,168010418
ENSG00000173905,3,168094048,168095087
ENSG00000173905,3,168095098,168095819
ENSG00000173905,3,168095098,168095578
ENSG00000173905,3,168024525,168024594
ENSG00000173905,3,168095098,168096536
ENSG00000173905,3,168009001,168010418
ENSG00000173905,3,168029779,168030036
ENSG00000173905,3,168095098,168095410
ENSG00000173905,3,168095098,168095889
ENSG00000173905,3,168024927,168025095
ENSG00000173905,3,168095098,168095718
ENSG00000173905,3,168044827,168044881
ENSG00000173905,3,168029219,168029302
ENSG00000173905,3,168041391,168041474
ENSG00000173905,3,168032519,168032852
ENSG00000173905,3,168009672,168010418
ENSG00000173905,3,168010742,168010823
ENSG00000173905,3,168008699,168010418
ENSG00000173905,3,168008688,168010418
ENSG00000173905,3,168095098,168095922
ENSG00000119714,14,91244296,91244704
ENSG00000119714,14,91244434,91245089
ENSG00000119714,14,91232532,91235179
ENSG00000119714,14,91242934,91243013
ENSG00000119714,14,91232531,91235116
ENSG00000119714,14,91243108,91243742
ENSG00000119714,14,91241784,91242087
ENSG00000119714,14,91253714,91253880
ENSG00000119714,14,91244296,91244508
ENSG00000119714,14,91242139,91242165
ENSG00000119714,14,91242896,91243013
ENSG00000119714,14,91250764,91250842
ENSG00000119714,14,91237280,91237487
ENSG00000119714,14,91253714,91254026
ENSG00000119714,14,91232531,91235179
ENSG00000119714,14,91253714,91253925
ENSG00000119714,14,91243912,91243981
ENSG00000119714,14,91235117,91235179
ENSG00000119714,14,91250764,91252211
ENSG00000119714,14,91242781,91243013
ENSG00000119714,14,91250764,91250835
ENSG00000119714,14,91234036,91235179
ENSG00000119714,14,91247489,91247659
ENSG00000119714,14,91244354,91244499
ENSG00000119714,14,91250764,91251228
ENSG00000119714,14,91241949,91242091
ENSG00000119714,14,91242758,91243013
ENSG00000119714,14,91242139,91242169
ENSG00000136732,2,126695945,126696666
ENSG00000136732,2,126656132,126656312
ENSG00000136732,2,126695945,126696667
ENSG00000136732,2,126657606,126658767
ENSG00000136732,2,126695945,126696664
ENSG00000136732,2,126656188,126656312
ENSG00000136732,2,126656183,126656312
ENSG00000136732,2,126679621,126680420
ENSG00000136732,2,126678300,126678887
ENSG00000136732,2,126656157,126656312
ENSG00000136732,2,126656141,126656312
ENSG00000136732,2,126655937,126656312
ENSG00000136732,2,126693863,126693947
ENSG00000136732,2,126690254,126690311
ENSG00000136732,2,126693842,126693947
ENSG00000136732,2,126685827,126686645
ENSG00000140511,15,88887174,88887345
ENSG00000140511,15,88879417,88880610
ENSG00000140511,15,88895458,88895515
ENSG00000140511,15,88887174,88887659
ENSG00000140511,15,88887425,88887488
ENSG00000140511,15,88895458,88895530
ENSG00000140511,15,88877296,88878256
ENSG00000140511,15,88895458,88895533
ENSG00000140511,15,88895458,88895597
ENSG00000140511,15,88877294,88878256
ENSG00000140511,15,88895458,88895545
ENSG00000140511,15,88879118,88879269
ENSG00000140511,15,88895458,88895517
ENSG00000140511,15,88893027,88893112
ENSG00000140511,15,88878966,88879269
ENSG00000140511,15,88895458,88895544
ENSG00000140511,15,88877293,88878256
ENSG00000140511,15,88881356,88881725
ENSG00000140511,15,88879417,88879452
ENSG00000140511,15,88879410,88879452
ENSG00000140511,15,88895458,88895513
ENSG00000140511,15,88877830,88878256
ENSG00000140511,15,88890503,88890831
ENSG00000140511,15,88892973,88893112
ENSG00000140511,15,88877539,88878256
ENSG00000140511,15,88895458,88895531
ENSG00000140511,15,88881144,88881725
ENSG00000140511,15,88895458,88895540
ENSG00000140511,15,88877301,88878256
ENSG00000130656,16,153891,153964
ENSG00000130656,16,152892,153004
ENSG00000130656,16,152643,153004
ENSG00000130656,16,142727,143089
ENSG00000130656,16,154271,154503
ENSG00000130656,16,153891,154096
ENSG00000111906,6,125262833,125263038
ENSG00000111906,6,125229066,125229266
ENSG00000111906,6,125219844,125220193
ENSG00000111906,6,125301848,125302078
ENSG00000111906,6,125262833,125263044
ENSG00000111906,6,125220077,125220193
ENSG00000111906,6,125276954,125277240
ENSG00000111906,6,125301863,125302115
ENSG00000111906,6,125272349,125272497
ENSG00000111906,6,125301848,125301974
ENSG00000111906,6,125262833,125263062
ENSG00000111906,6,125268086,125268265
ENSG00000111906,6,125219961,125220152
ENSG00000111906,6,125301848,125301937
ENSG00000111906,6,125262833,125263492
ENSG00000111906,6,125292827,125292909
ENSG00000111906,6,125248281,125248475
ENSG00000111906,6,125261010,125263496
ENSG00000111906,6,125272967,125274828
ENSG00000111906,6,125275885,125279414
ENSG00000111906,6,125262833,125264407
ENSG00000111906,6,125292840,125292909
ENSG00000111906,6,125253716,125253755
ENSG00000111906,6,125234345,125234413
ENSG00000111906,6,125277101,125277240
ENSG00000111906,6,125301848,125301955
ENSG00000111906,6,125257097,125257180
ENSG00000111906,6,125276162,125276217
ENSG00000111906,6,125301848,125301958
ENSG00000111906,6,125262833,125263226
ENSG00000111906,6,125248281,125248383
ENSG00000111906,6,125293084,125293141
ENSG00000111906,6,125301848,125301967
ENSG00000111906,6,125275881,125276243
ENSG00000111906,6,125300276,125300659
ENSG00000111906,6,125221844,125221983
ENSG00000111906,6,125262833,125263125
ENSG00000111906,6,125262833,125263250
ENSG00000111906,6,125257097,125257158
ENSG00000111906,6,125270515,125270635
ENSG00000111906,6,125262833,125263497
ENSG00000111906,6,125231206,125231237
ENSG00000111906,6,125277078,125277240
ENSG00000111906,6,125301848,125302128
ENSG00000111906,6,125301848,125301951
ENSG00000111906,6,125265181,125265352
ENSG00000111906,6,125275867,125276243
ENSG00000111906,6,125292840,125293231
ENSG00000111906,6,125221927,125221983
ENSG00000111906,6,125229117,125229266
ENSG00000111906,6,125298713,125298816
ENSG00000111906,6,125262833,125263057
ENSG00000111906,6,125301848,125302072
ENSG00000111906,6,125259962,125260380
ENSG00000111906,6,125298649,125298816
ENSG00000111906,6,125252021,125252036
ENSG00000111906,6,125297486,125297569
ENSG00000111906,6,125300537,125300659
ENSG00000111906,6,125252021,125253799
ENSG00000111906,6,125248281,125248360
ENSG00000111906,6,125262833,125263148
ENSG00000111906,6,125275349,125276243
ENSG00000136929,9,97926790,97927478
ENSG00000136929,9,97936170,97936264
ENSG00000136929,9,97938057,97938172
ENSG00000136929,9,97938057,97938191
ENSG00000136929,9,97944767,97944856
ENSG00000136929,9,97930034,97931221
ENSG00000152804,10,92694546,92695641
ENSG00000152804,10,92692031,92692546
ENSG00000152804,10,92694546,92694788
ENSG00000152804,10,92694549,92695637
ENSG00000152804,10,92689954,92690347
ENSG00000152804,10,92691819,92692099
ENSG00000152804,10,92689902,92690347
ENSG00000152804,10,92692701,92692752
ENSG00000152804,10,92691569,92692483
ENSG00000152804,10,92694546,92695647
ENSG00000152804,10,92692367,92692546
ENSG00000198130,2,190199696,190199950
ENSG00000198130,2,190319715,190319769
ENSG00000198130,2,190290404,190290485
ENSG00000198130,2,190205014,190205232
ENSG00000198130,2,190319715,190319826
ENSG00000198130,2,190319715,190319890
ENSG00000198130,2,190343935,190344078
ENSG00000198130,2,190344025,190344380
ENSG00000198130,2,190343588,190343961
ENSG00000198130,2,190204635,190205232
ENSG00000198130,2,190343643,190343961
ENSG00000198130,2,190249639,190249726
ENSG00000198130,2,190212955,190213075
ENSG00000198130,2,190343959,190344078
ENSG00000198130,2,190344003,190344078
ENSG00000198130,2,190343907,190343961
ENSG00000198130,2,190344018,190344078
ENSG00000198130,2,190205099,190205232
ENSG00000198130,2,190280930,190281097
ENSG00000198130,2,190344078,190344218
ENSG00000198130,2,190343594,190343961
ENSG00000198130,2,190203919,190205232
ENSG00000198130,2,190244886,190244968
ENSG00000198130,2,190204916,190205232
ENSG00000198130,2,190310753,190310796
ENSG00000198130,2,190294545,190294630
ENSG00000198130,2,190319715,190319839
ENSG00000198130,2,190287585,190287638
ENSG00000198130,2,190344072,190344380
ENSG00000198130,2,190343569,190343961
ENSG00000198130,2,190344072,190344218
ENSG00000198130,2,190343991,190344193
ENSG00000198130,2,190343597,190343961
ENSG00000198130,2,190343929,190343961
ENSG00000198130,2,190343917,190344078
ENSG00000198130,2,190343600,190344078
ENSG00000198130,2,190260399,190260511
ENSG00000198130,2,190195199,190195411
ENSG00000198130,2,190344051,190344218
ENSG00000198130,2,190199696,190202443
ENSG00000198130,2,190204634,190204802
ENSG00000198130,2,190343915,190344074
ENSG00000198130,2,190200799,190203888
ENSG00000198130,2,190252165,190252307
ENSG00000198130,2,190294545,190294627
ENSG00000198130,2,190343941,190344074
ENSG00000198130,2,190244901,190244968
ENSG00000198130,2,190250259,190250513
ENSG00000198130,2,190343646,190343961
ENSG00000198130,2,190343899,190343961
ENSG00000198130,2,190319715,190319829
ENSG00000198130,2,190208675,190208913
ENSG00000198130,2,190246153,190246215
ENSG00000198130,2,190279801,190280052
ENSG00000198130,2,190252161,190252296
ENSG00000198130,2,190212955,190213042
ENSG00000198130,2,190344153,190344380
ENSG00000198130,2,190199696,190200214
ENSG00000198130,2,190203920,190205232
ENSG00000198130,2,190245301,190245370
ENSG00000198130,2,190296812,190296953
ENSG00000198130,2,190260472,190260511
ENSG00000198130,2,190199696,190200479
ENSG00000198130,2,190343915,190344078
ENSG00000198130,2,190343874,190343961
ENSG00000198130,2,190343623,190343961
ENSG00000198130,2,190252161,190252307
ENSG00000198130,2,190251491,190251558
ENSG00000198130,2,190344049,190344218
ENSG00000198130,2,190343587,190343961
ENSG00000198130,2,190319715,190319824
ENSG00000198130,2,190199696,190200063
ENSG00000198130,2,190344062,190344218
ENSG00000198130,2,190344163,190344218
ENSG00000198130,2,190280930,190281093
ENSG00000198130,2,190204647,190205232
ENSG00000198130,2,190199696,190200209
ENSG00000198130,2,190250374,190250503
ENSG00000198130,2,190212955,190216109
ENSG00000198130,2,190280930,190281068
ENSG00000198130,2,190199696,190203473
ENSG00000198130,2,190208684,190208913
ENSG00000198130,2,190199696,190199827
ENSG00000198130,2,190246153,190246212
ENSG00000198130,2,190261155,190261234
ENSG00000198130,2,190319715,190319774
ENSG00000198130,2,190189734,190189997
ENSG00000198130,2,190220290,190220450
ENSG00000198130,2,190340589,190340732
ENSG00000198130,2,190199696,190203484
ENSG00000198130,2,190204639,190205232
ENSG00000198130,2,190208879,190208913
ENSG00000198130,2,190252238,190252307
ENSG00000124575,6,26234211,26234987
ENSG00000168298,6,26156328,26157115
ENSG00000158373,6,26160764,26161205
ENSG00000158373,6,26163307,26163676
ENSG00000158373,6,26164071,26164363
ENSG00000158373,6,26158836,26159044
ENSG00000158373,6,26158124,26158559
ENSG00000158373,6,26159277,26162332
ENSG00000158373,6,26158121,26158607
ENSG00000158373,6,26158123,26158559
ENSG00000158373,6,26158145,26158559
ENSG00000158373,6,26159407,26160512
ENSG00000158373,6,26170974,26171349
ENSG00000124635,6,27126675,27127634
ENSG00000124635,6,27132366,27132750
ENSG00000124635,6,27132366,27132795
ENSG00000124635,6,27132524,27132548
ENSG00000124635,6,27122656,27126462
ENSG00000124635,6,27126078,27126462
ENSG00000124635,6,27132315,27132795
ENSG00000158406,6,26281054,26281587
ENSG00000158406,6,26285478,26286053
ENSG00000158406,6,26277608,26278477
ENSG00000158406,6,26285033,26285638
ENSG00000158406,6,26285033,26285534
ENSG00000158406,6,26285206,26287246
ENSG00000158406,6,26285125,26285534
ENSG00000158406,6,26280898,26281587
ENSG00000112972,5,43287600,43289725
ENSG00000112972,5,43289394,43291220
ENSG00000112972,5,43313355,43313473
ENSG00000112972,5,43313355,43313412
ENSG00000112972,5,43293733,43294162
ENSG00000112972,5,43294690,43294852
ENSG00000112972,5,43294690,43294861
ENSG00000112972,5,43292473,43292637
ENSG00000112972,5,43313355,43313512
ENSG00000112972,5,43292847,43292973
ENSG00000112972,5,43290467,43290839
ENSG00000112972,5,43287469,43291220
ENSG00000112972,5,43307765,43307824
ENSG00000112972,5,43294412,43294861
ENSG00000112972,5,43295751,43295857
ENSG00000112972,5,43313021,43313224
ENSG00000112972,5,43297001,43297166
ENSG00000112972,5,43298445,43298975
ENSG00000112972,5,43298678,43298975
ENSG00000112972,5,43294055,43294162
ENSG00000112972,5,43289394,43289665
ENSG00000112972,5,43298143,43298975
ENSG00000112972,5,43298008,43298134
ENSG00000112972,5,43313355,43313474
ENSG00000112972,5,43298517,43298975
ENSG00000112972,5,43295751,43295917
ENSG00000143889,2,38561968,38564237
ENSG00000143889,2,38563185,38564237
ENSG00000143889,2,38599897,38600026
ENSG00000143889,2,38591529,38591648
ENSG00000143889,2,38582071,38582173
ENSG00000143889,2,38602437,38602600
ENSG00000143889,2,38581912,38581985
ENSG00000143889,2,38568078,38568297
ENSG00000143889,2,38591575,38591648
ENSG00000143889,2,38602856,38603029
ENSG00000143889,2,38602437,38603036
ENSG00000143889,2,38573209,38573427
ENSG00000143889,2,38601597,38601626
ENSG00000143889,2,38577460,38577532
ENSG00000143889,2,38591529,38591641
ENSG00000143889,2,38569132,38569334
ENSG00000143889,2,38583845,38583926
ENSG00000143889,2,38603167,38603586
ENSG00000143889,2,38565410,38565578
ENSG00000143889,2,38565410,38565581
ENSG00000143889,2,38581814,38582168
ENSG00000143889,2,38602856,38602929
ENSG00000143889,2,38602437,38602928
ENSG00000143889,2,38564031,38564237
ENSG00000143889,2,38602437,38602626
ENSG00000143889,2,38568198,38568297
ENSG00000143889,2,38581912,38581980
ENSG00000143889,2,38577919,38578002
ENSG00000143889,2,38585643,38585747
ENSG00000143889,2,38581074,38581985
ENSG00000143889,2,38569803,38569925
ENSG00000143889,2,38567771,38568016
ENSG00000143889,2,38582071,38582168
ENSG00000143889,2,38563507,38564237
ENSG00000143889,2,38585643,38585881
ENSG00000143889,2,38583840,38583926
ENSG00000143889,2,38602437,38602857
ENSG00000143889,2,38569803,38569836
ENSG00000143889,2,38602856,38603036
ENSG00000143889,2,38583842,38583926
ENSG00000143889,2,38601974,38602178
ENSG00000143889,2,38561977,38564237
ENSG00000143889,2,38568385,38568443
ENSG00000115756,2,10373605,10374320
ENSG00000115756,2,10396834,10396920
ENSG00000115756,2,10301361,10301793
ENSG00000115756,2,10420020,10420135
ENSG00000115756,2,10387267,10387529
ENSG00000115756,2,10426723,10427586
ENSG00000115756,2,10368797,10369217
ENSG00000115756,2,10300841,10302507
ENSG00000115756,2,10426723,10427595
ENSG00000115756,2,10302924,10303177
ENSG00000115756,2,10426723,10427604
ENSG00000115756,2,10301365,10301717
ENSG00000115756,2,10301577,10302512
ENSG00000115756,2,10301600,10302459
ENSG00000115756,2,10387757,10387810
ENSG00000115756,2,10389427,10389577
ENSG00000115756,2,10422982,10423088
ENSG00000115756,2,10387910,10387964
ENSG00000115756,2,10324321,10324506
ENSG00000115756,2,10302915,10303177
ENSG00000115756,2,10301823,10301960
ENSG00000115756,2,10418023,10420135
ENSG00000115756,2,10426723,10427835
ENSG00000115756,2,10307807,10307924
ENSG00000115756,2,10396834,10396952
ENSG00000115756,2,10302888,10303177
ENSG00000115756,2,10302877,10303177
ENSG00000115756,2,10426723,10427618
ENSG00000115756,2,10396138,10396183
ENSG00000115756,2,10406139,10406361
ENSG00000115756,2,10302894,10303177
ENSG00000115756,2,10302905,10303177
ENSG00000115756,2,10412112,10412322
ENSG00000115756,2,10408388,10408469
ENSG00000115756,2,10426594,10426832
ENSG00000115756,2,10302920,10303177
ENSG00000115756,2,10332686,10332754
ENSG00000115756,2,10302907,10303177
ENSG00000115756,2,10302973,10303177
ENSG00000115756,2,10408388,10408734
ENSG00000115756,2,10386454,10386508
ENSG00000115756,2,10368740,10369217
ENSG00000115756,2,10368567,10368737
ENSG00000115756,2,10426723,10427000
ENSG00000115756,2,10368540,10368737
ENSG00000115756,2,10358081,10358212
ENSG00000115756,2,10302031,10302514
ENSG00000115756,2,10301823,10302485
ENSG00000115756,2,10389295,10389577
ENSG00000115756,2,10387242,10387529
ENSG00000115756,2,10302939,10303177
ENSG00000115756,2,10302899,10303177
ENSG00000115756,2,10404212,10404365
ENSG00000115756,2,10410486,10411841
ENSG00000115756,2,10301355,10301717
ENSG00000115756,2,10336936,10337103
ENSG00000115756,2,10426723,10427606
ENSG00000115756,2,10396837,10396920
ENSG00000115756,2,10368763,10369217
ENSG00000115756,2,10426723,10427615
ENSG00000115756,2,10303870,10303942
ENSG00000115756,2,10302912,10303177
ENSG00000115756,2,10426219,10426495
ENSG00000115756,2,10330162,10330210
ENSG00000115756,2,10388612,10389577
ENSG00000115756,2,10303738,10303942
ENSG00000115756,2,10426723,10427352
ENSG00000115756,2,10302903,10303177
ENSG00000115756,2,10302914,10303177
ENSG00000115756,2,10426723,10427599
ENSG00000115756,2,10303906,10303946
ENSG00000115756,2,10357563,10357714
ENSG00000115756,2,10426723,10427608
ENSG00000115756,2,10336763,10336887
ENSG00000115756,2,10426723,10427617
ENSG00000115756,2,10368751,10369217
ENSG00000115756,2,10408197,10408734
ENSG00000115756,2,10302878,10303177
ENSG00000115756,2,10332717,10332754
ENSG00000115756,2,10374399,10374580
ENSG00000115756,2,10422982,10425981
ENSG00000115756,2,10389291,10389577
ENSG00000115756,2,10396138,10396301
ENSG00000115756,2,10302865,10303177
ENSG00000115756,2,10387260,10387529
ENSG00000115756,2,10302880,10303177
ENSG00000115756,2,10302891,10303177
ENSG00000115756,2,10426723,10427592
ENSG00000115756,2,10418951,10419243
ENSG00000115756,2,10419733,10420135
ENSG00000115756,2,10302031,10302477
ENSG00000115756,2,10354215,10354381
ENSG00000115756,2,10301577,10302554
ENSG00000115756,2,10302908,10303177
ENSG00000115756,2,10301970,10302357
ENSG00000115756,2,10407457,10407845
ENSG00000115756,2,10408561,10408734
ENSG00000115756,2,10407968,10408113
ENSG00000115756,2,10360710,10360903
ENSG00000115756,2,10419682,10420135
ENSG00000115756,2,10368928,10369217
ENSG00000115756,2,10302921,10303177
ENSG00000115756,2,10387435,10387529
ENSG00000115756,2,10388227,10388335
ENSG00000115756,2,10302659,10303177
ENSG00000115756,2,10302859,10303177
ENSG00000115756,2,10387241,10387810
ENSG00000115756,2,10419733,10419847
ENSG00000115756,2,10362392,10362537
ENSG00000115756,2,10419739,10420135
ENSG00000115756,2,10426723,10427587
ENSG00000115756,2,10410638,10410796
ENSG00000115756,2,10426723,10427596
ENSG00000115756,2,10363723,10363898
ENSG00000115756,2,10302872,10303177
ENSG00000115756,2,10426723,10427614
ENSG00000115756,2,10396429,10396472
ENSG00000115756,2,10411995,10412542
ENSG00000115756,2,10301823,10302013
ENSG00000115756,2,10426723,10427623
ENSG00000115756,2,10301577,10302467
ENSG00000115756,2,10368677,10368737
ENSG00000115756,2,10363831,10363898
ENSG00000115756,2,10396136,10396301
ENSG00000115756,2,10389294,10389570
ENSG00000115756,2,10396429,10396920
ENSG00000115756,2,10302889,10303177
ENSG00000115756,2,10426723,10427607
ENSG00000115756,2,10426723,10427616
ENSG00000115756,2,10301365,10301793
ENSG00000115756,2,10304648,10304903
ENSG00000115756,2,10422982,10423091
ENSG00000115756,2,10302902,10303177
ENSG00000115756,2,10358300,10358802
ENSG00000115756,2,10303699,10303942
ENSG00000115756,2,10302983,10303177
ENSG00000115756,2,10303117,10303177
ENSG00000115756,2,10426723,10427591
ENSG00000115756,2,10324327,10324396
ENSG00000115756,2,10303696,10303946
ENSG00000115756,2,10426723,10427600
ENSG00000115756,2,10395389,10395761
ENSG00000115756,2,10426723,10427609
ENSG00000115756,2,10374457,10374580
ENSG00000115756,2,10302923,10303177
ENSG00000115756,2,10387426,10387810
ENSG00000115756,2,10368673,10368737
ENSG00000115756,2,10408558,10408734
ENSG00000115756,2,10397328,10397853
ENSG00000115756,2,10426723,10427584
ENSG00000115756,2,10408668,10408734
ENSG00000115756,2,10424524,10424613
ENSG00000115756,2,10426723,10427602
ENSG00000115756,2,10406264,10406361
ENSG00000115756,2,10301823,10302477
ENSG00000115756,2,10324346,10324396
ENSG00000115756,2,10387760,10387810
ENSG00000179097,3,87910219,87910345
ENSG00000179097,3,87990707,87993690
ENSG00000179097,3,87822007,87822124
ENSG00000179097,3,87793212,87793489
ENSG00000179097,3,87959767,87961815
ENSG00000179097,3,87793212,87793617
ENSG00000179097,3,87793234,87793983
ENSG00000179097,3,87990707,87993839
ENSG00000179097,3,87792703,87792903
ENSG00000179097,3,87793212,87793629
ENSG00000179097,3,87792705,87792842
ENSG00000108622,17,64002593,64002925
ENSG00000108622,17,64004254,64005373
ENSG00000108622,17,64020522,64020632
ENSG00000108622,17,64002595,64002925
ENSG00000108622,17,64020522,64020635
ENSG00000108622,17,64005106,64005137
ENSG00000108622,17,64003648,64003964
ENSG00000108622,17,64020522,64020595
ENSG00000108622,17,64007740,64007822
ENSG00000108622,17,64002597,64002925
ENSG00000108622,17,64020522,64020607
ENSG00000108622,17,64005323,64005373
ENSG00000108622,17,64006630,64006731
ENSG00000108622,17,64020522,64020625
ENSG00000108622,17,64006377,64006493
ENSG00000108622,17,64006630,64006746
ENSG00000108622,17,64003643,64003964
ENSG00000108622,17,64006630,64006932
ENSG00000108622,17,64005938,64006735
ENSG00000108622,17,64001732,64004285
ENSG00000108622,17,64020522,64020591
ENSG00000108622,17,64004926,64005373
ENSG00000108622,17,64020405,64020634
ENSG00000108622,17,64020405,64020579
ENSG00000108622,17,64020522,64020551
ENSG00000108622,17,64020522,64020618
ENSG00000108622,17,64004049,64004215
ENSG00000108622,17,64001732,64003113
ENSG00000108622,17,64002594,64002925
ENSG00000108622,17,64003869,64003964
ENSG00000108622,17,64007740,64009157
ENSG00000108622,17,64020522,64020624
ENSG00000108622,17,64008459,64008606
ENSG00000108622,17,64020405,64020514
ENSG00000108622,17,64020522,64020633
ENSG00000108622,17,64002631,64002925
ENSG00000108622,17,64005106,64005251
ENSG00000108622,17,64006630,64006751
ENSG00000108622,17,64003792,64003964
ENSG00000108622,17,64004049,64004181
ENSG00000108622,17,64005106,64005373
ENSG00000108622,17,64020522,64020593
ENSG00000108622,17,64006630,64006769
ENSG00000108622,17,64006630,64006671
ENSG00000108622,17,64001732,64004305
ENSG00000108622,17,64006630,64006735
ENSG00000108622,17,64006630,64006793
ENSG00000125968,20,31604405,31605066
ENSG00000125968,20,31605288,31605651
ENSG00000125968,20,31603561,31604945
ENSG00000125968,20,31602767,31602952
ENSG00000125968,20,31573141,31573263
ENSG00000125968,20,31605371,31605813
ENSG00000125968,20,31573006,31573075
ENSG00000125968,20,31593622,31593662
ENSG00000125968,20,31606052,31606513
ENSG00000125968,20,31606052,31606510
ENSG00000125968,20,31581088,31581192
ENSG00000125968,20,31572798,31573048
ENSG00000125968,20,31593602,31593662
ENSG00000125968,20,31577603,31577923
ENSG00000125968,20,31593518,31593662
ENSG00000125968,20,31593608,31593662
ENSG00000125968,20,31605282,31606515
ENSG00000125968,20,31604143,31604945
ENSG00000125968,20,31606052,31606509
ENSG00000125968,20,31606052,31606515
ENSG00000125968,20,31603947,31605143
ENSG00000125968,20,31577603,31577782
ENSG00000125968,20,31605029,31605138
ENSG00000125968,20,31594506,31594570
ENSG00000125968,20,31605102,31605232
ENSG00000125968,20,31606052,31606511
ENSG00000125968,20,31605288,31605813
ENSG00000125968,20,31580842,31581214
ENSG00000125968,20,31573013,31573075
ENSG00000125968,20,31573376,31573438
ENSG00000115738,2,8679807,8680587
ENSG00000115738,2,8679349,8679434
ENSG00000115738,2,8678740,8678853
ENSG00000115738,2,8679548,8679622
ENSG00000115738,2,8681853,8682513
ENSG00000115738,2,8682055,8682513
ENSG00000115738,2,8683684,8684453
ENSG00000115738,2,8681826,8681863
ENSG00000115738,2,8679421,8679461
ENSG00000115738,2,8683780,8684316
ENSG00000115738,2,8679037,8679084
ENSG00000115738,2,8682779,8682906
ENSG00000115738,2,8683684,8684031
ENSG00000115738,2,8683684,8684461
ENSG00000115738,2,8682052,8682513
ENSG00000115738,2,8681490,8681565
ENSG00000115738,2,8683116,8683805
ENSG00000115738,2,8678844,8679317
ENSG00000115738,2,8682842,8683007
ENSG00000115738,2,8682842,8682906
ENSG00000115738,2,8681826,8681898
ENSG00000115738,2,8679037,8679162
ENSG00000115738,2,8681826,8681861
ENSG00000115738,2,8681826,8681864
ENSG00000137331,6,30743233,30743635
ENSG00000137331,6,30744308,30744547
ENSG00000137331,6,30744311,30744550
ENSG00000137331,6,30742756,30743716
ENSG00000137331,6,30743198,30744196
ENSG00000137331,6,30743789,30743874
ENSG00000137331,6,30743233,30743736
ENSG00000137331,6,30743233,30743716
ENSG00000137331,6,30743198,30744548
ENSG00000137331,6,30743233,30743639
ENSG00000162783,1,181088699,181092900
ENSG00000185885,11,314921,315272
ENSG00000185885,11,313526,313691
ENSG00000185885,11,314039,314356
ENSG00000185885,11,311034,311184
ENSG00000185885,11,314926,315271
ENSG00000185885,11,314786,314809
ENSG00000185885,11,314936,315272
ENSG00000185885,11,314039,314392
ENSG00000185885,11,314881,315272
ENSG00000185885,11,313999,314356
ENSG00000185885,11,311308,311340
ENSG00000185885,11,314921,315271
ENSG00000185885,11,314932,315271
ENSG00000185885,11,311034,311171
ENSG00000185885,11,314673,314809
ENSG00000185885,11,309531,310423
ENSG00000185885,11,313996,314356
ENSG00000185885,11,314025,314350
ENSG00000185885,11,314551,314646
ENSG00000185885,11,314049,314350
ENSG00000185885,11,314921,315240
ENSG00000185885,11,314417,314456
ENSG00000185885,11,314016,314356
ENSG00000185885,11,314262,314314
ENSG00000185885,11,311034,311198
ENSG00000185885,11,314642,314809
ENSG00000185885,11,313505,313691
ENSG00000185885,11,310943,310973
ENSG00000185885,11,314029,314356
ENSG00000185885,11,314673,314717
ENSG00000185885,11,314163,314356
ENSG00000185885,11,309527,310416
ENSG00000185885,11,314921,314962
ENSG00000185885,11,314921,315270
ENSG00000185885,11,313252,313413
ENSG00000185885,11,314039,314360
ENSG00000185885,11,310040,310171
ENSG00000185885,11,309529,310400
ENSG00000185885,11,314936,315273
ENSG00000185885,11,311839,311869
ENSG00000185885,11,313390,313420
ENSG00000185885,11,314926,315272
ENSG00000185885,11,310040,310314
ENSG00000185885,11,314881,314962
ENSG00000185885,11,314039,314341
ENSG00000185885,11,314167,314356
ENSG00000185885,11,314039,314350
ENSG00000185885,11,314191,314356
ENSG00000185885,11,314963,315272
ENSG00000141753,17,40452984,40453106
ENSG00000141753,17,40457721,40457947
ENSG00000141753,17,40456448,40457727
ENSG00000141753,17,40456448,40457723
ENSG00000141753,17,40443449,40444084
ENSG00000141753,17,40456448,40457726
ENSG00000141753,17,40453927,40454062
ENSG00000141753,17,40443445,40444084
ENSG00000141753,17,40453933,40454062
ENSG00000141753,17,40452984,40453139
ENSG00000141753,17,40456448,40457725
ENSG00000141753,17,40452989,40453142
ENSG00000141753,17,40452984,40453142
ENSG00000141753,17,40443449,40444089
ENSG00000143061,1,116667617,116667722
ENSG00000143061,1,116667360,116667468
ENSG00000143061,1,116577219,116577562
ENSG00000143061,1,116574963,116577562
ENSG00000143061,1,116616079,116616457
ENSG00000143061,1,116667617,116667755
ENSG00000143061,1,116606491,116606548
ENSG00000143061,1,116606491,116606551
ENSG00000143061,1,116603623,116604025
ENSG00000143061,1,116666283,116666956
ENSG00000143061,1,116646871,116646945
ENSG00000143061,1,116616263,116616457
ENSG00000143061,1,116667617,116667733
ENSG00000143061,1,116666283,116666431
ENSG00000143061,1,116584644,116585052
ENSG00000143061,1,116576118,116577562
ENSG00000143061,1,116579391,116579877
ENSG00000143061,1,116576795,116577562
ENSG00000143061,1,116588693,116589104
ENSG00000143061,1,116574407,116577562
ENSG00000143061,1,116573813,116574990
ENSG00000143061,1,116574398,116577562
ENSG00000143061,1,116613764,116614175
ENSG00000143061,1,116600048,116600345
ENSG00000143061,1,116599940,116600345
ENSG00000143061,1,116667617,116667820
ENSG00000143061,1,116607941,116608331
ENSG00000136244,7,22729513,22729660
ENSG00000136244,7,22725394,22726705
ENSG00000136244,7,22731405,22731998
ENSG00000136244,7,22727197,22727281
ENSG00000136244,7,22727567,22727613
ENSG00000136244,7,22729513,22729803
ENSG00000136244,7,22727199,22727281
ENSG00000136244,7,22727223,22727281
ENSG00000136244,7,22729513,22729815
ENSG00000136244,7,22727512,22727634
ENSG00000136244,7,22729513,22729647
ENSG00000136244,7,22731405,22731729
ENSG00000136244,7,22731405,22731988
ENSG00000136244,7,22725883,22726258
ENSG00000136244,7,22727146,22727281
ENSG00000136244,7,22727199,22727634
ENSG00000136244,7,22729513,22731202
ENSG00000136244,7,22727443,22727634
ENSG00000136244,7,22727178,22727281
ENSG00000136244,7,22731405,22731694
ENSG00000136244,7,22731405,22732002
ENSG00000136244,7,22727176,22728806
ENSG00000136244,7,22727567,22727620
ENSG00000136244,7,22727213,22727281
ENSG00000136244,7,22727239,22727281
ENSG00000136244,7,22728692,22728806
ENSG00000186480,7,155301606,155301690
ENSG00000186480,7,155296723,155297430
ENSG00000186480,7,155298258,155298655
ENSG00000186480,7,155308240,155310235
ENSG00000186480,7,155296730,155297246
ENSG00000186480,7,155298560,155298697
ENSG00000186480,7,155308240,155308960
ENSG00000186480,7,155302746,155302846
ENSG00000186480,7,155297879,155298027
ENSG00000186480,7,155297877,155297959
ENSG00000186480,7,155302250,155303018
ENSG00000186480,7,155302250,155302417
ENSG00000186480,7,155298258,155298697
ENSG00000186480,7,155298513,155298722
ENSG00000186480,7,155295905,155297541
ENSG00000186480,7,155296275,155296830
ENSG00000186480,7,155296303,155297450
ENSG00000186480,7,155297828,155298027
ENSG00000186480,7,155297888,155297959
ENSG00000186480,7,155302728,155302846
ENSG00000186480,7,155298150,155298511
ENSG00000186480,7,155298150,155298444
ENSG00000186480,7,155298262,155298697
ENSG00000186480,7,155303824,155303895
ENSG00000186480,7,155298521,155298719
ENSG00000186480,7,155297030,155297430
ENSG00000186480,7,155296162,155297074
ENSG00000186480,7,155308240,155308757
ENSG00000186480,7,155298594,155299042
ENSG00000186480,7,155301565,155301690
ENSG00000186480,7,155297775,155297959
ENSG00000186480,7,155308240,155308592
ENSG00000186480,7,155298863,155298980
ENSG00000186480,7,155296973,155297161
ENSG00000186480,7,155298258,155298366
ENSG00000186480,7,155308240,155311963
ENSG00000186480,7,155301565,155301720
ENSG00000186480,7,155308240,155310233
ENSG00000186480,7,155296723,155297440
ENSG00000186480,7,155296771,155298697
ENSG00000186480,7,155296852,155297124
ENSG00000186480,7,155296162,155297122
ENSG00000186480,7,155296303,155297433
ENSG00000186480,7,155298521,155298840
ENSG00000186480,7,155296542,155296937
ENSG00000186480,7,155297849,155297959
ENSG00000186480,7,155298863,155299028
ENSG00000186480,7,155296542,155297440
ENSG00000164941,8,94853793,94853915
ENSG00000164941,8,94824892,94825067
ENSG00000164941,8,94866157,94866351
ENSG00000164941,8,94865619,94865690
ENSG00000164941,8,94880223,94881742
ENSG00000164941,8,94823286,94823561
ENSG00000164941,8,94874551,94874585
ENSG00000164941,8,94864692,94864744
ENSG00000164941,8,94827262,94827403
ENSG00000164941,8,94876073,94876142
ENSG00000164941,8,94867275,94867326
ENSG00000164941,8,94880238,94881745
ENSG00000164941,8,94880117,94880314
ENSG00000164941,8,94866157,94866191
ENSG00000164941,8,94831991,94832007
ENSG00000164941,8,94876445,94876489
ENSG00000164941,8,94867139,94867337
ENSG00000164941,8,94868691,94868813
ENSG00000164941,8,94849461,94849532
ENSG00000164941,8,94867275,94867337
ENSG00000164941,8,94831991,94832174
ENSG00000164941,8,94822850,94823181
ENSG00000164941,8,94853804,94853915
ENSG00000164941,8,94867275,94867840
ENSG00000164941,8,94880228,94881745
ENSG00000164941,8,94871883,94872002
ENSG00000164941,8,94831991,94832158
ENSG00000164941,8,94823297,94823561
ENSG00000164941,8,94880234,94881745
ENSG00000164941,8,94859510,94859632
ENSG00000164941,8,94879769,94881745
ENSG00000164941,8,94874551,94874602
ENSG00000164941,8,94880264,94881745
ENSG00000164941,8,94865505,94865700
ENSG00000164941,8,94823289,94823561
ENSG00000164941,8,94880578,94881745
ENSG00000164941,8,94867172,94867196
ENSG00000164941,8,94866736,94867196
ENSG00000164941,8,94866311,94866351
ENSG00000164941,8,94823306,94823561
ENSG00000164941,8,94867327,94867337
ENSG00000164941,8,94876445,94876646
ENSG00000164941,8,94880117,94880327
ENSG00000164941,8,94823209,94823301
ENSG00000164941,8,94866311,94866353
ENSG00000164941,8,94838493,94838618
ENSG00000164941,8,94856776,94856978
ENSG00000164941,8,94873373,94873752
ENSG00000164941,8,94823375,94823561
ENSG00000164941,8,94851552,94851686
ENSG00000164941,8,94831991,94832031
ENSG00000164941,8,94876220,94876285
ENSG00000164941,8,94871883,94871887
ENSG00000164941,8,94867139,94867196
ENSG00000164941,8,94823298,94823561
ENSG00000164941,8,94881613,94881769
ENSG00000164941,8,94813310,94813438
ENSG00000164941,8,94880117,94880450
ENSG00000164941,8,94836523,94836631
ENSG00000164941,8,94865505,94865690
ENSG00000164941,8,94856962,94856978
ENSG00000164941,8,94827721,94827793
ENSG00000164941,8,94859510,94860347
ENSG00000164941,8,94880117,94881746
ENSG00000164941,8,94879640,94881745
ENSG00000164941,8,94880223,94881745
ENSG00000164941,8,94849915,94850091
ENSG00000164941,8,94842346,94842488
ENSG00000164941,8,94867275,94867308
ENSG00000164941,8,94841490,94841591
ENSG00000164941,8,94828974,94829026
ENSG00000164941,8,94838462,94838618
ENSG00000164941,8,94875950,94876285
ENSG00000164941,8,94867030,94867196
ENSG00000164941,8,94831991,94832001
ENSG00000164941,8,94828991,94829026
ENSG00000164941,8,94873373,94873477
ENSG00000164941,8,94876073,94876147
ENSG00000164941,8,94827262,94827353
ENSG00000145703,5,76461569,76463094
ENSG00000145703,5,76637033,76637176
ENSG00000145703,5,76677217,76677350
ENSG00000145703,5,76695453,76695666
ENSG00000145703,5,76677217,76677542
ENSG00000145703,5,76671869,76671983
ENSG00000145703,5,76592837,76592925
ENSG00000145703,5,76674476,76674709
ENSG00000145703,5,76701075,76701213
ENSG00000145703,5,76627409,76627496
ENSG00000145703,5,76693354,76693442
ENSG00000145703,5,76695453,76695506
ENSG00000145703,5,76702481,76702699
ENSG00000145703,5,76701706,76701930
ENSG00000145703,5,76674521,76674709
ENSG00000145703,5,76707199,76708130
ENSG00000145703,5,76510439,76510766
ENSG00000145703,5,76668757,76668844
ENSG00000145703,5,76683775,76683917
ENSG00000145703,5,76660027,76660325
ENSG00000145703,5,76570579,76570657
ENSG00000145703,5,76665025,76665051
ENSG00000145703,5,76707199,76708132
ENSG00000145703,5,76668680,76668844
ENSG00000145703,5,76617372,76618642
ENSG00000145703,5,76677153,76677350
ENSG00000145703,5,76615481,76618642
ENSG00000145703,5,76403344,76403591
ENSG00000145703,5,76609094,76609230
ENSG00000145703,5,76609138,76609230
ENSG00000145703,5,76600811,76600972
ENSG00000145703,5,76652749,76652833
ENSG00000145703,5,76597073,76597602
ENSG00000145703,5,76618513,76618600
ENSG00000145703,5,76628684,76628752
ENSG00000145703,5,76707199,76707624
ENSG00000145703,5,76609124,76609230
ENSG00000145703,5,76683114,76683217
ENSG00000145703,5,76403284,76403591
ENSG00000145703,5,76624303,76624485
ENSG00000145703,5,76697986,76698147
ENSG00000145703,5,76517198,76517597
ENSG00000145703,5,76609094,76609179
ENSG00000145703,5,76461569,76461669
ENSG00000145703,5,76588905,76588973
ENSG00000145703,5,76404423,76404531
ENSG00000145703,5,76608859,76608970
ENSG00000145703,5,76673951,76674036
ENSG00000145703,5,76627409,76627500
ENSG00000145703,5,76637033,76637108
ENSG00000145703,5,76600811,76600878
ENSG00000145703,5,76640932,76641103
ENSG00000145703,5,76637040,76637104
ENSG00000145703,5,76673448,76673589
ENSG00000145703,5,76693829,76693974
ENSG00000145703,5,76609118,76609230
ENSG00000145703,5,76575692,76575769
ENSG00000145703,5,76707199,76707411
ENSG00000145703,5,76673448,76673781
ENSG00000145703,5,76589614,76589728
ENSG00000145703,5,76707199,76707404
ENSG00000145703,5,76609137,76609230
ENSG00000145703,5,76606607,76608084
ENSG00000145703,5,76606199,76606303
ENSG00000145703,5,76673850,76673973
ENSG00000145703,5,76518287,76518378
ENSG00000145703,5,76658458,76658667
ENSG00000145703,5,76562395,76562552
ENSG00000145703,5,76654199,76654271
ENSG00000145703,5,76702481,76702590
ENSG00000145703,5,76547408,76547451
ENSG00000145703,5,76665025,76665175
ENSG00000145703,5,76631858,76632026
ENSG00000145703,5,76611019,76611183
ENSG00000145703,5,76606178,76606303
ENSG00000145703,5,76609137,76609179
ENSG00000145703,5,76597438,76597602
ENSG00000145703,5,76674640,76674709
ENSG00000145703,5,76671758,76671983
ENSG00000145703,5,76631858,76632001
ENSG00000145703,5,76631858,76632785
ENSG00000145703,5,76699355,76699496
ENSG00000145703,5,76623296,76623413
ENSG00000145703,5,76691438,76691713
ENSG00000145703,5,76671758,76671784
ENSG00000145703,5,76707199,76708096
ENSG00000145703,5,76654968,76655003
ENSG00000145703,5,76654933,76655003
ENSG00000145703,5,76590407,76590586
ENSG00000145703,5,76623166,76623403
ENSG00000184216,X,154016948,154016994
ENSG00000184216,X,154014041,154014360
ENSG00000184216,X,154016948,154017067
ENSG00000184216,X,154019676,154019927
ENSG00000184216,X,154019676,154019906
ENSG00000184216,X,154018345,154018355
ENSG00000184216,X,154018970,154019078
ENSG00000184216,X,154010508,154011917
ENSG00000184216,X,154011562,154011917
ENSG00000184216,X,154011826,154011917
ENSG00000184216,X,154018974,154019069
ENSG00000184216,X,154018598,154018754
ENSG00000184216,X,154018974,154019078
ENSG00000184216,X,154010545,154011917
ENSG00000184216,X,154018598,154018638
ENSG00000184216,X,154016436,154016644
ENSG00000184216,X,154018598,154018647
ENSG00000184216,X,154019196,154019298
ENSG00000184216,X,154019919,154019989
ENSG00000184216,X,154019676,154019902
ENSG00000184216,X,154019676,154019920
ENSG00000184216,X,154016038,154016097
ENSG00000184216,X,154018598,154018787
ENSG00000184216,X,154011687,154011917
ENSG00000184216,X,154013042,154013343
ENSG00000184216,X,154014041,154014246
ENSG00000184216,X,154012528,154013433
ENSG00000184216,X,154010503,154011917
ENSG00000184216,X,154010505,154011917
ENSG00000184216,X,154010504,154011917
ENSG00000184216,X,154019676,154019871
ENSG00000184216,X,154016031,154016073
ENSG00000184216,X,154019196,154019328
ENSG00000184216,X,154010507,154011917
ENSG00000184216,X,154019430,154019812
ENSG00000184216,X,154018005,154018120
ENSG00000184216,X,154010509,154011917
ENSG00000184216,X,154010519,154011116
ENSG00000184216,X,154018598,154018945
ENSG00000184216,X,154016031,154016097
ENSG00000184216,X,154019676,154019910
ENSG00000184216,X,154011858,154011917
ENSG00000184216,X,154019676,154019913
ENSG00000184216,X,154019430,154019598
ENSG00000184216,X,154019430,154019897
ENSG00000184216,X,154019676,154019800
ENSG00000184216,X,154018598,154018783
ENSG00000184216,X,154019676,154019867
ENSG00000184216,X,154018974,154019058
ENSG00000184216,X,154010526,154011917
ENSG00000184216,X,154019676,154019812
ENSG00000184216,X,154019676,154019876
ENSG00000184216,X,154016439,154016644
ENSG00000184216,X,154019676,154019885
ENSG00000184216,X,154013042,154013433
ENSG00000184216,X,154010721,154010811
ENSG00000184216,X,154011730,154011917
ENSG00000184216,X,154012528,154012678
ENSG00000184216,X,154019676,154019900
ENSG00000184216,X,154019676,154019897
ENSG00000184216,X,154018290,154018355
ENSG00000184216,X,154014041,154014278
ENSG00000184216,X,154010506,154011917
ENSG00000184216,X,154019676,154019845
ENSG00000148841,10,104333626,104333905
ENSG00000148841,10,104334788,104334997
ENSG00000148841,10,104335422,104335760
ENSG00000148841,10,104313307,104313479
ENSG00000148841,10,104309697,104316064
ENSG00000148841,10,104338245,104338485
ENSG00000148841,10,104309699,104316064
ENSG00000148841,10,104328353,104328940
ENSG00000148841,10,104312142,104316064
ENSG00000148841,10,104312140,104316064
ENSG00000148841,10,104338245,104338448
ENSG00000148841,10,104312144,104316064
ENSG00000148841,10,104327668,104327772
ENSG00000148841,10,104323368,104323570
ENSG00000148841,10,104328864,104328924
ENSG00000148841,10,104326338,104327004
ENSG00000148841,10,104338757,104338812
ENSG00000148841,10,104323937,104324023
ENSG00000148841,10,104328958,104329052
ENSG00000148841,10,104335801,104335849
ENSG00000148841,10,104338245,104338465
ENSG00000148841,10,104333337,104333498
ENSG00000148841,10,104323343,104323570
ENSG00000148841,10,104312143,104316064
ENSG00000148841,10,104312295,104316064
ENSG00000148841,10,104334824,104334997
ENSG00000148841,10,104327528,104327739
ENSG00000148841,10,104312134,104316064
ENSG00000148841,10,104312144,104316059
ENSG00000148841,10,104312138,104316064
ENSG00000148841,10,104312140,104312227
ENSG00000148841,10,104312156,104316064
ENSG00000148841,10,104315708,104316064
ENSG00000148841,10,104313724,104313881
ENSG00000130522,19,18279693,18281622
ENSG00000130522,19,18280018,18280044
ENSG00000130522,19,18279731,18280083
ENSG00000130522,19,18280455,18280929
ENSG00000173801,17,41754606,41755895
ENSG00000173801,17,41754604,41755895
ENSG00000173801,17,41772711,41772836
ENSG00000173801,17,41754603,41755432
ENSG00000173801,17,41754608,41755895
ENSG00000173801,17,41786016,41786125
ENSG00000173801,17,41764712,41764816
ENSG00000173801,17,41762982,41763318
ENSG00000173801,17,41758398,41758518
ENSG00000173801,17,41772817,41772926
ENSG00000173801,17,41757414,41757536
ENSG00000173801,17,41775928,41776070
ENSG00000173801,17,41785902,41786041
ENSG00000173801,17,41772546,41772813
ENSG00000173801,17,41769625,41769677
ENSG00000173801,17,41771646,41773725
ENSG00000173801,17,41754609,41755895
ENSG00000173801,17,41750886,41751113
ENSG00000173801,17,41772546,41772797
ENSG00000173801,17,41785902,41786070
ENSG00000173801,17,41786587,41786722
ENSG00000173801,17,41767378,41767580
ENSG00000173801,17,41767457,41767580
ENSG00000173801,17,41786587,41786694
ENSG00000173801,17,41784946,41785155
ENSG00000173801,17,41762982,41763077
ENSG00000173801,17,41786016,41786378
ENSG00000173801,17,41769417,41769677
ENSG00000173801,17,41771646,41771862
ENSG00000173801,17,41771846,41771862
ENSG00000173801,17,41786605,41786705
ENSG00000173801,17,41786345,41786434
ENSG00000173801,17,41786502,41786765
ENSG00000173801,17,41786565,41786693
ENSG00000173801,17,41786016,41786426
ENSG00000173801,17,41786565,41786766
ENSG00000173801,17,41754607,41755895
ENSG00000173801,17,41758171,41758518
ENSG00000173801,17,41786587,41786735
ENSG00000173801,17,41771416,41771859
ENSG00000173801,17,41784946,41785269
ENSG00000173801,17,41786587,41786710
ENSG00000173801,17,41786797,41786931
ENSG00000173801,17,41762982,41763321
ENSG00000173801,17,41786587,41786712
ENSG00000173801,17,41771646,41771859
ENSG00000173801,17,41786605,41786711
ENSG00000173801,17,41785902,41786209
ENSG00000173801,17,41776005,41776070
ENSG00000173801,17,41757633,41757784
ENSG00000173801,17,41786587,41786714
ENSG00000173801,17,41772817,41773053
ENSG00000173801,17,41754633,41755895
ENSG00000173801,17,41786587,41786698
ENSG00000173801,17,41783980,41784164
ENSG00000173801,17,41786565,41786722
ENSG00000173801,17,41786605,41786825
ENSG00000173801,17,41767400,41767580
ENSG00000173801,17,41756174,41756214
ENSG00000173801,17,41776097,41776267
ENSG00000173801,17,41771818,41771859
ENSG00000173801,17,41785369,41785469
ENSG00000173801,17,41754610,41755895
ENSG00000173801,17,41768968,41769207
ENSG00000173801,17,41769573,41769677
ENSG00000173801,17,41754612,41755895
ENSG00000173801,17,41758714,41758870
ENSG00000173801,17,41786587,41786711
ENSG00000173801,17,41764922,41765067
ENSG00000173801,17,41782610,41783013
ENSG00000173801,17,41767394,41767580
ENSG00000173801,17,41753951,41755895
ENSG00000173801,17,41755729,41755895
ENSG00000173801,17,41772192,41772269
ENSG00000173801,17,41778302,41778398
ENSG00000173801,17,41785902,41786446
ENSG00000173801,17,41772192,41772278
ENSG00000173801,17,41786345,41786442
ENSG00000114166,3,20111595,20111787
ENSG00000114166,3,20040405,20040780
ENSG00000114166,3,20099861,20099954
ENSG00000114166,3,20111593,20111643
ENSG00000114166,3,20147962,20147999
ENSG00000114166,3,20114898,20114988
ENSG00000114166,3,20072332,20072459
ENSG00000114166,3,20148402,20148487
ENSG00000114166,3,20119597,20119723
ENSG00000114166,3,20146315,20146581
ENSG00000114166,3,20152331,20154402
ENSG00000114166,3,20148242,20148306
ENSG00000114166,3,20140220,20140364
ENSG00000114166,3,20101286,20101468
ENSG00000114166,3,20040697,20040780
ENSG00000114166,3,20122667,20122795
ENSG00000114166,3,20122667,20122804
ENSG00000114166,3,20137564,20137641
ENSG00000114166,3,20152331,20154401
ENSG00000114166,3,20127422,20127549
ENSG00000114166,3,20152331,20154404
ENSG00000114166,3,20095262,20095408
ENSG00000114166,3,20148239,20148306
ENSG00000114166,3,20127477,20127549
ENSG00000114166,3,20100991,20101113
ENSG00000114166,3,20136941,20137052
ENSG00000114166,3,20146315,20146430
ENSG00000114166,3,20148402,20149010
ENSG00000114166,3,20040399,20040780
ENSG00000114166,3,20101307,20101468
ENSG00000114166,3,20040412,20040780
ENSG00000114166,3,20040445,20040780
ENSG00000114166,3,20152331,20154391
ENSG00000114166,3,20114881,20114988
ENSG00000114166,3,20125904,20126113
ENSG00000105642,19,17993489,17993559
ENSG00000105642,19,17954560,17954653
ENSG00000105642,19,17968143,17968249
ENSG00000105642,19,17951292,17951409
ENSG00000105642,19,17950119,17950277
ENSG00000105642,19,17967116,17967317
ENSG00000105642,19,17998151,17998720
ENSG00000105642,19,17952257,17952338
ENSG00000105642,19,17967198,17967472
ENSG00000105642,19,17951252,17951409
ENSG00000105642,19,17975091,17975187
ENSG00000105642,19,17967186,17967317
ENSG00000105642,19,17968140,17968249
ENSG00000105642,19,17998151,18000080
ENSG00000105642,19,17950440,17950917
ENSG00000105642,19,17982567,17982576
ENSG00000105642,19,17952184,17952338
ENSG00000105642,19,17947483,17947746
ENSG00000105642,19,17973807,17974290
ENSG00000105642,19,17985311,17985453
ENSG00000105642,19,17952276,17952338
ENSG00000105642,19,17998151,18000076
ENSG00000105642,19,17989715,17989843
ENSG00000105642,19,17998151,18000085
ENSG00000105642,19,17988414,17988525
ENSG00000105642,19,17967106,17967317
ENSG00000105642,19,17998151,17998709
ENSG00000105642,19,17967097,17967317
ENSG00000105642,19,17972024,17972117
ENSG00000105642,19,17967130,17967317
ENSG00000105642,19,17967185,17967317
ENSG00000105642,19,17954560,17954681
ENSG00000105642,19,17981708,17982127
ENSG00000105642,19,17989715,17989818
ENSG00000105642,19,17952284,17952338
ENSG00000105642,19,17993053,17993062
ENSG00000104783,19,43768962,43769032
ENSG00000104783,19,43780702,43780973
ENSG00000104783,19,43767539,43767707
ENSG00000104783,19,43780702,43780976
ENSG00000104783,19,43769718,43769827
ENSG00000104783,19,43768962,43768977
ENSG00000104783,19,43768962,43769157
ENSG00000104783,19,43767576,43767707
ENSG00000104783,19,43773785,43773900
ENSG00000104783,19,43780702,43780997
ENSG00000104783,19,43766536,43767089
ENSG00000104783,19,43766952,43767089
ENSG00000104783,19,43771999,43772135
ENSG00000104783,19,43766538,43767089
ENSG00000104783,19,43776540,43776826
ENSG00000104783,19,43774296,43774619
ENSG00000104783,19,43774191,43774496
ENSG00000104783,19,43780702,43781021
ENSG00000104783,19,43769441,43769560
ENSG00000104783,19,43766532,43767707
ENSG00000104783,19,43771999,43772107
ENSG00000104783,19,43766516,43767089
ENSG00000104783,19,43780702,43780987
ENSG00000104783,19,43769718,43769829
ENSG00000104783,19,43776540,43776636
ENSG00000104783,19,43771999,43772131
ENSG00000104783,19,43768211,43768720
ENSG00000104783,19,43774218,43774619
ENSG00000104783,19,43780702,43780974
ENSG00000104783,19,43766535,43767089
ENSG00000104783,19,43771999,43772103
ENSG00000104783,19,43766821,43767089
ENSG00000104783,19,43780702,43780977
ENSG00000104783,19,43769441,43769620
ENSG00000104783,19,43767451,43767707
ENSG00000104783,19,43769332,43769560
ENSG00000104783,19,43768281,43768323
ENSG00000104783,19,43766537,43767089
ENSG00000104783,19,43766585,43767089
ENSG00000104783,19,43769346,43769498
ENSG00000104783,19,43774191,43774619
ENSG00000104783,19,43766532,43767089
ENSG00000104783,19,43768962,43769560
ENSG00000197993,7,142941113,142941413
ENSG00000197993,7,142944322,142944400
ENSG00000197993,7,142943275,142943343
ENSG00000197993,7,142962203,142962301
ENSG00000197993,7,142957829,142957973
ENSG00000197993,7,142942874,142942947
ENSG00000197993,7,142942458,142942529
ENSG00000197993,7,142943548,142943596
ENSG00000197993,7,142943782,142943839
ENSG00000197993,7,142953807,142953956
ENSG00000197993,7,142960927,142961104
ENSG00000197993,7,142952508,142952638
ENSG00000197993,7,142942874,142943154
ENSG00000197993,7,142954343,142954372
ENSG00000197993,7,142942874,142943044
ENSG00000197993,7,142957826,142957973
ENSG00000197993,7,142962203,142962355
ENSG00000197993,7,142944642,142944916
ENSG00000197993,7,142942433,142942529
ENSG00000197993,7,142946206,142946317
ENSG00000197993,7,142954464,142954527
ENSG00000197993,7,142962203,142962324
ENSG00000197993,7,142941125,142941413
ENSG00000197993,7,142946073,142946608
ENSG00000197993,7,142962203,142962327
ENSG00000197993,7,142954285,142954372
ENSG00000197993,7,142958303,142958428
ENSG00000197993,7,142961794,142961872
ENSG00000197993,7,142942065,142942529
ENSG00000197993,7,142962114,142962206
ENSG00000197993,7,142944642,142944741
ENSG00000197993,7,142962203,142962363
ENSG00000197993,7,142943782,142943883
ENSG00000197993,7,142954464,142954523
ENSG00000197993,7,142961359,142961501
ENSG00000197993,7,142943485,142943596
ENSG00000197993,7,142954183,142954372
ENSG00000197993,7,142961794,142961868
ENSG00000197993,7,142958303,142958427
ENSG00000135315,6,84124902,84125267
ENSG00000135315,6,84144561,84144630
ENSG00000135315,6,84174726,84174954
ENSG00000135315,6,84194883,84195030
ENSG00000135315,6,84215281,84215465
ENSG00000135315,6,84219102,84219214
ENSG00000135315,6,84146686,84146785
ENSG00000135315,6,84227579,84227596
ENSG00000135315,6,84227579,84227608
ENSG00000135315,6,84227579,84227617
ENSG00000135315,6,84203980,84204096
ENSG00000135315,6,84201736,84201767
ENSG00000135315,6,84227579,84227635
ENSG00000135315,6,84194883,84195075
ENSG00000135315,6,84124954,84125276
ENSG00000135315,6,84124241,84125276
ENSG00000135315,6,84155297,84155594
ENSG00000135315,6,84186331,84186623
ENSG00000135315,6,84174047,84174188
ENSG00000135315,6,84217798,84217860
ENSG00000135315,6,84163143,84163270
ENSG00000135315,6,84149561,84149703
ENSG00000135315,6,84212956,84213024
ENSG00000135315,6,84200788,84200905
ENSG00000135315,6,84174771,84174954
ENSG00000135315,6,84175213,84175347
ENSG00000135315,6,84193608,84193690
ENSG00000135315,6,84160811,84160916
ENSG00000135315,6,84171605,84171718
ENSG00000135315,6,84126377,84126512
ENSG00000135315,6,84124249,84125276
ENSG00000135315,6,84185186,84185448
ENSG00000135315,6,84175209,84175347
ENSG00000135315,6,84227579,84227643
ENSG00000135315,6,84161745,84161909
ENSG00000135315,6,84152544,84153179
ENSG00000135315,6,84145939,84146278
ENSG00000135315,6,84215775,84215922
ENSG00000135315,6,84215407,84215465
ENSG00000135315,6,84169327,84169433
ENSG00000135315,6,84124240,84125276
ENSG00000135315,6,84226336,84226452
ENSG00000135315,6,84155297,84155510
ENSG00000135315,6,84139562,84139622
ENSG00000135315,6,84227579,84227685
ENSG00000135315,6,84221056,84221171
ENSG00000068796,5,62306451,62306536
ENSG00000068796,5,62306462,62306536
ENSG00000068796,5,62358136,62358299
ENSG00000068796,5,62361305,62361332
ENSG00000068796,5,62353256,62353375
ENSG00000068796,5,62358151,62358299
ENSG00000068796,5,62361727,62361790
ENSG00000068796,5,62385483,62385676
ENSG00000068796,5,62387253,62389052
ENSG00000068796,5,62306230,62306536
ENSG00000068796,5,62306443,62306536
ENSG00000068796,5,62363177,62363320
ENSG00000068796,5,62352587,62352653
ENSG00000068796,5,62388529,62389052
ENSG00000068796,5,62377660,62377731
ENSG00000068796,5,62348023,62348167
ENSG00000068796,5,62361465,62362541
ENSG00000068796,5,62385483,62387184
ENSG00000068796,5,62390875,62392990
ENSG00000068796,5,62388625,62389052
ENSG00000068796,5,62352587,62352710
ENSG00000068796,5,62355158,62355254
ENSG00000068796,5,62363177,62363267
ENSG00000068796,5,62352587,62353021
ENSG00000068796,5,62363694,62363899
ENSG00000068796,5,62385483,62385719
ENSG00000068796,5,62385489,62388734
ENSG00000068796,5,62347283,62349212
ENSG00000068796,5,62385483,62386377
ENSG00000068796,5,62381117,62381253
ENSG00000068796,5,62377660,62377762
ENSG00000068796,5,62306205,62306536
ENSG00000068796,5,62389894,62389942
ENSG00000068796,5,62348047,62348149
ENSG00000068796,5,62385483,62385604
ENSG00000068796,5,62348047,62348167
ENSG00000068796,5,62385483,62387181
ENSG00000068796,5,62352585,62352683
ENSG00000068796,5,62372102,62372551
ENSG00000068796,5,62372832,62373043
ENSG00000068796,5,62388645,62389052
ENSG00000068796,5,62353274,62353375
ENSG00000068796,5,62385483,62388523
ENSG00000068796,5,62385483,62386381
ENSG00000068796,5,62350065,62350107
ENSG00000068796,5,62365242,62365353
ENSG00000068796,5,62306446,62306536
ENSG00000068796,5,62306435,62306536
ENSG00000068796,5,62306195,62306536
ENSG00000068796,5,62306250,62306536
ENSG00000068796,5,62306239,62306536
ENSG00000068796,5,62371867,62373837
ENSG00000068796,5,62362338,62362541
ENSG00000068796,5,62361724,62361790
ENSG00000068796,5,62387964,62389052
ENSG00000068796,5,62387953,62389052
ENSG00000068796,5,62306448,62306536
ENSG00000068796,5,62385483,62386383
ENSG00000068796,5,62347146,62347224
ENSG00000068796,5,62385489,62386692
ENSG00000068796,5,62354314,62354369
ENSG00000068796,5,62353274,62354337
ENSG00000068796,5,62373686,62373837
ENSG00000068796,5,62306161,62306536
ENSG00000068796,5,62354278,62354348
ENSG00000068796,5,62388526,62389052
ENSG00000068796,5,62385483,62391025
ENSG00000068796,5,62363177,62363899
ENSG00000068796,5,62362449,62362541
ENSG00000068796,5,62388524,62389052
ENSG00000068796,5,62347129,62347224
ENSG00000068796,5,62311812,62311881
ENSG00000068796,5,62361241,62361332
ENSG00000068796,5,62357690,62357745
ENSG00000068796,5,62390875,62390982
ENSG00000068796,5,62385483,62387409
ENSG00000068796,5,62306270,62306536
ENSG00000068796,5,62306205,62306583
ENSG00000068796,5,62351106,62351223
ENSG00000068796,5,62363694,62364014
ENSG00000068796,5,62366413,62366481
ENSG00000068796,5,62361465,62361529
ENSG00000068796,5,62390875,62393729
ENSG00000068796,5,62390875,62392234
ENSG00000068796,5,62372437,62372551
ENSG00000068796,5,62306927,62307219
ENSG00000068796,5,62308308,62308511
ENSG00000068796,5,62389026,62389052
ENSG00000068796,5,62350065,62350120
ENSG00000157404,4,54738428,54740672
ENSG00000157404,4,54733069,54733401
ENSG00000157404,4,54736497,54736609
ENSG00000157404,4,54658944,54659229
ENSG00000157404,4,54707097,54707287
ENSG00000157404,4,54709423,54709539
ENSG00000157404,4,54657888,54658081
ENSG00000157404,4,54657912,54658081
ENSG00000157404,4,54716662,54716815
ENSG00000157404,4,54657956,54658081
ENSG00000157404,4,54738428,54740653
ENSG00000157404,4,54729291,54729485
ENSG00000157404,4,54738428,54740711
ENSG00000157404,4,54657945,54658081
ENSG00000157404,4,54731327,54731419
ENSG00000157404,4,54738428,54740674
ENSG00000157404,4,54737174,54737592
ENSG00000157404,4,54703720,54703892
ENSG00000157404,4,54728010,54728121
ENSG00000157404,4,54738428,54740506
ENSG00000157404,4,54731870,54735122
ENSG00000157404,4,54657938,54658081
ENSG00000157404,4,54658747,54659229
ENSG00000157404,4,54727415,54727542
ENSG00000157404,4,54731762,54731792
ENSG00000157404,4,54735321,54736609
ENSG00000157404,4,54727822,54727927
ENSG00000157404,4,54738428,54740698
ENSG00000157404,4,54657962,54658081
ENSG00000157404,4,54738428,54740695
ENSG00000157404,4,54733069,54733192
ENSG00000157404,4,54723583,54723698
ENSG00000157404,4,54699629,54699766
ENSG00000157404,4,54738428,54740783
ENSG00000157404,4,54737174,54737280
ENSG00000157404,4,54665098,54665335
ENSG00000157404,4,54738428,54740664
ENSG00000157404,4,54736720,54736820
ENSG00000157404,4,54657922,54658081
ENSG00000157404,4,54731870,54731998
ENSG00000157404,4,54657266,54657355
ENSG00000157404,4,54729334,54729485
ENSG00000157404,4,54657966,54658081
ENSG00000157404,4,54657946,54658081
ENSG00000157404,4,54738428,54740676
ENSG00000157404,4,54695511,54695781
ENSG00000157404,4,54723032,54723104
ENSG00000157404,4,54695511,54695906
ENSG00000157404,4,54725856,54726038
ENSG00000157404,4,54658113,54658289
ENSG00000157404,4,54658562,54658707
ENSG00000157404,4,54729400,54729485
ENSG00000157404,4,54738428,54740694
ENSG00000157404,4,54698283,54698565
ENSG00000157404,4,54738428,54740697
ENSG00000157404,4,54725856,54726050
ENSG00000157404,4,54738428,54740703
ENSG00000157404,4,54703723,54703892
ENSG00000157404,4,54738428,54740767
ENSG00000157404,4,54658014,54658081
ENSG00000157404,4,54738428,54740712
ENSG00000157404,4,54727217,54727324
ENSG00000157404,4,54738428,54740770
ENSG00000157404,4,54738428,54740715
ENSG00000157404,4,54738428,54740709
ENSG00000157404,4,54657963,54658081
ENSG00000157404,4,54731330,54731419
ENSG00000157404,4,54657941,54658081
ENSG00000067082,10,3775996,3779590
ENSG00000067082,10,3781794,3782051
ENSG00000067082,10,3779018,3779590
ENSG00000067082,10,3780105,3780496
ENSG00000067082,10,3784912,3785209
ENSG00000067082,10,3775995,3776403
ENSG00000067082,10,3779046,3779590
ENSG00000067082,10,3783215,3783281
ENSG00000067082,10,3784912,3785239
ENSG00000067082,10,3781766,3782214
ENSG00000067082,10,3784912,3785193
ENSG00000067082,10,3783643,3784023
ENSG00000067082,10,3779065,3779590
ENSG00000067082,10,3775995,3779590
ENSG00000067082,10,3780326,3782214
ENSG00000067082,10,3784912,3785281
ENSG00000067082,10,3780105,3780217
ENSG00000067082,10,3780105,3780226
ENSG00000067082,10,3780105,3780229
ENSG00000067082,10,3784912,3785183
ENSG00000067082,10,3781640,3782214
ENSG00000067082,10,3781807,3782214
ENSG00000067082,10,3784150,3784494
ENSG00000067082,10,3779549,3779590
ENSG00000067082,10,3779346,3779590
ENSG00000150045,12,9827520,9827629
ENSG00000150045,12,9844417,9844657
ENSG00000150045,12,9832315,9832414
ENSG00000150045,12,9827480,9827629
ENSG00000150045,12,9842320,9842433
ENSG00000150045,12,9844417,9845007
ENSG00000150045,12,9844417,9844992
ENSG00000150045,12,9841813,9841951
ENSG00000150045,12,9842301,9842433
ENSG00000150045,12,9833302,9833452
ENSG00000150045,12,9844417,9845002
ENSG00000150045,12,9841811,9841951
ENSG00000150045,12,9844417,9845005
ENSG00000172086,2,88055625,88055872
ENSG00000172086,2,88055625,88055756
ENSG00000172086,2,88049398,88049478
ENSG00000172086,2,88055625,88055768
ENSG00000172086,2,88055625,88055765
ENSG00000172086,2,88049398,88049481
ENSG00000172086,2,88055625,88055771
ENSG00000172086,2,88055625,88055783
ENSG00000172086,2,88027202,88028585
ENSG00000172086,2,88055625,88055801
ENSG00000172086,2,88049398,88049642
ENSG00000172086,2,88029366,88029600
ENSG00000172086,2,88029366,88029426
ENSG00000172086,2,88027204,88028585
ENSG00000172086,2,88055625,88055758
ENSG00000172086,2,88027206,88028585
ENSG00000172086,2,88036942,88038361
ENSG00000172086,2,88034133,88034292
ENSG00000172086,2,88034133,88034231
ENSG00000172086,2,88027210,88028585
ENSG00000172086,2,88055625,88055785
ENSG00000172086,2,88029090,88029600
ENSG00000172086,2,88027236,88028585
ENSG00000172086,2,88055625,88055763
ENSG00000172086,2,88036942,88037051
ENSG00000172086,2,88055302,88055765
ENSG00000172086,2,88027203,88028585
ENSG00000172086,2,88055302,88055768
ENSG00000172086,2,88027205,88028585
ENSG00000172086,2,88064031,88064252
ENSG00000172086,2,88036942,88037011
ENSG00000172086,2,88055625,88055799
ENSG00000172086,2,88034133,88034309
ENSG00000172086,2,88027207,88028585
ENSG00000172086,2,88055625,88055741
ENSG00000171345,17,41524374,41524540
ENSG00000171345,17,41523619,41523997
ENSG00000171345,17,41525190,41525672
ENSG00000171345,17,41523874,41523997
ENSG00000171345,17,41524378,41524540
ENSG00000171345,17,41524842,41525221
ENSG00000171345,17,41523612,41523997
ENSG00000171345,17,41528163,41528308
ENSG00000171345,17,41523713,41524268
ENSG00000171345,17,41523616,41523997
ENSG00000171345,17,41524492,41524540
ENSG00000171345,17,41524518,41524540
ENSG00000171345,17,41523618,41523997
ENSG00000171345,17,41527956,41528308
ENSG00000171345,17,41523618,41523817
ENSG00000171345,17,41524977,41524999
ENSG00000171345,17,41524142,41524268
ENSG00000171345,17,41524842,41524939
ENSG00000171345,17,41525368,41525445
ENSG00000171345,17,41527920,41528299
ENSG00000171345,17,41524142,41524261
ENSG00000171345,17,41524842,41524993
ENSG00000171345,17,41523987,41524268
ENSG00000171345,17,41523615,41523997
ENSG00000171345,17,41524378,41524492
ENSG00000171345,17,41527920,41528308
ENSG00000171345,17,41525190,41525273
ENSG00000171345,17,41527827,41528302
ENSG00000171345,17,41524842,41524999
ENSG00000171345,17,41524378,41524504
ENSG00000171345,17,41527827,41528308
ENSG00000171345,17,41524378,41524751
ENSG00000162511,1,30739808,30739970
ENSG00000162511,1,30732468,30733941
ENSG00000162511,1,30737603,30737699
ENSG00000162511,1,30741688,30742549
ENSG00000162511,1,30757658,30757855
ENSG00000162511,1,30735172,30735250
ENSG00000162511,1,30738939,30739062
ENSG00000162511,1,30735172,30735265
ENSG00000162511,1,30757658,30757757
ENSG00000162511,1,30749248,30749932
ENSG00000162511,1,30739155,30739232
ENSG00000162511,1,30757658,30757775
ENSG00000162511,1,30752197,30752339
ENSG00000162511,1,30733888,30733917
ENSG00000162511,1,30732464,30733917
ENSG00000162511,1,30741639,30741716
ENSG00000162511,1,30745917,30746229
ENSG00000162511,1,30733593,30733917
ENSG00000162511,1,30739808,30739937
ENSG00000162511,1,30732466,30733917
ENSG00000162511,1,30757658,30757774
ENSG00000162511,1,30732468,30733917
ENSG00000162511,1,30742455,30742549
ENSG00000162511,1,30732804,30733427
ENSG00000162511,1,30757658,30757786
ENSG00000143815,1,225427953,225428066
ENSG00000143815,1,225402401,225403463
ENSG00000143815,1,225423920,225424089
ENSG00000143815,1,225427953,225428075
ENSG00000143815,1,225412453,225412615
ENSG00000143815,1,225404625,225404706
ENSG00000143815,1,225404403,225404565
ENSG00000143815,1,225401503,225403463
ENSG00000143815,1,225427619,225427766
ENSG00000143815,1,225427953,225428087
ENSG00000143815,1,225401507,225403463
ENSG00000143815,1,225401494,225403463
ENSG00000143815,1,225401505,225403463
ENSG00000143815,1,225411336,225411417
ENSG00000143815,1,225406663,225406832
ENSG00000143815,1,225427953,225428038
ENSG00000143815,1,225401500,225403463
ENSG00000143815,1,225423910,225426439
ENSG00000143815,1,225415277,225415332
ENSG00000143815,1,225427953,225428044
ENSG00000143815,1,225412453,225412645
ENSG00000143815,1,225427466,225427733
ENSG00000143815,1,225425434,225425452
ENSG00000143815,1,225417983,225418180
ENSG00000143815,1,225419262,225419452
ENSG00000143815,1,225427953,225428068
ENSG00000143815,1,225403089,225403463
ENSG00000143815,1,225401502,225403463
ENSG00000143815,1,225417549,225418180
ENSG00000143815,1,225404406,225404526
ENSG00000143815,1,225401504,225403463
ENSG00000143815,1,225419714,225419795
ENSG00000143815,1,225400899,225403463
ENSG00000143815,1,225427953,225428077
ENSG00000143815,1,225428731,225428826
ENSG00000143815,1,225419714,225419798
ENSG00000143815,1,225406561,225406832
ENSG00000143815,1,225427953,225428086
ENSG00000143815,1,225427330,225427897
ENSG00000143815,1,225426350,225427068
ENSG00000143815,1,225401501,225403397
ENSG00000143815,1,225410290,225410416
ENSG00000143815,1,225423910,225424089
ENSG00000143815,1,225403203,225403463
ENSG00000143815,1,225427953,225428118
ENSG00000143815,1,225411336,225411440
ENSG00000143815,1,225422076,225422427
ENSG00000143815,1,225402395,225403463
ENSG00000143815,1,225401497,225403463
ENSG00000143815,1,225427466,225427631
ENSG00000143815,1,225417983,225418075
ENSG00000143815,1,225410290,225410818
ENSG00000143815,1,225422076,225422277
ENSG00000143815,1,225428705,225428855
ENSG00000143815,1,225401529,225401728
ENSG00000143815,1,225404403,225404526
ENSG00000143815,1,225401501,225403463
ENSG00000143815,1,225419262,225419362
ENSG00000143815,1,225428705,225428925
ENSG00000143815,1,225427953,225428042
ENSG00000143815,1,225427316,225427924
ENSG00000143815,1,225427466,225427780
ENSG00000143815,1,225401514,225403463
ENSG00000143815,1,225401510,225403463
ENSG00000143815,1,225419724,225419798
ENSG00000143815,1,225404625,225404682
ENSG00000143815,1,225427953,225428112
ENSG00000143815,1,225428705,225428821
ENSG00000196233,10,96954952,96958866
ENSG00000196233,10,96952102,96952196
ENSG00000196233,10,96980792,96995956
ENSG00000196233,10,96954952,96958850
ENSG00000196233,10,96886062,96886155
ENSG00000196233,10,96949007,96952196
ENSG00000196233,10,96958411,96958884
ENSG00000196233,10,96907284,96907330
ENSG00000196233,10,96858291,96858416
ENSG00000196233,10,96832314,96832395
ENSG00000196233,10,96954952,96958889
ENSG00000196233,10,96832263,96832395
ENSG00000196233,10,96949007,96949126
ENSG00000196233,10,96944101,96944245
ENSG00000196233,10,96958411,96958877
ENSG00000196233,10,96954952,96964441
ENSG00000196233,10,96832954,96833114
ENSG00000196233,10,96832297,96832399
ENSG00000196233,10,96954952,96958891
ENSG00000196233,10,96832261,96832399
ENSG00000196233,10,96832253,96832395
ENSG00000196233,10,96833405,96833452
ENSG00000196233,10,96949007,96950232
ENSG00000196233,10,96833287,96833479
ENSG00000196233,10,96832905,96833114
ENSG00000196233,10,96832263,96832399
ENSG00000196233,10,96832318,96832399
ENSG00000196233,10,96949007,96949295
ENSG00000196233,10,96832259,96832395
ENSG00000196233,10,96832922,96833114
ENSG00000196233,10,96980792,96985720
ENSG00000196233,10,96954952,96958877
ENSG00000196233,10,96832280,96832399
ENSG00000196233,10,96954952,96958886
ENSG00000196233,10,96944112,96944245
ENSG00000196233,10,96832935,96833114
ENSG00000196233,10,96949222,96949295
ENSG00000196233,10,96832979,96833122
ENSG00000196233,10,96915632,96915902
ENSG00000196233,10,96954952,96955834
ENSG00000196233,10,96980792,96987628
ENSG00000196233,10,96832259,96832399
ENSG00000196233,10,96907285,96907330
ENSG00000196233,10,96980792,96985178
ENSG00000196233,10,96833041,96833118
ENSG00000196233,10,96833405,96833479
ENSG00000196233,10,96958411,96958515
ENSG00000196233,10,96954952,96958865
ENSG00000196233,10,96833024,96833479
ENSG00000196233,10,96907264,96907330
ENSG00000196233,10,96832302,96832399
ENSG00000196233,10,96980792,96985765
ENSG00000196233,10,96954952,96958867
ENSG00000196233,10,96951035,96951065
ENSG00000196233,10,96954952,96956005
ENSG00000196233,10,96833029,96833114
ENSG00000196233,10,96831802,96831907
ENSG00000196233,10,96832281,96832399
ENSG00000196233,10,96833776,96833841
ENSG00000196233,10,96949007,96949655
ENSG00000196233,10,96980792,96982041
ENSG00000196233,10,96954952,96955671
ENSG00000196233,10,96954952,96958926
ENSG00000196233,10,96907667,96908090
ENSG00000196233,10,96954952,96955454
ENSG00000196233,10,96980792,96985488
ENSG00000196233,10,96980792,96985735
ENSG00000196233,10,96833031,96833118
ENSG00000196233,10,96954952,96955957
ENSG00000196233,10,96944112,96944315
ENSG00000196233,10,96958411,96958926
ENSG00000196233,10,96832271,96832399
ENSG00000196233,10,96832923,96833118
ENSG00000196233,10,96907667,96907747
ENSG00000196233,10,96884402,96884708
ENSG00000196233,10,96832948,96833122
ENSG00000196233,10,96980792,96985764
ENSG00000131981,14,55129255,55129300
ENSG00000131981,14,55129224,55129300
ENSG00000131981,14,55140274,55140440
ENSG00000131981,14,55129454,55130116
ENSG00000131981,14,55145094,55145419
ENSG00000131981,14,55125049,55125465
ENSG00000131981,14,55142583,55142749
ENSG00000131981,14,55125049,55125468
ENSG00000131981,14,55135842,55137391
ENSG00000131981,14,55130585,55130702
ENSG00000131981,14,55145115,55145286
ENSG00000131981,14,55142583,55142755
ENSG00000131981,14,55123017,55124102
ENSG00000131981,14,55129259,55129300
ENSG00000131981,14,55129248,55129300
ENSG00000131981,14,55130903,55130926
ENSG00000131981,14,55145115,55145411
ENSG00000131981,14,55123954,55124102
ENSG00000131981,14,55132977,55133778
ENSG00000131981,14,55137626,55137694
ENSG00000131981,14,55145115,55145301
ENSG00000131981,14,55138044,55138292
ENSG00000131981,14,55129282,55130116
ENSG00000131981,14,55133187,55133392
ENSG00000131981,14,55145115,55145423
ENSG00000131981,14,55140274,55140363
ENSG00000131981,14,55137369,55137391
ENSG00000131981,14,55138044,55138368
ENSG00000131981,14,55145115,55148022
ENSG00000131981,14,55142583,55142678
ENSG00000131981,14,55135353,55137391
ENSG00000131981,14,55129252,55129300
ENSG00000131981,14,55129312,55129647
ENSG00000131981,14,55130579,55130926
ENSG00000131981,14,55129249,55133392
ENSG00000131981,14,55129245,55129300
ENSG00000131981,14,55145115,55145407
ENSG00000131981,14,55145115,55145410
ENSG00000131981,14,55145115,55145468
ENSG00000131981,14,55124109,55124158
ENSG00000131981,14,55145115,55145413
ENSG00000131981,14,55137558,55137699
ENSG00000131981,14,55145115,55145428
ENSG00000131981,14,55145115,55145425
ENSG00000131981,14,55127874,55127978
ENSG00000131981,14,55129247,55129300
ENSG00000131981,14,55137187,55138368
ENSG00000131981,14,55129252,55129647
ENSG00000131981,14,55130585,55130926
ENSG00000131981,14,55133351,55133392
ENSG00000131981,14,55129248,55130116
ENSG00000131981,14,55122914,55123199
ENSG00000131981,14,55121351,55121415
ENSG00000131981,14,55129454,55129647
ENSG00000131981,14,55129282,55130926
ENSG00000131981,14,55133210,55133392
ENSG00000131981,14,55137368,55137391
ENSG00000131981,14,55138043,55138368
ENSG00000131981,14,55143447,55143721
ENSG00000131981,14,55145115,55145406
ENSG00000131981,14,55129251,55129300
ENSG00000131981,14,55145115,55145409
ENSG00000131981,14,55145115,55145421
ENSG00000131981,14,55145115,55145418
ENSG00000131914,1,26429095,26429719
ENSG00000131914,1,26410816,26410922
ENSG00000131914,1,26425302,26425487
ENSG00000131914,1,26411385,26411582
ENSG00000131914,1,26426241,26428587
ENSG00000131914,1,26429547,26429678
ENSG00000131914,1,26426241,26429728
ENSG00000135363,11,33869345,33869816
ENSG00000135363,11,33891794,33892076
ENSG00000135363,11,33870344,33870567
ENSG00000135363,11,33864601,33864817
ENSG00000135363,11,33869544,33869586
ENSG00000135363,11,33858573,33859575
ENSG00000135363,11,33880642,33881800
ENSG00000135363,11,33858575,33859575
ENSG00000135363,11,33864601,33864929
ENSG00000135363,11,33869345,33869586
ENSG00000135363,11,33869824,33869987
ENSG00000135363,11,33870344,33870529
ENSG00000135363,11,33864601,33865151
ENSG00000135363,11,33864763,33864817
ENSG00000135363,11,33869709,33869987
ENSG00000135363,11,33870139,33870312
ENSG00000135363,11,33869345,33869536
ENSG00000135363,11,33880642,33881792
ENSG00000135363,11,33881823,33881887
ENSG00000135363,11,33869345,33869987
ENSG00000165714,12,12465545,12466910
ENSG00000165714,12,12361205,12361349
ENSG00000165714,12,12465545,12471233
ENSG00000165714,12,12361220,12361349
ENSG00000165714,12,12357077,12357509
ENSG00000165714,12,12465545,12465844
ENSG00000165714,12,12465545,12465783
ENSG00000165714,12,12357085,12357509
ENSG00000165714,12,12361259,12361349
ENSG00000165714,12,12452102,12452481
ENSG00000165714,12,12465545,12466237
ENSG00000165714,12,12357120,12357509
ENSG00000165714,12,12357197,12357509
ENSG00000165714,12,12357417,12357509
ENSG00000165714,12,12435627,12435785
ENSG00000165714,12,12465545,12466142
ENSG00000165714,12,12357078,12357118
ENSG00000165714,12,12435627,12435885
ENSG00000165714,12,12358375,12358438
ENSG00000165714,12,12357357,12357509
ENSG00000153395,5,1489745,1489858
ENSG00000153395,5,1523709,1524282
ENSG00000153395,5,1461839,1463835
ENSG00000153395,5,1521346,1521480
ENSG00000153395,5,1456479,1458091
ENSG00000153395,5,1466748,1466890
ENSG00000153395,5,1479475,1479675
ENSG00000153395,5,1479620,1479675
ENSG00000153395,5,1483427,1483486
ENSG00000153395,5,1466748,1466902
ENSG00000153395,5,1488376,1488451
ENSG00000153395,5,1474559,1474685
ENSG00000153395,5,1494699,1494928
ENSG00000153395,5,1460122,1460378
ENSG00000153395,5,1494707,1495506
ENSG00000153395,5,1504300,1504734
ENSG00000153395,5,1487394,1487490
ENSG00000153395,5,1461189,1461397
ENSG00000153395,5,1480642,1480729
ENSG00000153395,5,1467180,1467325
ENSG00000153395,5,1494699,1494778
ENSG00000153395,5,1502302,1502437
ENSG00000153395,5,1494926,1495519
ENSG00000153395,5,1523709,1523960
ENSG00000153395,5,1501460,1501603
ENSG00000153395,5,1523709,1523972
ENSG00000153395,5,1470825,1470924
ENSG00000153395,5,1493597,1493712
ENSG00000153395,5,1480941,1480976
ENSG00000153395,5,1523709,1523740
ENSG00000153395,5,1523709,1523974
ENSG00000153395,5,1461426,1463835
ENSG00000153395,5,1523709,1523914
ENSG00000153395,5,1461428,1463835
ENSG00000153395,5,1510761,1510856
ENSG00000153395,5,1473956,1474110
ENSG00000153395,5,1523709,1524234
ENSG00000153395,5,1494699,1494914
ENSG00000153395,5,1523709,1523959
ENSG00000153395,5,1461430,1463835
ENSG00000153395,5,1523709,1523968
ENSG00000153395,5,1488390,1488451
ENSG00000153395,5,1477403,1477486
ENSG00000170860,3,14198035,14198343
ENSG00000170860,3,14198035,14198352
ENSG00000170860,3,14183936,14184032
ENSG00000170860,3,14198035,14201122
ENSG00000170860,3,14181559,14181670
ENSG00000170860,3,14178839,14178881
ENSG00000170860,3,14178816,14178881
ENSG00000170860,3,14178800,14178881
ENSG00000254087,8,55915241,55915303
ENSG00000254087,8,55879834,55880103
ENSG00000254087,8,56009907,56014169
ENSG00000254087,8,56009907,56011948
ENSG00000254087,8,55950680,55950748
ENSG00000254087,8,55966687,55966897
ENSG00000254087,8,56009907,56010572
ENSG00000254087,8,56009907,56010587
ENSG00000254087,8,55916419,55916815
ENSG00000254087,8,55941854,55941928
ENSG00000254087,8,55951965,55952115
ENSG00000254087,8,55902722,55902855
ENSG00000254087,8,55947617,55947723
ENSG00000254087,8,55950680,55950784
ENSG00000254087,8,55999417,55999549
ENSG00000254087,8,56009907,56014168
ENSG00000254087,8,55941497,55941620
ENSG00000254087,8,55955095,55955293
ENSG00000254087,8,55998345,55998448
ENSG00000254087,8,55879994,55880103
ENSG00000254087,8,55895576,55895739
ENSG00000254087,8,55941854,55941991
ENSG00000254087,8,55940233,55940327
ENSG00000254087,8,56009907,56011376
ENSG00000254087,8,55969716,55969793
ENSG00000254087,8,55939649,55939745
ENSG00000254087,8,55980239,55980540
ENSG00000254087,8,55950458,55950557
ENSG00000254087,8,55879824,55880103
ENSG00000254087,8,55966714,55966897
ENSG00000254087,8,55998345,55998499
ENSG00000254087,8,55932442,55932656
ENSG00000254087,8,55953831,55953984
ENSG00000254087,8,55924084,55924170
ENSG00000254087,8,55884988,55885562
ENSG00000254087,8,55946447,55946493
ENSG00000254087,8,55893594,55894104
ENSG00000099399,X,30215562,30215655
ENSG00000099399,X,30218575,30220089
ENSG00000081026,1,113619735,113619830
ENSG00000081026,1,113390988,113391349
ENSG00000081026,1,113643742,113643774
ENSG00000081026,1,113659079,113659265
ENSG00000081026,1,113622805,113622994
ENSG00000081026,1,113653829,113654018
ENSG00000081026,1,113681197,113681336
ENSG00000081026,1,113390748,113391349
ENSG00000081026,1,113580541,113581102
ENSG00000081026,1,113682896,113685913
ENSG00000081026,1,113618531,113618606
ENSG00000081026,1,113671733,113671836
ENSG00000081026,1,113449699,113450728
ENSG00000081026,1,113672614,113672741
ENSG00000081026,1,113403654,113404455
ENSG00000081026,1,113649236,113649328
ENSG00000081026,1,113390514,113391349
ENSG00000081026,1,113651013,113651206
ENSG00000081026,1,113614600,113614658
ENSG00000081026,1,113391260,113391349
ENSG00000081026,1,113391130,113391349
ENSG00000081026,1,113576756,113576899
ENSG00000081026,1,113673321,113673465
ENSG00000081026,1,113682211,113682434
ENSG00000081026,1,113594480,113594560
ENSG00000081026,1,113641910,113642516
ENSG00000081026,1,113390500,113391349
ENSG00000081026,1,113585386,113585596
ENSG00000081026,1,113580541,113580661
ENSG00000081026,1,113390971,113391349
ENSG00000081026,1,113391015,113391349
ENSG00000081026,1,113391165,113391303
ENSG00000081026,1,113610661,113610754
ENSG00000081026,1,113549514,113549631
ENSG00000081026,1,113646485,113646642
ENSG00000081026,1,113590483,113590658
ENSG00000081026,1,113682211,113682302
ENSG00000081026,1,113682896,113685923
ENSG00000081026,1,113672617,113672741
ENSG00000081026,1,113682896,113684611
ENSG00000111261,12,12348178,12348248
ENSG00000111261,12,12350077,12350463
ENSG00000111261,12,12350077,12350231
ENSG00000111261,12,12343091,12343410
ENSG00000111261,12,12329266,12330958
ENSG00000111261,12,12338419,12338674
ENSG00000111261,12,12343275,12343414
ENSG00000111261,12,12329712,12330958
ENSG00000111261,12,12343091,12343412
ENSG00000111261,12,12338775,12339254
ENSG00000111261,12,12350077,12350483
ENSG00000111261,12,12350077,12350242
ENSG00000111261,12,12338419,12338560
ENSG00000111261,12,12343142,12343414
ENSG00000111261,12,12329260,12330958
ENSG00000111261,12,12343091,12343414
ENSG00000111261,12,12343091,12343173
ENSG00000111261,12,12350077,12350241
ENSG00000111261,12,12329264,12330958
ENSG00000111261,12,12326055,12330958
ENSG00000198909,17,63689543,63689735
ENSG00000198909,17,63622441,63622763
ENSG00000198909,17,63690263,63690412
ENSG00000198909,17,63689286,63689692
ENSG00000198909,17,63690329,63690412
ENSG00000198909,17,63693548,63695084
ENSG00000198909,17,63646033,63646074
ENSG00000198909,17,63668145,63668334
ENSG00000198909,17,63688788,63688881
ENSG00000198909,17,63622414,63622437
ENSG00000198909,17,63689543,63689997
ENSG00000198909,17,63691101,63691233
ENSG00000198909,17,63622716,63622763
ENSG00000198909,17,63688526,63688594
ENSG00000198909,17,63688198,63688594
ENSG00000198909,17,63688528,63688594
ENSG00000198909,17,63685516,63685578
ENSG00000198909,17,63636600,63637113
ENSG00000198909,17,63685516,63685590
ENSG00000198909,17,63622416,63622763
ENSG00000198909,17,63622709,63622763
ENSG00000198909,17,63688788,63688868
ENSG00000198909,17,63691732,63691862
ENSG00000198909,17,63657793,63657907
ENSG00000198909,17,63688741,63688881
ENSG00000198909,17,63693548,63695089
ENSG00000198909,17,63632680,63632802
ENSG00000198909,17,63693548,63696303
ENSG00000198909,17,63689543,63689639
ENSG00000198909,17,63693548,63693960
ENSG00000198909,17,63689092,63689175
ENSG00000198909,17,63693548,63695107
ENSG00000198909,17,63690472,63690597
ENSG00000198909,17,63622440,63622763
ENSG00000198909,17,63692241,63692419
ENSG00000198909,17,63695887,63698711
ENSG00000198909,17,63692241,63692367
ENSG00000198909,17,63693548,63694161
ENSG00000198909,17,63681765,63681899
ENSG00000198909,17,63688767,63688881
ENSG00000198909,17,63689543,63689614
ENSG00000198909,17,63666939,63667060
ENSG00000198909,17,63693548,63693874
ENSG00000198909,17,63690992,63691233
ENSG00000198909,17,63634708,63634801
ENSG00000198909,17,63666985,63667060
ENSG00000198909,17,63622380,63622763
ENSG00000198909,17,63632680,63632798
ENSG00000198909,17,63622426,63622763
ENSG00000198909,17,63693548,63696305
ENSG00000198909,17,63695882,63698711
ENSG00000198909,17,63652556,63652656
ENSG00000198909,17,63691104,63691233
ENSG00000198909,17,63682335,63682758
ENSG00000198909,17,63672844,63672914
ENSG00000198909,17,63622424,63622763
ENSG00000162510,1,30721287,30721723
ENSG00000162510,1,30716025,30716325
ENSG00000162510,1,30718781,30719232
ENSG00000162510,1,30718734,30719251
ENSG00000162510,1,30720976,30721174
ENSG00000162510,1,30714246,30714327
ENSG00000162510,1,30721287,30721722
ENSG00000162510,1,30715908,30716325
ENSG00000162510,1,30718734,30718957
ENSG00000162510,1,30713766,30714327
ENSG00000162510,1,30721404,30721751
ENSG00000162510,1,30715908,30716135
ENSG00000162510,1,30715156,30715309
ENSG00000162510,1,30716789,30716915
ENSG00000162510,1,30723457,30723585
ENSG00000162510,1,30718720,30719232
ENSG00000162510,1,30718768,30719565
ENSG00000162510,1,30719459,30719565
ENSG00000162510,1,30711276,30713631
ENSG00000162510,1,30718503,30721174
ENSG00000162510,1,30719173,30719232
ENSG00000123066,12,115991019,115991957
ENSG00000123066,12,116232058,116232156
ENSG00000123066,12,115980480,115980938
ENSG00000123066,12,115959377,115961398
ENSG00000123066,12,116276429,116276759
ENSG00000123066,12,116007459,116007636
ENSG00000123066,12,115980749,115982603
ENSG00000123066,12,116008400,116009132
ENSG00000123066,12,115963406,115963519
ENSG00000123066,12,116230432,116230532
ENSG00000123066,12,116277059,116277081
ENSG00000123066,12,116148559,116148654
ENSG00000123066,12,116276061,116276295
ENSG00000123066,12,116007410,116007636
ENSG00000123066,12,116096668,116096752
ENSG00000123066,12,115995520,115996681
ENSG00000123066,12,116012796,116012898
ENSG00000123066,12,115996475,115996681
ENSG00000123066,12,116237467,116237687
ENSG00000123066,12,116237467,116237705
ENSG00000123066,12,115975514,115975738
ENSG00000123066,12,115980749,115980902
ENSG00000123066,12,115961186,115961585
ENSG00000123066,12,116019777,116019972
ENSG00000123066,12,115978326,115981304
ENSG00000123066,12,116003002,116003939
ENSG00000123066,12,116008400,116008599
ENSG00000123066,12,115997009,115997227
ENSG00000123066,12,115962631,115962733
ENSG00000123066,12,115982383,115982590
ENSG00000123066,12,115991679,115991957
ENSG00000123066,12,115959342,115961398
ENSG00000123066,12,116015108,116015274
ENSG00000123066,12,115966081,115967158
ENSG00000123066,12,115986265,115986489
ENSG00000123066,12,116082569,116082676
ENSG00000123066,12,115970593,115970770
ENSG00000123066,12,116008400,116010972
ENSG00000123066,12,116003002,116003102
ENSG00000123066,12,116003539,116007636
ENSG00000123066,12,116009007,116009132
ENSG00000123066,12,115959363,115961398
ENSG00000123066,12,115981303,115982603
ENSG00000123066,12,115991019,115991693
ENSG00000123066,12,116276914,116277071
ENSG00000123066,12,116008400,116009015
ENSG00000123066,12,116111427,116111512
ENSG00000123066,12,115982383,115982603
ENSG00000123066,12,116277059,116277693
ENSG00000123066,12,115960346,115960532
ENSG00000123066,12,115970759,115970770
ENSG00000123066,12,116236820,116236890
ENSG00000123066,12,116277059,116277174
ENSG00000123066,12,116006305,116006411
ENSG00000123066,12,115981564,115983540
ENSG00000123066,12,116109619,116110259
ENSG00000123066,12,116003497,116005993
ENSG00000123066,12,115984179,115985440
ENSG00000123066,12,116181173,116181295
ENSG00000123066,12,115958770,115961398
ENSG00000123066,12,115980749,115980938
ENSG00000123066,12,115966081,115966243
ENSG00000123066,12,116237467,116237569
ENSG00000123066,12,115972077,115972236
ENSG00000123066,12,116006305,116007444
ENSG00000123066,12,116169044,116169258
ENSG00000123066,12,116096668,116096911
ENSG00000123066,12,115975170,115975313
ENSG00000123066,12,116237498,116237705
ENSG00000123066,12,115983519,115983540
ENSG00000123066,12,115964766,115965157
ENSG00000123066,12,115997009,116000172
ENSG00000123066,12,115959862,115961398
ENSG00000123066,12,115972077,115974181
ENSG00000123066,12,115991695,115991957
ENSG00000123066,12,115961189,115961398
ENSG00000123066,12,116022455,116022508
ENSG00000123066,12,115997009,115997230
ENSG00000123066,12,115968939,115969097
ENSG00000123066,12,115984179,115984372
ENSG00000123066,12,116276902,116277071
ENSG00000123066,12,115986265,115988579
ENSG00000123066,12,115959615,115961398
ENSG00000123066,12,116019223,116019412
ENSG00000123066,12,116006806,116009145
ENSG00000123066,12,115987108,115987288
ENSG00000123066,12,115975170,115975738
ENSG00000123066,12,115991019,115991450
ENSG00000123066,12,116005868,116006348
ENSG00000123066,12,115982383,115982595
ENSG00000123066,12,115959260,115961398
ENSG00000123066,12,116230532,116230622
ENSG00000123066,12,116022455,116022601
ENSG00000123066,12,115963406,115963549
ENSG00000123066,12,115961566,115961654
ENSG00000123066,12,116012796,116012901
ENSG00000123066,12,116005868,116005993
ENSG00000123066,12,115983116,115983540
ENSG00000123066,12,115959605,115961398
ENSG00000123066,12,115958599,115961398
ENSG00000123066,12,115958575,115961398
ENSG00000123066,12,115975170,115975349
ENSG00000123066,12,116174501,116174872
ENSG00000123066,12,115957904,115958132
ENSG00000123066,12,116006305,116007665
ENSG00000183496,15,82045449,82046018
ENSG00000183496,15,82041777,82044613
ENSG00000183496,15,82041786,82046119
ENSG00000140545,15,88913246,88913394
ENSG00000140545,15,88901550,88901960
ENSG00000140545,15,88909791,88910873
ENSG00000140545,15,88908489,88908611
ENSG00000140545,15,88902208,88902231
ENSG00000140545,15,88902185,88904646
ENSG00000140545,15,88898712,88899532
ENSG00000140545,15,88906625,88906661
ENSG00000140545,15,88902296,88904162
ENSG00000140545,15,88912427,88912793
ENSG00000140545,15,88899655,88899811
ENSG00000140545,15,88901550,88902231
ENSG00000140545,15,88907194,88907376
ENSG00000140545,15,88898714,88899157
ENSG00000140545,15,88909791,88910125
ENSG00000140545,15,88912427,88912524
ENSG00000140545,15,88898813,88899532
ENSG00000140545,15,88913246,88913317
ENSG00000140545,15,88899297,88899532
ENSG00000140545,15,88913246,88913381
ENSG00000140545,15,88898685,88899496
ENSG00000140545,15,88898705,88899532
ENSG00000140545,15,88907194,88907284
ENSG00000140545,15,88912123,88912176
ENSG00000140545,15,88913246,88913405
ENSG00000140545,15,88909791,88909923
ENSG00000140545,15,88913246,88913408
ENSG00000140545,15,88905381,88905901
ENSG00000140545,15,88899374,88899532
ENSG00000140545,15,88913246,88913411
ENSG00000140545,15,88910779,88911098
ENSG00000140545,15,88906062,88906778
ENSG00000140545,15,88904707,88904782
ENSG00000140545,15,88901570,88901671
ENSG00000140545,15,88913246,88913362
ENSG00000140545,15,88898685,88899532
ENSG00000140545,15,88901570,88901668
ENSG00000140545,15,88905398,88905578
ENSG00000140545,15,88899314,88899532
ENSG00000140545,15,88913246,88913432
ENSG00000140545,15,88898687,88899532
ENSG00000140545,15,88906742,88906778
ENSG00000140545,15,88906625,88906778
ENSG00000140545,15,88903512,88905901
ENSG00000140545,15,88898689,88899532
ENSG00000140545,15,88901550,88901671
ENSG00000140545,15,88913246,88913410
ENSG00000140545,15,88901550,88901735
ENSG00000140545,15,88913246,88913468
ENSG00000140545,15,88903789,88904162
ENSG00000140545,15,88903518,88905901
ENSG00000140545,15,88898684,88899532
ENSG00000140545,15,88898682,88899532
ENSG00000140545,15,88902182,88902231
ENSG00000140545,15,88910203,88910666
ENSG00000140545,15,88900656,88900716
ENSG00000140545,15,88904876,88904928
ENSG00000140545,15,88906614,88906778
ENSG00000140545,15,88913246,88913370
ENSG00000140545,15,88913246,88913379
ENSG00000140545,15,88913246,88913382
ENSG00000140545,15,88910031,88910257
ENSG00000140545,15,88905756,88905898
ENSG00000140545,15,88903936,88904162
ENSG00000140545,15,88913246,88913391
ENSG00000140545,15,88905756,88905901
ENSG00000140545,15,88906625,88906716
ENSG00000137463,4,139280076,139280225
ENSG00000137463,4,139280076,139280346
ENSG00000137463,4,139266164,139267041
ENSG00000137463,4,139266804,139267191
ENSG00000137463,4,139275288,139275392
ENSG00000137463,4,139266804,139267643
ENSG00000137463,4,139266166,139266900
ENSG00000137463,4,139266879,139267041
ENSG00000137463,4,139268671,139268765
ENSG00000107789,10,87546572,87546695
ENSG00000107789,10,87552081,87553461
ENSG00000107789,10,87504892,87505552
ENSG00000107789,10,87513123,87513221
ENSG00000107789,10,87507832,87508238
ENSG00000107789,10,87521114,87521169
ENSG00000107789,10,87552081,87552637
ENSG00000107789,10,87552081,87553460
ENSG00000107789,10,87508335,87508533
ENSG00000107789,10,87504874,87505552
ENSG00000107789,10,87521035,87521169
ENSG00000107789,10,87552081,87553388
ENSG00000187098,3,69947372,69947465
ENSG00000187098,3,69941235,69941331
ENSG00000187098,3,69758703,69758756
ENSG00000187098,3,69964846,69965647
ENSG00000187098,3,69739473,69739701
ENSG00000187098,3,69959272,69959373
ENSG00000187098,3,69964846,69965668
ENSG00000187098,3,69964846,69965790
ENSG00000187098,3,69752039,69752385
ENSG00000187098,3,69939097,69939181
ENSG00000187098,3,69936628,69936755
ENSG00000187098,3,69739455,69739701
ENSG00000187098,3,69964846,69965619
ENSG00000187098,3,69938351,69939065
ENSG00000187098,3,69936586,69936755
ENSG00000187098,3,69964846,69965570
ENSG00000187098,3,69964846,69965628
ENSG00000187098,3,69964846,69968334
ENSG00000187098,3,69879133,69879347
ENSG00000187098,3,69838593,69838632
ENSG00000187098,3,69866223,69866346
ENSG00000187098,3,69739477,69739701
ENSG00000187098,3,69738535,69738615
ENSG00000187098,3,69739466,69739701
ENSG00000187098,3,69739424,69739701
ENSG00000187098,3,69949050,69949083
ENSG00000187098,3,69956454,69956530
ENSG00000187098,3,69794386,69794515
ENSG00000187098,3,69739459,69739701
ENSG00000187098,3,69739481,69739701
ENSG00000187098,3,69964913,69965669
ENSG00000187098,3,69964846,69965664
ENSG00000187098,3,69879133,69879383
ENSG00000187098,3,69798996,69799053
ENSG00000187098,3,69936722,69936755
ENSG00000187098,3,69795033,69795107
ENSG00000187098,3,69949050,69949168
ENSG00000187098,3,69866258,69866346
ENSG00000187098,3,69936627,69936755
ENSG00000187098,3,69936828,69937172
ENSG00000187098,3,69937956,69938049
ENSG00000187098,3,69739450,69739701
ENSG00000187098,3,69964846,69965633
ENSG00000187098,3,69739571,69739701
ENSG00000187098,3,69964846,69968336
ENSG00000187098,3,69939097,69939146
ENSG00000187098,3,69964846,69965645
ENSG00000187098,3,69763555,69763692
ENSG00000187098,3,69762723,69762789
ENSG00000187098,3,69959272,69959420
ENSG00000187098,3,69769486,69769773
ENSG00000187098,3,69739463,69739701
ENSG00000187098,3,69964846,69965248
ENSG00000187098,3,69763810,69763942
ENSG00000187098,3,69964846,69965672
ENSG00000187098,3,69879136,69879383
ENSG00000187098,3,69866266,69866346
ENSG00000187098,3,69937821,69938049
ENSG00000187098,3,69739434,69739701
ENSG00000187098,3,69739467,69739701
ENSG00000187098,3,69964846,69965797
ENSG00000187098,3,69794407,69794515
ENSG00000187098,3,69937821,69937881
ENSG00000187098,3,69964846,69968332
ENSG00000187098,3,69964846,69965806
ENSG00000187098,3,69778817,69779042
ENSG00000187098,3,69936591,69936755
ENSG00000187098,3,69951829,69951886
ENSG00000187098,3,69937821,69937835
ENSG00000187098,3,69951811,69951886
ENSG00000099875,19,2050800,2050947
ENSG00000099875,19,2043502,2043582
ENSG00000099875,19,2051095,2051224
ENSG00000099875,19,2042606,2042633
ENSG00000099875,19,2039954,2040177
ENSG00000099875,19,2042765,2042870
ENSG00000099875,19,2037472,2041204
ENSG00000099875,19,2041839,2042082
ENSG00000099875,19,2051217,2051244
ENSG00000099875,19,2041839,2042140
ENSG00000099875,19,2042426,2042522
ENSG00000099875,19,2046521,2046691
ENSG00000099875,19,2051217,2051250
ENSG00000099875,19,2043123,2043197
ENSG00000099875,19,2042606,2042870
ENSG00000099875,19,2051095,2051232
ENSG00000099875,19,2037471,2039856
ENSG00000099875,19,2043502,2043532
ENSG00000099875,19,2051095,2051244
ENSG00000099875,19,2041039,2041204
ENSG00000099875,19,2041839,2042078
ENSG00000099875,19,2046185,2046283
ENSG00000099875,19,2040308,2041204
ENSG00000099875,19,2042606,2042662
ENSG00000099875,19,2039630,2039856
ENSG00000099875,19,2040133,2040177
ENSG00000099875,19,2040131,2040177
ENSG00000099875,19,2038247,2040177
ENSG00000099875,19,2050800,2051247
ENSG00000099875,19,2037631,2039856
ENSG00000099875,19,2046366,2046468
ENSG00000099875,19,2060911,2061220
ENSG00000099875,19,2040133,2040204
ENSG00000099875,19,2050800,2050853
ENSG00000099875,19,2041839,2041842
ENSG00000099875,19,2041839,2042034
ENSG00000099875,19,2046460,2046468
ENSG00000099875,19,2039411,2039856
ENSG00000099875,19,2037470,2039856
ENSG00000099875,19,2037464,2037829
ENSG00000099875,19,2050800,2050871
ENSG00000099875,19,2037472,2039856
ENSG00000099875,19,2042606,2042676
ENSG00000099875,19,2046603,2046691
ENSG00000164172,5,53109250,53109763
ENSG00000164172,5,53098067,53098667
ENSG00000164172,5,53109822,53110148
ENSG00000164172,5,53109711,53109771
ENSG00000164172,5,53107076,53107221
ENSG00000164172,5,53109815,53110148
ENSG00000164172,5,53100410,53101509
ENSG00000164172,5,53100410,53100487
ENSG00000164172,5,53110094,53110405
ENSG00000164172,5,53101125,53101509
ENSG00000164172,5,53108521,53109727
ENSG00000164172,5,53109711,53109777
ENSG00000164172,5,53109843,53110405
ENSG00000164172,5,53112676,53113016
ENSG00000164172,5,53098069,53098667
ENSG00000164172,5,53112239,53115126
ENSG00000164172,5,53109148,53109718
ENSG00000164172,5,53109859,53110148
ENSG00000164172,5,53109841,53110148
ENSG00000164172,5,53109711,53109755
ENSG00000164172,5,53101358,53101509
ENSG00000164172,5,53109984,53110063
ENSG00000164172,5,53109898,53110148
ENSG00000164172,5,53109071,53109769
ENSG00000164172,5,53109711,53109828
ENSG00000164172,5,53109046,53109755
ENSG00000164172,5,53109711,53109767
ENSG00000164172,5,53108521,53108643
ENSG00000164172,5,53100452,53100534
ENSG00000164172,5,53109711,53109779
ENSG00000164172,5,53109876,53110148
ENSG00000164172,5,53109711,53109727
ENSG00000164172,5,53107076,53107177
ENSG00000164172,5,53095678,53098667
ENSG00000164172,5,53098098,53098711
ENSG00000164172,5,53109711,53109742
ENSG00000164172,5,53102096,53102224
ENSG00000164172,5,53109711,53109757
ENSG00000164172,5,53098066,53098667
ENSG00000164172,5,53100410,53100534
ENSG00000164172,5,53098383,53098667
ENSG00000164172,5,53098539,53098667
ENSG00000164172,5,53112239,53113349
ENSG00000164172,5,53109711,53109763
ENSG00000164172,5,53109711,53109769
ENSG00000164172,5,53109071,53109713
ENSG00000164172,5,53098059,53098667
ENSG00000164172,5,53098457,53098667
ENSG00000164172,5,53109046,53109107
ENSG00000164172,5,53112239,53115115
ENSG00000164172,5,53109840,53110148
ENSG00000164172,5,53109711,53109787
ENSG00000164172,5,53108518,53108643
ENSG00000164172,5,53098070,53098667
ENSG00000164172,5,53109289,53109718
ENSG00000164172,5,53107076,53108097
ENSG00000164172,5,53098061,53098667
ENSG00000164172,5,53112239,53115069
ENSG00000164172,5,53107076,53109775
ENSG00000164172,5,53112239,53113034
ENSG00000164172,5,53107076,53107206
ENSG00000164172,5,53098074,53098667
ENSG00000164172,5,53108445,53108643
ENSG00000164172,5,53107076,53108643
ENSG00000164172,5,53109711,53109762
ENSG00000164172,5,53109250,53109757
ENSG00000135324,6,84050474,84050718
ENSG00000135324,6,84033690,84033883
ENSG00000135324,6,84052256,84052492
ENSG00000135324,6,84055311,84055445
ENSG00000135324,6,84033960,84034232
ENSG00000135324,6,84089090,84090878
ENSG00000135324,6,84089090,84090881
ENSG00000135324,6,84089090,84090887
ENSG00000135324,6,84033771,84033883
ENSG00000135324,6,84034107,84034232
ENSG00000135324,6,84033534,84033592
ENSG00000135324,6,84033470,84033592
ENSG00000135324,6,84052357,84052454
ENSG00000135324,6,84053270,84055445
ENSG00000135324,6,84086861,84086941
ENSG00000135324,6,84089090,84090880
ENSG00000135324,6,84089090,84090883
ENSG00000135324,6,84062892,84062992
ENSG00000135324,6,84033764,84033879
ENSG00000135324,6,84033849,84033883
ENSG00000135324,6,84055140,84055191
ENSG00000135324,6,84087187,84087281
ENSG00000135324,6,84033202,84033370
ENSG00000172927,11,69294156,69295495
ENSG00000172927,11,69294163,69294576
ENSG00000172927,11,69295232,69295495
ENSG00000172927,11,69337359,69337436
ENSG00000172927,11,69294154,69294576
ENSG00000172927,11,69341509,69341678
ENSG00000172927,11,69295639,69297292
ENSG00000172927,11,69295591,69295662
ENSG00000172927,11,69295591,69297285
ENSG00000172927,11,69316833,69316925
ENSG00000172927,11,69341555,69341678
ENSG00000172927,11,69295400,69297287
ENSG00000172927,11,69303411,69303807
ENSG00000172927,11,69295326,69295495
ENSG00000172927,11,69341509,69341677
ENSG00000172927,11,69294140,69294576
ENSG00000172927,11,69294173,69294576
ENSG00000172927,11,69295585,69295639
ENSG00000172927,11,69295899,69296171
ENSG00000172927,11,69295591,69297287
ENSG00000172927,11,69309407,69309465
ENSG00000172927,11,69295232,69297287
ENSG00000172927,11,69295400,69295495
ENSG00000172927,11,69294157,69294576
ENSG00000172927,11,69295639,69297287
ENSG00000172927,11,69294150,69294576
ENSG00000172927,11,69341509,69341682
ENSG00000172927,11,69295639,69295850
ENSG00000172927,11,69299273,69299428
ENSG00000172927,11,69294128,69294576
ENSG00000007944,6,16130556,16130747
ENSG00000007944,6,16146661,16151367
ENSG00000007944,6,16144896,16145317
ENSG00000007944,6,16150873,16151198
ENSG00000007944,6,16143698,16143863
ENSG00000007944,6,16141624,16141810
ENSG00000007944,6,16143019,16143217
ENSG00000007944,6,16146661,16148248
ENSG00000007944,6,16129170,16129409
ENSG00000007944,6,16141555,16141624
ENSG00000007944,6,16129085,16129409
ENSG00000173559,2,191685598,191686177
ENSG00000173559,2,191678067,191678241
ENSG00000173559,2,191683289,191683804
ENSG00000173559,2,191737882,191741097
ENSG00000173559,2,191684876,191685076
ENSG00000173559,2,191678135,191678705
ENSG00000173559,2,191701059,191701139
ENSG00000173559,2,191683504,191683804
ENSG00000173559,2,191678135,191678241
ENSG00000173559,2,191737468,191737692
ENSG00000173559,2,191685598,191686939
ENSG00000173559,2,191678126,191678241
ENSG00000173559,2,191685598,191696662
ENSG00000173559,2,191735915,191736150
ENSG00000173559,2,191685598,191693416
ENSG00000173559,2,191678989,191679128
ENSG00000173559,2,191681945,191682487
ENSG00000173559,2,191681945,191682017
ENSG00000173559,2,191678203,191678396
ENSG00000173559,2,191678220,191678705
ENSG00000173559,2,191695671,191695982
ENSG00000173559,2,191682451,191682633
ENSG00000173559,2,191733427,191733518
ENSG00000173559,2,191684229,191684278
ENSG00000173559,2,191695964,191696662
ENSG00000173559,2,191685598,191686157
ENSG00000173559,2,191683728,191683804
ENSG00000173559,2,191684229,191684296
ENSG00000173559,2,191709733,191709783
ENSG00000173559,2,191685598,191685894
ENSG00000173559,2,191685598,191687572
ENSG00000173559,2,191685598,191688957
ENSG00000173559,2,191708811,191708928
ENSG00000173559,2,191684235,191684296
ENSG00000173559,2,191682491,191682595
ENSG00000173559,2,191682491,191683135
ENSG00000173559,2,191736012,191737356
ENSG00000173559,2,191736012,191736340
ENSG00000173559,2,191685598,191686943
ENSG00000173559,2,191736694,191737356
ENSG00000173559,2,191678146,191678705
ENSG00000135372,11,34136641,34136775
ENSG00000135372,11,34139604,34139682
ENSG00000135372,11,34136977,34137026
ENSG00000135372,11,34139169,34139287
ENSG00000135372,11,34146083,34146574
ENSG00000135372,11,34130812,34130937
ENSG00000135372,11,34139384,34139511
ENSG00000135372,11,34123761,34123855
ENSG00000135372,11,34127462,34127599
ENSG00000135372,11,34108741,34108833
ENSG00000135372,11,34131380,34131531
ENSG00000135372,11,34134511,34134586
ENSG00000135372,11,34146083,34146906
ENSG00000135372,11,34105635,34105792
ENSG00000135372,11,34146083,34146909
ENSG00000135372,11,34108208,34108333
ENSG00000135372,11,34112051,34112223
ENSG00000135372,11,34105659,34105792
ENSG00000135372,11,34106028,34106074
ENSG00000135372,11,34139384,34139495
ENSG00000135372,11,34108210,34108333
ENSG00000135372,11,34105670,34105792
ENSG00000135372,11,34118395,34118503
ENSG00000135372,11,34141088,34141208
ENSG00000135372,11,34138871,34139287
ENSG00000135372,11,34105628,34105792
ENSG00000135372,11,34134318,34134420
ENSG00000135372,11,34143444,34143528
ENSG00000135372,11,34139190,34139287
ENSG00000135372,11,34146083,34146905
ENSG00000135372,11,34146083,34146908
ENSG00000135372,11,34146105,34146908
ENSG00000135372,11,34146719,34147011
ENSG00000135372,11,34146083,34146252
ENSG00000135372,11,34105625,34105792
ENSG00000135372,11,34108210,34108323
ENSG00000135372,11,34141718,34141817
ENSG00000135372,11,34113715,34113780
ENSG00000135372,11,34141986,34142348
ENSG00000135372,11,34113715,34113838
ENSG00000135372,11,34133025,34133142
ENSG00000135372,11,34107052,34107319
ENSG00000135372,11,34106038,34106147
ENSG00000135372,11,34140399,34140572
ENSG00000135372,11,34115822,34115884
ENSG00000135372,11,34142274,34142348
ENSG00000135372,11,34118179,34118294
ENSG00000135372,11,34105616,34105792
ENSG00000135372,11,34147542,34147670
ENSG00000135372,11,34122458,34122592
ENSG00000135372,11,34132124,34132221
ENSG00000135372,11,34124301,34124400
ENSG00000135372,11,34105607,34105792
ENSG00000135372,11,34135174,34135291
ENSG00000065518,3,120598077,120598197
ENSG00000065518,3,120602231,120602330
ENSG00000065518,3,120596348,120596539
ENSG00000065518,3,120598077,120598209
ENSG00000065518,3,120596335,120596539
ENSG00000065518,3,120602207,120602323
ENSG00000065518,3,120600949,120601257
ENSG00000065518,3,120601110,120602324
ENSG00000065518,3,120596354,120596646
ENSG00000065518,3,120596308,120596539
ENSG00000065518,3,120596356,120596646
ENSG00000065518,3,120598077,120598214
ENSG00000065518,3,120602207,120602325
ENSG00000065518,3,120602207,120602328
ENSG00000065518,3,120596327,120596539
ENSG00000065518,3,120596305,120596539
ENSG00000065518,3,120601110,120601639
ENSG00000065518,3,120602207,120602324
ENSG00000065518,3,120601172,120601257
ENSG00000065518,3,120596302,120596539
ENSG00000065518,3,120602207,120602507
ENSG00000065518,3,120601110,120601257
ENSG00000065518,3,120596346,120596539
ENSG00000049759,18,58245426,58245489
ENSG00000049759,18,58396166,58398189
ENSG00000049759,18,58193818,58194083
ENSG00000049759,18,58399996,58400092
ENSG00000049759,18,58373173,58373269
ENSG00000049759,18,58252000,58254537
ENSG00000049759,18,58330737,58330914
ENSG00000049759,18,58391185,58391239
ENSG00000049759,18,58341677,58341797
ENSG00000049759,18,58335477,58335537
ENSG00000049759,18,58149332,58149559
ENSG00000049759,18,58335477,58336092
ENSG00000049759,18,58398621,58398891
ENSG00000049759,18,58091227,58091514
ENSG00000049759,18,58149336,58149559
ENSG00000049759,18,58396166,58396333
ENSG00000049759,18,58348528,58349614
ENSG00000049759,18,58045696,58045788
ENSG00000049759,18,58046362,58047510
ENSG00000049759,18,58255439,58256774
ENSG00000049759,18,58362478,58362768
ENSG00000049759,18,58333817,58333892
ENSG00000049759,18,58247571,58247624
ENSG00000049759,18,58324995,58325082
ENSG00000049759,18,58333817,58334020
ENSG00000049759,18,58385525,58385586
ENSG00000049759,18,58383245,58385586
ENSG00000049759,18,58373173,58373255
ENSG00000049759,18,58391028,58391559
ENSG00000049759,18,58270892,58270975
ENSG00000049759,18,58221570,58221757
ENSG00000049759,18,58044225,58044708
ENSG00000049759,18,58165787,58165808
ENSG00000049759,18,58314554,58314589
ENSG00000049759,18,58373169,58373269
ENSG00000049759,18,58390063,58390742
ENSG00000049759,18,58252000,58252054
ENSG00000049759,18,58365998,58366228
ENSG00000049759,18,58227829,58227907
ENSG00000049759,18,58195429,58195733
ENSG00000049759,18,58044451,58044708
ENSG00000049759,18,58165787,58169419
ENSG00000049759,18,58367120,58367226
ENSG00000049759,18,58245885,58248937
ENSG00000049759,18,58197768,58197869
ENSG00000049759,18,58398652,58400099
ENSG00000049759,18,58370396,58370467
ENSG00000049759,18,58390645,58390742
ENSG00000049759,18,58324995,58325162
ENSG00000049759,18,58396166,58396705
ENSG00000049759,18,58044547,58044708
ENSG00000049759,18,58088137,58088301
ENSG00000049759,18,58396166,58398154
ENSG00000049759,18,58350990,58351045
ENSG00000049759,18,58315981,58316001
ENSG00000049759,18,58252000,58254511
ENSG00000049759,18,58323231,58323289
ENSG00000049759,18,58045656,58045690
ENSG00000049759,18,58330850,58330914
ENSG00000049759,18,58322424,58322486
ENSG00000049759,18,58045921,58046018
ENSG00000049759,18,58247280,58247624
ENSG00000049759,18,58328994,58329127
ENSG00000049759,18,58044366,58044708
ENSG00000049759,18,58195519,58195676
ENSG00000049759,18,58090790,58091627
ENSG00000049759,18,58195652,58195733
ENSG00000049759,18,58196871,58197024
ENSG00000049759,18,58044049,58044708
ENSG00000049759,18,58061300,58061472
ENSG00000049759,18,58195436,58195733
ENSG00000049759,18,58396166,58401539
ENSG00000049759,18,58398601,58399344
ENSG00000049759,18,58372874,58373269
ENSG00000049759,18,58399039,58399179
ENSG00000049759,18,58044383,58044708
ENSG00000049759,18,58054226,58054876
ENSG00000049759,18,58045688,58045788
ENSG00000049759,18,58044660,58044708
ENSG00000049759,18,58248898,58248937
ENSG00000049759,18,58221534,58221757
ENSG00000049759,18,58227829,58227888
ENSG00000049759,18,58349536,58349614
ENSG00000049759,18,58396166,58396574
ENSG00000049759,18,58047225,58047510
ENSG00000049759,18,58045071,58045477
ENSG00000049759,18,58366596,58366621
ENSG00000049759,18,58221630,58221757
ENSG00000049759,18,58389084,58389519
ENSG00000049759,18,58391486,58391559
ENSG00000049759,18,58291201,58291414
ENSG00000049759,18,58099932,58100159
ENSG00000049759,18,58165791,58165861
ENSG00000049759,18,58333817,58336494
ENSG00000049759,18,58287391,58287482
ENSG00000049759,18,58165787,58165839
ENSG00000049759,18,58364267,58364333
ENSG00000049759,18,58045665,58045690
ENSG00000049759,18,58389084,58389192
ENSG00000049759,18,58399996,58400093
ENSG00000049759,18,58195598,58195710
ENSG00000049759,18,58245426,58245508
ENSG00000049759,18,58396166,58396704
ENSG00000049759,18,58351145,58351199
ENSG00000049759,18,58359870,58360058
ENSG00000049759,18,58398621,58399335
ENSG00000049759,18,58340958,58341169
ENSG00000049759,18,58396166,58396551
ENSG00000049759,18,58323231,58323334
ENSG00000049759,18,58365998,58366231
ENSG00000049759,18,58149332,58149569
ENSG00000049759,18,58367745,58367867
ENSG00000049759,18,58396166,58396578
ENSG00000049759,18,58387710,58389192
ENSG00000049759,18,58396166,58396706
ENSG00000049759,18,58323319,58323334
ENSG00000049759,18,58221567,58221757
ENSG00000049759,18,58189833,58189959
ENSG00000049759,18,58342905,58343103
ENSG00000049759,18,58045933,58046018
ENSG00000049759,18,58045524,58045615
ENSG00000049759,18,58371565,58372666
ENSG00000049759,18,58396166,58396580
ENSG00000049759,18,58045714,58045788
ENSG00000049759,18,58195389,58195733
ENSG00000049759,18,58195468,58195733
ENSG00000049759,18,58396166,58398148
ENSG00000049759,18,58165787,58165861
ENSG00000049759,18,58315981,58316032
ENSG00000049759,18,58267768,58268039
ENSG00000049759,18,58396166,58398157
ENSG00000049759,18,58088249,58088301
ENSG00000049759,18,58396166,58401540
ENSG00000049759,18,58396166,58396573
ENSG00000049759,18,58251893,58252054
ENSG00000049759,18,58044386,58044708
ENSG00000049759,18,58189874,58189959
ENSG00000049759,18,58322424,58322471
ENSG00000049759,18,58357193,58357252
ENSG00000049759,18,58383245,58383319
ENSG00000049759,18,58399996,58400099
ENSG00000049759,18,58365998,58366073
ENSG00000049759,18,58387438,58387498
ENSG00000049759,18,58089864,58089982
ENSG00000049759,18,58323304,58323334
ENSG00000049759,18,58045706,58045788
ENSG00000049759,18,58398621,58399179
ENSG00000049759,18,58341037,58341169
ENSG00000173848,10,5426654,5426721
ENSG00000173848,10,5456587,5459056
ENSG00000173848,10,5452418,5452525
ENSG00000173848,10,5454947,5455118
ENSG00000173848,10,5451832,5451937
ENSG00000173848,10,5452857,5452920
ENSG00000173848,10,5454380,5454522
ENSG00000173848,10,5431416,5431548
ENSG00000173848,10,5429169,5429229
ENSG00000173848,10,5456587,5457710
ENSG00000173848,10,5456587,5458451
ENSG00000173848,10,5455859,5456962
ENSG00000173848,10,5446608,5446858
ENSG00000173848,10,5456587,5458454
ENSG00000173848,10,5412568,5412820
ENSG00000173848,10,5446610,5446858
ENSG00000173848,10,5456587,5458463
ENSG00000173848,10,5453249,5453346
ENSG00000173848,10,5455856,5456209
ENSG00000173848,10,5454917,5455097
ENSG00000173848,10,5412687,5412820
ENSG00000173848,10,5428889,5429244
ENSG00000173848,10,5451829,5451937
ENSG00000173848,10,5456556,5456962
ENSG00000173848,10,5412572,5412820
ENSG00000173848,10,5452824,5452897
ENSG00000173848,10,5455856,5456437
ENSG00000173848,10,5456086,5456530
ENSG00000173848,10,5455295,5456437
ENSG00000173848,10,5452857,5453153
ENSG00000173848,10,5412556,5412820
ENSG00000173848,10,5452357,5452525
ENSG00000173848,10,5454264,5454522
ENSG00000173848,10,5456086,5456273
ENSG00000173848,10,5430875,5431548
ENSG00000173848,10,5453294,5453346
ENSG00000173848,10,5453483,5453560
ENSG00000100906,14,35401524,35402060
ENSG00000100906,14,35402770,35402859
ENSG00000100906,14,35404417,35404749
ENSG00000100906,14,35404417,35404746
ENSG00000100906,14,35401540,35402663
ENSG00000100906,14,35402393,35403360
ENSG00000100906,14,35401539,35402060
ENSG00000100906,14,35401551,35402663
ENSG00000100906,14,35401925,35402663
ENSG00000100906,14,35404417,35404700
ENSG00000100906,14,35403146,35403387
ENSG00000100906,14,35401535,35402663
ENSG00000100906,14,35401517,35402060
ENSG00000100906,14,35404509,35404746
ENSG00000100906,14,35402770,35403798
ENSG00000100906,14,35404417,35404614
ENSG00000100906,14,35401510,35402060
ENSG00000100906,14,35404417,35404437
ENSG00000100906,14,35402393,35402859
ENSG00000100906,14,35404417,35404742
ENSG00000100906,14,35403531,35403798
ENSG00000100906,14,35403689,35403904
ENSG00000100906,14,35402770,35403654
ENSG00000100906,14,35401512,35402060
ENSG00000100906,14,35402393,35402663
ENSG00000100906,14,35404695,35406056
ENSG00000100906,14,35402402,35402663
ENSG00000100906,14,35403149,35403360
ENSG00000100906,14,35402393,35402660
ENSG00000100906,14,35403149,35403238
ENSG00000100906,14,35403689,35404140
ENSG00000100906,14,35402393,35403508
ENSG00000100906,14,35401791,35403360
ENSG00000100906,14,35401890,35402060
ENSG00000100906,14,35402441,35402663
ENSG00000100906,14,35404417,35404729
ENSG00000100906,14,35403149,35403430
ENSG00000100906,14,35404653,35404701
ENSG00000100906,14,35403689,35403798
ENSG00000100906,14,35401078,35402060
ENSG00000100906,14,35403737,35403798
ENSG00000100906,14,35402389,35402503
ENSG00000100906,14,35401925,35402060
ENSG00000100906,14,35402652,35402663
ENSG00000100906,14,35402770,35403360
ENSG00000100906,14,35401544,35402060
ENSG00000100906,14,35402393,35402534
ENSG00000100906,14,35404417,35404716
ENSG00000100906,14,35401549,35403798
ENSG00000100906,14,35403689,35403779
ENSG00000100906,14,35401533,35402060
ENSG00000087095,17,28194581,28196381
ENSG00000087095,17,28132619,28132675
ENSG00000087095,17,28041722,28041779
ENSG00000087095,17,28041769,28043331
ENSG00000087095,17,28152300,28152554
ENSG00000087095,17,28047916,28048926
ENSG00000087095,17,28194581,28194922
ENSG00000087095,17,28043087,28043331
ENSG00000087095,17,28161159,28161266
ENSG00000087095,17,28172516,28172618
ENSG00000087095,17,28041806,28043331
ENSG00000087095,17,28042838,28043331
ENSG00000087095,17,28191020,28191172
ENSG00000087095,17,28190940,28191219
ENSG00000087095,17,28122602,28122732
ENSG00000087095,17,28194581,28194708
ENSG00000087095,17,28116238,28116406
ENSG00000087095,17,28168447,28168657
ENSG00000087095,17,28163542,28163628
ENSG00000087095,17,28042831,28043331
ENSG00000087095,17,28185214,28185265
ENSG00000087095,17,28047916,28048324
ENSG00000087095,17,28043029,28043331
ENSG00000087095,17,28194581,28194985
ENSG00000087095,17,28194581,28196376
ENSG00000087095,17,28041736,28041779
ENSG00000087095,17,28042067,28042208
ENSG00000087095,17,28192119,28192213
ENSG00000087095,17,28061966,28062068
ENSG00000087095,17,28041596,28041985
ENSG00000087095,17,28179872,28181585
ENSG00000087095,17,28171232,28171342
ENSG00000087095,17,28042676,28043331
ENSG00000087095,17,28185178,28185265
ENSG00000087095,17,28191020,28191219
ENSG00000087095,17,28196179,28196381
ENSG00000109255,4,55598487,55599181
ENSG00000109255,4,55595229,55595411
ENSG00000109255,4,55636080,55636360
ENSG00000109255,4,55595233,55595411
ENSG00000109255,4,55607297,55607321
ENSG00000109255,4,55609119,55609179
ENSG00000109255,4,55636080,55636259
ENSG00000109255,4,55630401,55630460
ENSG00000109255,4,55636080,55636268
ENSG00000109255,4,55599151,55599181
ENSG00000109255,4,55636080,55636393
ENSG00000109255,4,55635868,55635991
ENSG00000109255,4,55607436,55607466
ENSG00000109255,4,55636080,55636341
ENSG00000109255,4,55626963,55627165
ENSG00000109255,4,55607297,55607348
ENSG00000109255,4,55636080,55636298
ENSG00000109255,4,55636080,55636423
ENSG00000109255,4,55595233,55599181
ENSG00000109255,4,55595283,55595411
ENSG00000109255,4,55635894,55635991
ENSG00000109255,4,55595228,55595411
ENSG00000109255,4,55630401,55630462
ENSG00000109255,4,55595316,55595411
ENSG00000109255,4,55636080,55636276
ENSG00000109255,4,55595230,55595411
ENSG00000109255,4,55636080,55636413
ENSG00000109255,4,55605274,55605349
ENSG00000109255,4,55636080,55636297
ENSG00000109255,4,55616337,55616385
ENSG00000109255,4,55636543,55636747
ENSG00000109255,4,55635825,55635991
ENSG00000109255,4,55636543,55636698
ENSG00000109255,4,55595234,55595411
ENSG00000109255,4,55635911,55635991
ENSG00000109255,4,55596353,55597267
ENSG00000109255,4,55599141,55599181
ENSG00000109255,4,55600521,55600575
ENSG00000109255,4,55636080,55636284
ENSG00000183971,16,2019784,2020312
ENSG00000183971,16,2020151,2020312
ENSG00000183971,16,2020532,2020755
ENSG00000183971,16,2009925,2010102
ENSG00000183971,16,2013180,2013476
ENSG00000183971,16,2020532,2020592
ENSG00000139496,13,25313737,25313751
ENSG00000139496,13,25309380,25309399
ENSG00000139496,13,25301555,25301880
ENSG00000139496,13,25301544,25301880
ENSG00000139496,13,25331356,25331558
ENSG00000139496,13,25301632,25301880
ENSG00000139496,13,25312904,25313032
ENSG00000139496,13,25307821,25307948
ENSG00000139496,13,25317876,25320595
ENSG00000139496,13,25313622,25313751
ENSG00000139496,13,25336935,25336983
ENSG00000139496,13,25312882,25312956
ENSG00000139496,13,25309246,25309429
ENSG00000139496,13,25312891,25313032
ENSG00000139496,13,25307805,25307948
ENSG00000139496,13,25312882,25313032
ENSG00000139496,13,25309959,25310015
ENSG00000139496,13,25317690,25317832
ENSG00000139496,13,25339188,25339251
ENSG00000139496,13,25307805,25308137
ENSG00000139496,13,25339964,25342406
ENSG00000139496,13,25336935,25337034
ENSG00000139496,13,25301557,25301880
ENSG00000139496,13,25301636,25301880
ENSG00000139496,13,25339964,25342409
ENSG00000139496,13,25339964,25342403
ENSG00000139496,13,25309246,25309282
ENSG00000139496,13,25301563,25301880
ENSG00000139496,13,25339964,25342421
ENSG00000139496,13,25301629,25301880
ENSG00000139496,13,25336212,25336309
ENSG00000139496,13,25327429,25327512
ENSG00000139496,13,25302926,25303008
ENSG00000139496,13,25338635,25338878
ENSG00000139496,13,25313613,25313751
ENSG00000139496,13,25301523,25301880
ENSG00000139496,13,25301644,25301880
ENSG00000139496,13,25339964,25342408
ENSG00000139496,13,25303101,25303155
ENSG00000139496,13,25331356,25336340
ENSG00000139496,13,25301646,25301880
ENSG00000139496,13,25338635,25338731
ENSG00000139496,13,25324988,25325068
ENSG00000139496,13,25301571,25301880
ENSG00000139496,13,25326915,25327034
ENSG00000139496,13,25339964,25342420
ENSG00000139496,13,25326924,25327034
ENSG00000139496,13,25352518,25352710
ENSG00000139496,13,25350130,25350239
ENSG00000139496,13,25339964,25340918
ENSG00000139496,13,25349561,25349963
ENSG00000139496,13,25320918,25321093
ENSG00000139496,13,25312882,25312942
ENSG00000139496,13,25339964,25341831
ENSG00000139496,13,25309982,25310015
ENSG00000139496,13,25301624,25301880
ENSG00000139496,13,25301626,25301880
ENSG00000139496,13,25301639,25301880
ENSG00000139496,13,25319325,25319350
ENSG00000139496,13,25320529,25320595
ENSG00000139496,13,25301630,25301880
ENSG00000139496,13,25365329,25365390
ENSG00000139496,13,25339964,25342404
ENSG00000139496,13,25309246,25309268
ENSG00000139496,13,25336212,25336344
ENSG00000139496,13,25315356,25315467
ENSG00000139496,13,25339964,25342175
ENSG00000171561,11,75081752,75090364
ENSG00000171561,11,75096088,75096222
ENSG00000171561,11,75096827,75096964
ENSG00000171561,11,75088712,75089754
ENSG00000171561,11,75096088,75096160
ENSG00000171561,11,75081752,75089774
ENSG00000171561,11,75090212,75090364
ENSG00000171561,11,75096827,75096876
ENSG00000124657,6,27957240,27958182
ENSG00000169860,3,152835130,152841439
ENSG00000124171,20,50756684,50756795
ENSG00000124171,20,50731579,50731852
ENSG00000124171,20,50749658,50753741
ENSG00000124171,20,50749658,50753738
ENSG00000124171,20,50731381,50731840
ENSG00000124171,20,50737856,50738079
ENSG00000124171,20,50731664,50731852
ENSG00000141179,17,55768846,55771185
ENSG00000141179,17,55822760,55822927
ENSG00000141179,17,55776034,55777387
ENSG00000141179,17,55773735,55773895
ENSG00000141179,17,55775310,55777368
ENSG00000141179,17,55751060,55751244
ENSG00000141179,17,55751093,55751244
ENSG00000141179,17,55776034,55777374
ENSG00000141179,17,55771105,55771201
ENSG00000141179,17,55771176,55771185
ENSG00000141179,17,55842676,55842872
ENSG00000141179,17,55774791,55774859
ENSG00000141179,17,55773655,55773895
ENSG00000141179,17,55842726,55842830
ENSG00000141179,17,55822760,55823090
ENSG00000141179,17,55767334,55767452
ENSG00000141179,17,55771105,55771185
ENSG00000141179,17,55787565,55787654
ENSG00000141179,17,55776034,55777373
ENSG00000141179,17,55773723,55773895
ENSG00000141179,17,55751399,55751477
ENSG00000141179,17,55751104,55751477
ENSG00000141179,17,55751050,55751244
ENSG00000107438,10,95237939,95238111
ENSG00000107438,10,95247214,95247620
ENSG00000107438,10,95290819,95291003
ENSG00000107438,10,95290819,95291012
ENSG00000107438,10,95238567,95238848
ENSG00000107438,10,95271632,95271784
ENSG00000107438,10,95237571,95238111
ENSG00000107438,10,95237569,95238111
ENSG00000107438,10,95238009,95238111
ENSG00000107438,10,95268777,95268862
ENSG00000107438,10,95260114,95260173
ENSG00000107438,10,95263863,95264114
ENSG00000107438,10,95247214,95247366
ENSG00000107438,10,95290819,95290999
ENSG00000107438,10,95263875,95264063
ENSG00000107438,10,95238567,95238664
ENSG00000107438,10,95237568,95238111
ENSG00000107438,10,95238633,95238685
ENSG00000107438,10,95290819,95291035
ENSG00000107438,10,95238567,95238685
ENSG00000107438,10,95273036,95273406
ENSG00000107438,10,95237576,95238111
ENSG00000107438,10,95263863,95264063
ENSG00000107438,10,95263863,95264060
ENSG00000165650,10,117290185,117290348
ENSG00000165650,10,117277273,117285471
ENSG00000165650,10,117277161,117278307
ENSG00000165650,10,117374355,117376020
ENSG00000165650,10,117285107,117285471
ENSG00000165650,10,117277161,117278320
ENSG00000165650,10,117314163,117314235
ENSG00000165650,10,117318871,117318978
ENSG00000165650,10,117282305,117285471
ENSG00000165650,10,117340979,117341102
ENSG00000165650,10,117285693,117285799
ENSG00000165650,10,117374355,117375440
ENSG00000165650,10,117318871,117318974
ENSG00000165650,10,117277161,117279430
ENSG00000165650,10,117277161,117279429
ENSG00000165650,10,117277161,117277443
ENSG00000165650,10,117284306,117285471
ENSG00000165650,10,117374355,117374481
ENSG00000163218,1,153346101,153346191
ENSG00000163218,1,153347883,153347978
ENSG00000163218,1,153329978,153330182
ENSG00000163218,1,153345168,153345382
ENSG00000163218,1,153340380,153340579
ENSG00000163218,1,153341626,153341779
ENSG00000163218,1,153337180,153337299
ENSG00000163218,1,153345024,153345370
ENSG00000163218,1,153331621,153331728
ENSG00000163218,1,153348527,153348841
ENSG00000163218,1,153348527,153348840
ENSG00000163218,1,153343089,153343208
ENSG00000163218,1,153345168,153345370
ENSG00000163218,1,153330119,153330945
ENSG00000119403,9,120869181,120869330
ENSG00000119403,9,120866027,120866096
ENSG00000119403,9,120894787,120894896
ENSG00000119403,9,120855698,120858286
ENSG00000119403,9,120877090,120877221
ENSG00000119403,9,120868259,120868622
ENSG00000119403,9,120876980,120877026
ENSG00000119403,9,120870442,120870538
ENSG00000119403,9,120875880,120876433
ENSG00000119403,9,120873978,120874060
ENSG00000119403,9,120862587,120862749
ENSG00000119403,9,120860089,120860546
ENSG00000119403,9,120869844,120869945
ENSG00000119403,9,120870486,120870538
ENSG00000119403,9,120868807,120868838
ENSG00000119403,9,120874555,120875020
ENSG00000119403,9,120864048,120864116
ENSG00000119403,9,120868259,120868356
ENSG00000119403,9,120868807,120868911
ENSG00000119403,9,120855651,120858286
ENSG00000119403,9,120868807,120868844
ENSG00000119403,9,120862587,120862730
ENSG00000119403,9,120876634,120876861
ENSG00000119403,9,120869586,120869945
ENSG00000119403,9,120861088,120861174
ENSG00000119403,9,120860089,120860185
ENSG00000119403,9,120861917,120862005
ENSG00000119403,9,120857929,120858286
ENSG00000119403,9,120858193,120858286
ENSG00000119403,9,120861110,120861174
ENSG00000119403,9,120865802,120865830
ENSG00000119403,9,120855697,120858286
ENSG00000119403,9,120878613,120878849
ENSG00000119403,9,120874657,120874756
ENSG00000119403,9,120855695,120858286
ENSG00000119403,9,120864078,120864116
ENSG00000119403,9,120865709,120866096
ENSG00000119403,9,120861987,120862005
ENSG00000119403,9,120855701,120858286
ENSG00000119403,9,120868807,120868864
ENSG00000119403,9,120866869,120866965
ENSG00000119403,9,120874555,120874756
ENSG00000119403,9,120855650,120858286
ENSG00000119403,9,120865709,120865830
ENSG00000119403,9,120877090,120877188
ENSG00000119403,9,120865709,120865769
ENSG00000119403,9,120869298,120869330
ENSG00000119403,9,120862612,120863026
ENSG00000119403,9,120860911,120861174
ENSG00000119403,9,120865783,120866096
ENSG00000019144,11,118607615,118607699
ENSG00000019144,11,118607593,118607699
ENSG00000019144,11,118616040,118616211
ENSG00000019144,11,118607617,118607699
ENSG00000019144,11,118656682,118658023
ENSG00000019144,11,118656682,118658032
ENSG00000019144,11,118645355,118645650
ENSG00000019144,11,118607632,118607699
ENSG00000019144,11,118631915,118632053
ENSG00000019144,11,118632158,118632296
ENSG00000019144,11,118642038,118642394
ENSG00000019144,11,118637952,118638097
ENSG00000019144,11,118635028,118635051
ENSG00000019144,11,118656682,118658025
ENSG00000019144,11,118614558,118614682
ENSG00000019144,11,118627304,118627464
ENSG00000019144,11,118634922,118635051
ENSG00000019144,11,118634977,118635051
ENSG00000019144,11,118645765,118645825
ENSG00000019144,11,118641613,118641784
ENSG00000019144,11,118656682,118656841
ENSG00000019144,11,118624794,118624845
ENSG00000019144,11,118656682,118657152
ENSG00000019144,11,118614558,118615194
ENSG00000019144,11,118607611,118607699
ENSG00000019144,11,118627304,118628650
ENSG00000019144,11,118621362,118621538
ENSG00000019144,11,118642253,118642394
ENSG00000019144,11,118608789,118610526
ENSG00000019144,11,118656682,118657490
ENSG00000019144,11,118609702,118610526
ENSG00000019144,11,118643799,118644302
ENSG00000019144,11,118636619,118637862
ENSG00000019144,11,118650600,118655690
ENSG00000019144,11,118641122,118641227
ENSG00000019144,11,118615584,118615622
ENSG00000019144,11,118631975,118632053
ENSG00000019144,11,118650444,118650521
ENSG00000019144,11,118607590,118607699
ENSG00000019144,11,118627307,118627931
ENSG00000019144,11,118655859,118655892
ENSG00000019144,11,118645734,118645825
ENSG00000019144,11,118644646,118644691
ENSG00000019144,11,118606437,118606672
ENSG00000019144,11,118646333,118648076
ENSG00000019144,11,118624791,118624845
ENSG00000019144,11,118656682,118658024
ENSG00000019144,11,118656682,118656886
ENSG00000019144,11,118606439,118606672
ENSG00000019144,11,118638890,118639001
ENSG00000019144,11,118639161,118639251
ENSG00000019144,11,118607626,118607699
ENSG00000019144,11,118607586,118607699
ENSG00000019144,11,118624933,118625059
ENSG00000019144,11,118613293,118613450
ENSG00000019144,11,118610426,118610526
ENSG00000019144,11,118627304,118627593
ENSG00000019144,11,118656682,118658038
ENSG00000019144,11,118647774,118647837
ENSG00000019144,11,118607614,118607699
ENSG00000019144,11,118607601,118607699
ENSG00000019144,11,118657315,118658441
ENSG00000019144,11,118607605,118607699
ENSG00000019144,11,118639161,118639237
ENSG00000019144,11,118656682,118658031
ENSG00000019144,11,118607631,118607699
ENSG00000019144,11,118645355,118645783
ENSG00000019144,11,118627307,118628650
ENSG00000019144,11,118606435,118606672
ENSG00000019144,11,118650076,118650127
ENSG00000019144,11,118607618,118607699
ENSG00000019144,11,118643799,118643940
ENSG00000019144,11,118627304,118627396
ENSG00000019144,11,118631912,118632053
ENSG00000019144,11,118635023,118635163
ENSG00000019144,11,118644071,118644691
ENSG00000019144,11,118606395,118606672
ENSG00000019144,11,118610422,118610526
ENSG00000019144,11,118650076,118650193
ENSG00000019144,11,118609713,118610526
ENSG00000019144,11,118631912,118632037
ENSG00000019144,11,118635392,118635548
ENSG00000019144,11,118609779,118610526
ENSG00000019144,11,118624083,118624511
ENSG00000019144,11,118644071,118644565
ENSG00000019144,11,118607608,118607699
ENSG00000019144,11,118643999,118644079
ENSG00000019144,11,118626929,118628650
ENSG00000019144,11,118644071,118644174
ENSG00000019144,11,118641576,118641784
ENSG00000019144,11,118627304,118627675
ENSG00000019144,11,118639406,118641784
ENSG00000019144,11,118647929,118648076
ENSG00000019144,11,118607625,118607699
ENSG00000019144,11,118629978,118630082
ENSG00000019144,11,118656682,118658028
ENSG00000019144,11,118609265,118610526
ENSG00000019144,11,118639860,118640004
ENSG00000019144,11,118644368,118645650
ENSG00000019144,11,118609769,118610526
ENSG00000019144,11,118644088,118644174
ENSG00000019144,11,118655604,118655690
ENSG00000019144,11,118607642,118607699
ENSG00000019144,11,118610407,118610526
ENSG00000019144,11,118631206,118631479
ENSG00000019144,11,118650444,118650547
ENSG00000019144,11,118613815,118613896
ENSG00000019144,11,118607602,118607699
ENSG00000019144,11,118639161,118639355
ENSG00000019144,11,118642350,118642394
ENSG00000019144,11,118632212,118635051
ENSG00000019144,11,118613152,118613896
ENSG00000019144,11,118656682,118658030
ENSG00000073921,11,85981871,85981988
ENSG00000073921,11,86000642,86000773
ENSG00000073921,11,85958986,85959060
ENSG00000073921,11,86068650,86068945
ENSG00000073921,11,86068650,86069073
ENSG00000073921,11,86022366,86022469
ENSG00000073921,11,86068650,86068975
ENSG00000073921,11,85983865,85983900
ENSG00000073921,11,86068650,86069039
ENSG00000073921,11,86068650,86068984
ENSG00000073921,11,86068650,86068929
ENSG00000073921,11,85983865,85983973
ENSG00000073921,11,86068650,86069112
ENSG00000073921,11,86069153,86069333
ENSG00000073921,11,86001030,86001158
ENSG00000073921,11,86068650,86069121
ENSG00000073921,11,85958816,85959060
ENSG00000073921,11,85958754,85959060
ENSG00000073921,11,85957669,85959060
ENSG00000073921,11,86012280,86012392
ENSG00000073921,11,86068650,86069059
ENSG00000073921,11,86000680,86000779
ENSG00000073921,11,85957180,85959060
ENSG00000073921,11,85981871,85982003
ENSG00000073921,11,85959022,85959060
ENSG00000073921,11,86068650,86069162
ENSG00000073921,11,86068650,86068997
ENSG00000073921,11,85958810,85959060
ENSG00000073921,11,85957208,85959060
ENSG00000073921,11,85957463,85959060
ENSG00000073921,11,85976622,85977005
ENSG00000073921,11,85996825,85996929
ENSG00000073921,11,86007541,86007583
ENSG00000073921,11,86068650,86068780
ENSG00000073921,11,86001034,86001141
ENSG00000073921,11,86023415,86023541
ENSG00000073921,11,85957566,85959060
ENSG00000073921,11,85957170,85959060
ENSG00000073921,11,86068650,86069100
ENSG00000073921,11,85957687,85959060
ENSG00000073921,11,85958882,85959060
ENSG00000073921,11,85957515,85959060
ENSG00000073921,11,85957174,85959060
ENSG00000073921,11,85974781,85974812
ENSG00000073921,11,86068650,86069084
ENSG00000073921,11,85981744,85981775
ENSG00000073921,11,86012342,86012392
ENSG00000073921,11,86068650,86069102
ENSG00000073921,11,86014869,86014963
ENSG00000073921,11,86069245,86069311
ENSG00000073921,11,85990249,85990258
ENSG00000073921,11,86011029,86011136
ENSG00000073921,11,85976622,85976682
ENSG00000073921,11,86000642,86000779
ENSG00000073921,11,85957177,85959060
ENSG00000073921,11,85957683,85959060
ENSG00000073921,11,85974707,85974812
ENSG00000073921,11,86031468,86031611
ENSG00000073921,11,86022377,86022469
ENSG00000073921,11,86068650,86069097
ENSG00000073921,11,85978069,85978715
ENSG00000073921,11,86068650,86069225
ENSG00000073921,11,85959036,85959060
ENSG00000073921,11,85960674,85960777
ENSG00000073921,11,85958838,85959060
ENSG00000073921,11,86069022,86069081
ENSG00000073921,11,86068650,86069081
ENSG00000073921,11,86068650,86069108
ENSG00000073921,11,86068650,86068873
ENSG00000073921,11,86003365,86003778
ENSG00000073921,11,86069457,86069539
ENSG00000073921,11,86068650,86069147
ENSG00000073921,11,85957688,85959060
ENSG00000073921,11,86003365,86003451
ENSG00000073921,11,86068650,86068738
ENSG00000073921,11,85958762,85959060
ENSG00000073921,11,85958817,85959060
ENSG00000073921,11,86068650,86069229
ENSG00000073921,11,86068650,86068811
ENSG00000073921,11,86012328,86012392
ENSG00000073921,11,86068650,86069122
ENSG00000073921,11,86026291,86026367
ENSG00000073921,11,85978069,85978093
ENSG00000073921,11,85976648,85976682
ENSG00000073921,11,86069719,86069882
ENSG00000073921,11,85983865,85983955
ENSG00000073921,11,85981871,85982185
ENSG00000073921,11,85990249,85990378
ENSG00000073921,11,86069719,86069811
ENSG00000073921,11,85990249,85990399
ENSG00000073921,11,85957209,85959060
ENSG00000073921,11,85957671,85959060
ENSG00000073921,11,86068650,86068733
ENSG00000073921,11,86011111,86011136
ENSG00000073921,11,86068650,86068797
ENSG00000073921,11,86001034,86001158
ENSG00000073921,11,85981128,85981228
ENSG00000073921,11,85981183,85981228
ENSG00000073921,11,86068650,86069117
ENSG00000073921,11,86068650,86069080
ENSG00000073921,11,86007368,86007583
ENSG00000073921,11,86068650,86069437
ENSG00000051382,3,138770050,138770555
ENSG00000051382,3,138654021,138655526
ENSG00000051382,3,138654023,138655526
ENSG00000051382,3,138755756,138755979
ENSG00000051382,3,138759174,138759359
ENSG00000051382,3,138834694,138834917
ENSG00000051382,3,138654434,138655526
ENSG00000051382,3,138654027,138655526
ENSG00000051382,3,138654872,138655526
ENSG00000051382,3,138714467,138714715
ENSG00000051382,3,138698906,138699095
ENSG00000051382,3,138826505,138826831
ENSG00000051382,3,138834467,138834700
ENSG00000051382,3,138825062,138826329
ENSG00000051382,3,138742557,138742755
ENSG00000051382,3,138834694,138834928
ENSG00000051382,3,138828579,138829477
ENSG00000051382,3,138655087,138655526
ENSG00000051382,3,138777831,138778810
ENSG00000051382,3,138834694,138834885
ENSG00000051382,3,138654017,138655526
ENSG00000051382,3,138834694,138834949
ENSG00000051382,3,138755753,138755895
ENSG00000051382,3,138690999,138691062
ENSG00000051382,3,138654019,138655526
ENSG00000051382,3,138759172,138759359
ENSG00000051382,3,138684624,138685126
ENSG00000051382,3,138755753,138755979
ENSG00000051382,3,138834467,138834679
ENSG00000051382,3,138834694,138834752
ENSG00000051382,3,138712207,138712304
ENSG00000051382,3,138796850,138797240
ENSG00000051382,3,138655149,138655526
ENSG00000051382,3,138657689,138657835
ENSG00000051382,3,138656141,138656274
ENSG00000051382,3,138681966,138682045
ENSG00000051382,3,138834467,138834928
ENSG00000051382,3,138834694,138834937
ENSG00000051382,3,138654015,138655526
ENSG00000051382,3,138834694,138834900
ENSG00000051382,3,138665035,138665203
ENSG00000051382,3,138714467,138714719
ENSG00000051382,3,138663905,138664029
ENSG00000051382,3,138652335,138655526
ENSG00000051382,3,138681983,138682045
ENSG00000051382,3,138834694,138834884
ENSG00000051382,3,138733360,138733438
ENSG00000051382,3,138834694,138834957
ENSG00000051382,3,138684624,138684803
ENSG00000051382,3,138734633,138734804
ENSG00000051382,3,138654016,138655526
ENSG00000051382,3,138796462,138796567
ENSG00000051382,3,138707158,138707621
ENSG00000051382,3,138834694,138834886
ENSG00000051382,3,138834694,138834895
ENSG00000051382,3,138714653,138714719
ENSG00000051382,3,138663905,138663933
ENSG00000051382,3,138654022,138655526
ENSG00000051382,3,138770050,138770117
ENSG00000051382,3,138652697,138655526
ENSG00000051382,3,138834694,138834916
ENSG00000051382,3,138714470,138714719
ENSG00000051382,3,138834694,138834888
ENSG00000051382,3,138714659,138714719
ENSG00000051382,3,138654391,138655526
ENSG00000051382,3,138834694,138834952
ENSG00000051382,3,138688874,138688974
ENSG00000051382,3,138834694,138834909
ENSG00000051382,3,138654714,138655526
ENSG00000051382,3,138742557,138742781
ENSG00000051382,3,138654067,138655526
ENSG00000051382,3,138712207,138712253
ENSG00000051382,3,138707158,138707289
ENSG00000051382,3,138834694,138834883
ENSG00000051382,3,138690999,138691143
ENSG00000051382,3,138694827,138694907
ENSG00000051382,3,138683677,138683787
ENSG00000051382,3,138654493,138655526
ENSG00000051382,3,138834694,138834785
ENSG00000051382,3,138657282,138657835
ENSG00000051382,3,138694785,138694907
ENSG00000051382,3,138788838,138788936
ENSG00000051382,3,138834694,138834922
ENSG00000051382,3,138834467,138834605
ENSG00000051382,3,138773281,138773387
ENSG00000051382,3,138737706,138737886
ENSG00000051382,3,138681966,138682060
ENSG00000051382,3,138704442,138704493
ENSG00000051382,3,138834694,138834833
ENSG00000051382,3,138760781,138760903
ENSG00000051382,3,138834694,138834915
ENSG00000137193,6,37173103,37173172
ENSG00000137193,6,37170237,37170657
ENSG00000137193,6,37172995,37173172
ENSG00000137193,6,37172467,37172794
ENSG00000137193,6,37170151,37170657
ENSG00000137193,6,37170173,37170657
ENSG00000137193,6,37170512,37170657
ENSG00000137193,6,37170222,37170657
ENSG00000137193,6,37173933,37175425
ENSG00000137193,6,37173933,37175428
ENSG00000137193,6,37170965,37171031
ENSG00000137193,6,37171124,37171491
ENSG00000137193,6,37173933,37174312
ENSG00000137193,6,37173933,37174247
ENSG00000137193,6,37170772,37170879
ENSG00000137193,6,37172493,37172612
ENSG00000137193,6,37170980,37171031
ENSG00000137193,6,37173933,37175426
ENSG00000067225,15,72231323,72231383
ENSG00000067225,15,72230895,72231128
ENSG00000067225,15,72208665,72208891
ENSG00000067225,15,72199030,72199756
ENSG00000067225,15,72209732,72209859
ENSG00000067225,15,72231115,72231225
ENSG00000067225,15,72229703,72230266
ENSG00000067225,15,72209736,72209859
ENSG00000067225,15,72210346,72210478
ENSG00000067225,15,72218943,72219099
ENSG00000067225,15,72229546,72229681
ENSG00000067225,15,72231323,72231550
ENSG00000067225,15,72208616,72208891
ENSG00000067225,15,72218943,72221942
ENSG00000067225,15,72200507,72200655
ENSG00000067225,15,72209797,72210228
ENSG00000067225,15,72231128,72231200
ENSG00000067225,15,72206745,72206880
ENSG00000067225,15,72229546,72229619
ENSG00000067225,15,72231598,72231662
ENSG00000067225,15,72231323,72231360
ENSG00000067225,15,72230899,72231386
ENSG00000067225,15,72199031,72199756
ENSG00000067225,15,72218943,72219110
ENSG00000067225,15,72201866,72202620
ENSG00000067225,15,72231115,72231184
ENSG00000067225,15,72199035,72199756
ENSG00000067225,15,72210059,72210478
ENSG00000067225,15,72230895,72231242
ENSG00000067225,15,72200473,72200655
ENSG00000067225,15,72231115,72231211
ENSG00000067225,15,72229546,72230250
ENSG00000067225,15,72217483,72217500
ENSG00000067225,15,72229546,72231125
ENSG00000067225,15,72202453,72202602
ENSG00000067225,15,72206258,72206880
ENSG00000067225,15,72230895,72231171
ENSG00000067225,15,72202453,72202620
ENSG00000067225,15,72231115,72231204
ENSG00000067225,15,72228848,72229230
ENSG00000067225,15,72210346,72210466
ENSG00000067225,15,72209505,72209859
ENSG00000067225,15,72202532,72202620
ENSG00000067225,15,72207126,72207198
ENSG00000067225,15,72199027,72199756
ENSG00000067225,15,72222449,72222571
ENSG00000067225,15,72200473,72202053
ENSG00000067225,15,72199029,72199756
ENSG00000067225,15,72202689,72203188
ENSG00000067225,15,72231115,72231181
ENSG00000067225,15,72231115,72231190
ENSG00000067225,15,72220358,72220465
ENSG00000067225,15,72231517,72231652
ENSG00000067225,15,72206727,72206798
ENSG00000067225,15,72199033,72199756
ENSG00000067225,15,72231115,72231199
ENSG00000067225,15,72231691,72231759
ENSG00000067225,15,72231598,72231680
ENSG00000067225,15,72208620,72208805
ENSG00000067225,15,72206727,72206880
ENSG00000067225,15,72209739,72209859
ENSG00000067225,15,72231108,72231212
ENSG00000067225,15,72231128,72231190
ENSG00000067225,15,72217408,72217451
ENSG00000067225,15,72208868,72208891
ENSG00000067225,15,72228576,72228662
ENSG00000067225,15,72202462,72202620
ENSG00000067225,15,72231323,72231624
ENSG00000067225,15,72231115,72231201
ENSG00000067225,15,72231517,72231617
ENSG00000067225,15,72209483,72210228
ENSG00000067225,15,72218942,72219110
ENSG00000067225,15,72231598,72231819
ENSG00000067225,15,72203021,72203184
ENSG00000067225,15,72200927,72201080
ENSG00000067225,15,72209797,72210040
ENSG00000067225,15,72209672,72209844
ENSG00000067225,15,72230895,72231152
ENSG00000067225,15,72218943,72219102
ENSG00000067225,15,72231115,72231304
ENSG00000067225,15,72229268,72230405
ENSG00000067225,15,72207126,72207277
ENSG00000067225,15,72231115,72231386
ENSG00000067225,15,72199025,72199756
ENSG00000067225,15,72209782,72209859
ENSG00000067225,15,72199036,72199756
ENSG00000067225,15,72200473,72200537
ENSG00000067225,15,72231323,72231391
ENSG00000067225,15,72228576,72228676
ENSG00000067225,15,72231598,72231702
ENSG00000067225,15,72208685,72208905
ENSG00000067225,15,72231115,72231233
ENSG00000067225,15,72206723,72206880
ENSG00000067225,15,72222658,72222781
ENSG00000067225,15,72221167,72221284
ENSG00000067225,15,72231598,72231631
ENSG00000067225,15,72203021,72203188
ENSG00000067225,15,72209672,72209784
ENSG00000067225,15,72217408,72217494
ENSG00000067225,15,72231115,72231226
ENSG00000067225,15,72231323,72231649
ENSG00000067225,15,72209750,72209859
ENSG00000067225,15,72231115,72231244
ENSG00000067225,15,72200473,72200642
ENSG00000067225,15,72219369,72219397
ENSG00000067225,15,72230895,72231113
ENSG00000067225,15,72208620,72208868
ENSG00000067225,15,72229546,72229654
ENSG00000067225,15,72218995,72219110
ENSG00000067225,15,72199589,72199756
ENSG00000067225,15,72203170,72203188
ENSG00000067225,15,72201624,72201810
ENSG00000067225,15,72199032,72199756
ENSG00000067225,15,72209712,72209859
ENSG00000067225,15,72209672,72209859
ENSG00000067225,15,72208620,72208715
ENSG00000067225,15,72206727,72206854
ENSG00000067225,15,72208620,72208962
ENSG00000067225,15,72208737,72208891
ENSG00000067225,15,72207122,72207277
ENSG00000067225,15,72199628,72199756
ENSG00000067225,15,72209685,72209859
ENSG00000067225,15,72199104,72199756
ENSG00000067225,15,72231115,72231212
ENSG00000067225,15,72207126,72207167
ENSG00000067225,15,72202453,72204559
ENSG00000067225,15,72222474,72222542
ENSG00000067225,15,72209672,72210026
ENSG00000067225,15,72222449,72222531
ENSG00000067225,15,72208620,72208891
ENSG00000067225,15,72231517,72231591
ENSG00000067225,15,72221348,72222778
ENSG00000067225,15,72208682,72208905
ENSG00000067225,15,72229546,72229722
ENSG00000067225,15,72230895,72231190
ENSG00000067225,15,72217408,72217482
ENSG00000067225,15,72219389,72219425
ENSG00000067225,15,72217408,72217500
ENSG00000067225,15,72206674,72206880
ENSG00000067225,15,72230899,72231190
ENSG00000067225,15,72199028,72199756
ENSG00000147872,9,19129736,19131271
ENSG00000147872,9,19149099,19149281
ENSG00000147872,9,19127418,19127476
ENSG00000147872,9,19116358,19116649
ENSG00000147872,9,19149099,19149293
ENSG00000147872,9,19131000,19131074
ENSG00000147872,9,19125505,19126448
ENSG00000147872,9,19115915,19116649
ENSG00000147872,9,19149099,19149369
ENSG00000147872,9,19115761,19116649
ENSG00000147872,9,19115310,19116649
ENSG00000147872,9,19115325,19116649
ENSG00000147872,9,19123564,19123647
ENSG00000147872,9,19123564,19123641
ENSG00000147872,9,19127418,19127509
ENSG00000147872,9,19126529,19126606
ENSG00000147872,9,19123234,19123476
ENSG00000147872,9,19131157,19131271
ENSG00000147872,9,19149109,19149278
ENSG00000147872,9,19126396,19126448
ENSG00000147872,9,19127418,19127475
ENSG00000147872,9,19115912,19116604
ENSG00000147872,9,19115763,19116649
ENSG00000147872,9,19126716,19126877
ENSG00000147872,9,19149109,19149290
ENSG00000147872,9,19126113,19126309
ENSG00000147872,9,19115765,19116649
ENSG00000147872,9,19127186,19127427
ENSG00000147872,9,19127422,19127506
ENSG00000147872,9,19127418,19127487
ENSG00000147872,9,19127418,19127490
ENSG00000147872,9,19131214,19131271
ENSG00000147872,9,19121009,19121165
ENSG00000147872,9,19120879,19121165
ENSG00000147872,9,19118320,19118446
ENSG00000147872,9,19131141,19131271
ENSG00000147872,9,19118320,19118455
ENSG00000147872,9,19131000,19131271
ENSG00000147872,9,19115762,19116601
ENSG00000147872,9,19119649,19119859
ENSG00000147872,9,19149099,19149264
ENSG00000147872,9,19115912,19116649
ENSG00000147872,9,19127229,19127492
ENSG00000147872,9,19115769,19116649
ENSG00000147872,9,19149109,19149277
ENSG00000147872,9,19115914,19116649
ENSG00000147872,9,19115760,19116649
ENSG00000147872,9,19120879,19121192
ENSG00000147872,9,19119649,19119825
ENSG00000147872,9,19121099,19121165
ENSG00000147872,9,19119649,19119822
ENSG00000147872,9,19108374,19108747
ENSG00000147872,9,19123312,19123647
ENSG00000147872,9,19149109,19149292
ENSG00000147872,9,19119649,19119831
ENSG00000147872,9,19126396,19126462
ENSG00000147872,9,19127418,19127483
ENSG00000147872,9,19127418,19127492
ENSG00000147872,9,19115762,19116649
ENSG00000147872,9,19126396,19126434
ENSG00000147872,9,19126716,19127144
ENSG00000147872,9,19149109,19149264
ENSG00000147872,9,19127240,19127436
ENSG00000147872,9,19125632,19126309
ENSG00000105355,19,4838342,4839536
ENSG00000105355,19,4867608,4867677
ENSG00000105355,19,4859589,4859636
ENSG00000105355,19,4861328,4861506
ENSG00000105355,19,4847702,4847890
ENSG00000105355,19,4861328,4861399
ENSG00000105355,19,4867608,4867637
ENSG00000105355,19,4866879,4866994
ENSG00000105355,19,4838619,4839533
ENSG00000105355,19,4861328,4861411
ENSG00000105355,19,4838597,4839536
ENSG00000105355,19,4838760,4839536
ENSG00000105355,19,4859589,4859663
ENSG00000105355,19,4866879,4867064
ENSG00000105355,19,4844667,4844793
ENSG00000105355,19,4838368,4839536
ENSG00000105355,19,4838331,4838410
ENSG00000105355,19,4859589,4859672
ENSG00000105355,19,4867608,4867668
ENSG00000105355,19,4838370,4839536
ENSG00000105355,19,4852038,4852301
ENSG00000105355,19,4861328,4861432
ENSG00000105355,19,4866693,4867019
ENSG00000105355,19,4847816,4847890
ENSG00000105355,19,4867608,4867667
ENSG00000105355,19,4852207,4852301
ENSG00000105355,19,4852015,4852265
ENSG00000105355,19,4839061,4839533
ENSG00000105355,19,4867608,4867694
ENSG00000105355,19,4838572,4839533
ENSG00000105355,19,4838341,4839536
ENSG00000105355,19,4847690,4847890
ENSG00000105355,19,4866875,4866994
ENSG00000105355,19,4867608,4867654
ENSG00000105355,19,4866632,4867112
ENSG00000105355,19,4861328,4861486
ENSG00000105355,19,4866632,4866810
ENSG00000105355,19,4867608,4867663
ENSG00000105355,19,4852015,4852301
ENSG00000105355,19,4867608,4867666
ENSG00000105355,19,4838343,4839536
ENSG00000105355,19,4838475,4838907
ENSG00000105355,19,4867608,4867684
ENSG00000105355,19,4867608,4867681
ENSG00000105355,19,4859825,4860024
ENSG00000105355,19,4866693,4866810
ENSG00000105355,19,4867608,4867699
ENSG00000105355,19,4866671,4866810
ENSG00000105355,19,4867608,4867647
ENSG00000105355,19,4867608,4867653
ENSG00000105355,19,4859983,4860024
ENSG00000105355,19,4867608,4867717
ENSG00000105355,19,4838338,4839536
ENSG00000105355,19,4838340,4839536
ENSG00000105355,19,4838342,4839533
ENSG00000102007,X,49174806,49176265
ENSG00000102007,X,49174671,49175089
ENSG00000102007,X,49174805,49176259
ENSG00000102007,X,49174803,49176265
ENSG00000102007,X,49173387,49173683
ENSG00000102007,X,49174801,49176265
ENSG00000102007,X,49174671,49175235
ENSG00000102007,X,49171897,49172096
ENSG00000102007,X,49171786,49172096
ENSG00000102007,X,49171925,49172096
ENSG00000102007,X,49173387,49173483
ENSG00000102007,X,49174334,49174425
ENSG00000102007,X,49171840,49172096
ENSG00000102007,X,49173128,49173281
ENSG00000198729,6,150164583,150164686
ENSG00000198729,6,150143075,150143498
ENSG00000198729,6,150248745,150250355
ENSG00000198729,6,150216823,150216856
ENSG00000198729,6,150221983,150222076
ENSG00000198729,6,150143043,150143498
ENSG00000198729,6,150248745,150250357
ENSG00000198729,6,150248745,150250392
ENSG00000198729,6,150214743,150214827
ENSG00000108819,17,50148713,50148827
ENSG00000108819,17,50135585,50135677
ENSG00000108819,17,50135967,50136197
ENSG00000108819,17,50143597,50143718
ENSG00000108819,17,50149142,50150703
ENSG00000108819,17,50133736,50135384
ENSG00000108819,17,50139256,50139316
ENSG00000108819,17,50135552,50135649
ENSG00000108819,17,50139459,50139581
ENSG00000108819,17,50145112,50145245
ENSG00000108819,17,50139428,50139581
ENSG00000108819,17,50149142,50150678
ENSG00000108819,17,50140092,50140228
ENSG00000108819,17,50145122,50145230
ENSG00000108819,17,50140092,50140359
ENSG00000108819,17,50139262,50139316
ENSG00000108819,17,50146024,50146176
ENSG00000108819,17,50149142,50150677
ENSG00000108819,17,50145112,50145152
ENSG00000108819,17,50141268,50141373
ENSG00000108819,17,50135297,50135384
ENSG00000108819,17,50137292,50137408
ENSG00000196850,12,110533247,110537095
ENSG00000196850,12,110539821,110539945
ENSG00000196850,12,110582808,110583113
ENSG00000196850,12,110545879,110546078
ENSG00000196850,12,110582808,110583320
ENSG00000196850,12,110530524,110533556
ENSG00000196850,12,110536768,110537095
ENSG00000196850,12,110538143,110538273
ENSG00000196850,12,110533244,110537095
ENSG00000196850,12,110545879,110546074
ENSG00000196850,12,110582808,110583383
ENSG00000196850,12,110582298,110582382
ENSG00000196850,12,110534071,110537095
ENSG00000196850,12,110534137,110537095
ENSG00000196850,12,110545879,110546769
ENSG00000196850,12,110582298,110583312
ENSG00000196850,12,110551788,110551959
ENSG00000196850,12,110536989,110537095
ENSG00000196850,12,110551784,110551968
ENSG00000196850,12,110582808,110583315
ENSG00000196850,12,110551788,110551968
ENSG00000196850,12,110582808,110583318
ENSG00000186314,5,145835176,145835307
ENSG00000186314,5,145819944,145820018
ENSG00000186314,5,145835176,145835337
ENSG00000186314,5,145471798,145472137
ENSG00000186314,5,145795074,145796547
ENSG00000186314,5,145703903,145704295
ENSG00000186314,5,145835176,145835285
ENSG00000186314,5,145819378,145819414
ENSG00000186314,5,145796441,145796531
ENSG00000186314,5,145835176,145835233
ENSG00000186314,5,145835176,145835352
ENSG00000186314,5,145734662,145735241
ENSG00000186314,5,145473199,145473315
ENSG00000186314,5,145834651,145834932
ENSG00000186314,5,145835176,145835336
ENSG00000186314,5,145708550,145709574
ENSG00000186314,5,145835176,145835284
ENSG00000186314,5,145835176,145835342
ENSG00000186314,5,145754164,145754379
ENSG00000186314,5,145760255,145760525
ENSG00000186314,5,145823076,145823134
ENSG00000186314,5,145759018,145760525
ENSG00000186314,5,145764930,145765000
ENSG00000186314,5,145728359,145729034
ENSG00000186314,5,145817893,145818054
ENSG00000186314,5,145825997,145826200
ENSG00000186314,5,145835176,145835363
ENSG00000186314,5,145835176,145835369
ENSG00000186314,5,145702405,145704295
ENSG00000186314,5,145759876,145765000
ENSG00000186314,5,145760244,145760457
ENSG00000186314,5,145729148,145729349
ENSG00000186314,5,145760316,145760476
ENSG00000186314,5,145704091,145704295
ENSG00000186314,5,145756343,145760525
ENSG00000186314,5,145819687,145820018
ENSG00000186314,5,145796441,145796547
ENSG00000186314,5,145835176,145835304
ENSG00000005249,7,107133603,107133664
ENSG00000005249,7,107156708,107157049
ENSG00000005249,7,107156983,107157049
ENSG00000005249,7,107081838,107082088
ENSG00000005249,7,107077316,107077385
ENSG00000005249,7,107068747,107068868
ENSG00000005249,7,107068538,107068868
ENSG00000005249,7,107077766,107078238
ENSG00000005249,7,107069657,107069986
ENSG00000005249,7,107157185,107157324
ENSG00000005249,7,107159448,107161811
ENSG00000005249,7,107069624,107069986
ENSG00000005249,7,107140852,107140953
ENSG00000005249,7,107080249,107080333
ENSG00000005249,7,107157185,107157266
ENSG00000005249,7,107159448,107161506
ENSG00000005249,7,107129033,107129085
ENSG00000005249,7,107079330,107079462
ENSG00000005249,7,107066590,107066900
ENSG00000005249,7,107044850,107045214
ENSG00000005249,7,107078839,107078889
ENSG00000005249,7,107142789,107142905
ENSG00000005249,7,107146307,107146461
ENSG00000005249,7,107153176,107156242
ENSG00000005249,7,107159448,107161780
ENSG00000005249,7,107153071,107153251
ENSG00000005249,7,107133603,107133733
ENSG00000005249,7,107044909,107045214
ENSG00000005249,7,107091743,107091885
ENSG00000005249,7,107159448,107161496
ENSG00000005249,7,107067402,107067470
ENSG00000005249,7,107159448,107161499
ENSG00000005249,7,107044724,107045214
ENSG00000005249,7,107069513,107069633
ENSG00000005249,7,107044704,107045214
ENSG00000005249,7,107067142,107067327
ENSG00000005249,7,107108574,107109002
ENSG00000005249,7,107077225,107077385
ENSG00000005249,7,107159448,107161807
ENSG00000005249,7,107146307,107150051
ENSG00000005249,7,107069661,107069986
ENSG00000005249,7,107150921,107151023
ENSG00000005249,7,107150340,107151023
ENSG00000005249,7,107069619,107069986
ENSG00000005249,7,107044719,107045214
ENSG00000005249,7,107065712,107066008
ENSG00000005249,7,107128211,107128295
ENSG00000005249,7,107153176,107153251
ENSG00000005249,7,107045122,107045214
ENSG00000005249,7,107118177,107118218
ENSG00000005249,7,107159448,107161803
ENSG00000005249,7,107069601,107069986
ENSG00000005249,7,107079465,107079621
ENSG00000005249,7,107159448,107161446
ENSG00000005249,7,107069865,107069986
ENSG00000005249,7,107069790,107069986
ENSG00000005249,7,107145760,107146461
ENSG00000005249,7,107044648,107045214
ENSG00000005249,7,107069669,107069986
ENSG00000005249,7,107044626,107045214
ENSG00000005249,7,107140846,107140953
ENSG00000005249,7,107079465,107079520
ENSG00000005249,7,107159448,107161525
ENSG00000005249,7,107121951,107122004
ENSG00000005249,7,107070280,107070316
ENSG00000005249,7,107142967,107142998
ENSG00000005249,7,107044703,107045214
ENSG00000005249,7,107128787,107129085
ENSG00000005249,7,107068688,107068868
ENSG00000154229,17,66741658,66741721
ENSG00000154229,17,66696426,66696487
ENSG00000154229,17,66676371,66676470
ENSG00000154229,17,66306095,66306348
ENSG00000154229,17,66364028,66364320
ENSG00000154229,17,66463051,66463215
ENSG00000154229,17,66415567,66415785
ENSG00000154229,17,66302612,66303024
ENSG00000154229,17,66302843,66303024
ENSG00000154229,17,66302994,66303458
ENSG00000154229,17,66639268,66639383
ENSG00000154229,17,66403637,66404171
ENSG00000154229,17,66773986,66774067
ENSG00000154229,17,66688950,66689047
ENSG00000154229,17,66735488,66735662
ENSG00000154229,17,66414969,66416854
ENSG00000154229,17,66416542,66416791
ENSG00000154229,17,66459255,66459366
ENSG00000154229,17,66788838,66788979
ENSG00000154229,17,66463051,66463272
ENSG00000154229,17,66302771,66303053
ENSG00000154229,17,66688301,66688436
ENSG00000154229,17,66306095,66306127
ENSG00000154229,17,66302807,66303024
ENSG00000154229,17,66638270,66638374
ENSG00000154229,17,66554518,66554579
ENSG00000154229,17,66803872,66805320
ENSG00000154229,17,66474201,66474663
ENSG00000154229,17,66468476,66468693
ENSG00000154229,17,66339790,66340060
ENSG00000154229,17,66461693,66462371
ENSG00000154229,17,66432080,66432277
ENSG00000154229,17,66302635,66303024
ENSG00000154229,17,66496200,66496283
ENSG00000154229,17,66463051,66463256
ENSG00000154229,17,66455246,66455443
ENSG00000154229,17,66641354,66641466
ENSG00000154229,17,66738763,66738855
ENSG00000154229,17,66786866,66786974
ENSG00000154229,17,66302615,66303024
ENSG00000154229,17,66796447,66796495
ENSG00000154229,17,66703326,66703864
ENSG00000154229,17,66463051,66463213
ENSG00000154229,17,66742621,66742760
ENSG00000154229,17,66451338,66452617
ENSG00000154229,17,66687110,66687267
ENSG00000154229,17,66677124,66677404
ENSG00000154229,17,66787071,66787168
ENSG00000154229,17,66645382,66645511
ENSG00000154229,17,66732687,66732825
ENSG00000154229,17,66302956,66303024
ENSG00000154229,17,66773986,66775127
ENSG00000154229,17,66432077,66432277
ENSG00000154229,17,66676668,66676773
ENSG00000154229,17,66414969,66414973
ENSG00000154229,17,66412684,66412762
ENSG00000154229,17,66803872,66805316
ENSG00000154229,17,66302795,66303027
ENSG00000154229,17,66302859,66303024
ENSG00000154229,17,66398068,66398218
ENSG00000154229,17,66460489,66461202
ENSG00000154229,17,66803872,66810743
ENSG00000166501,16,24100728,24101035
ENSG00000166501,16,24211051,24211147
ENSG00000166501,16,24092790,24092839
ENSG00000166501,16,24214657,24215667
ENSG00000166501,16,24185530,24185567
ENSG00000166501,16,24219960,24220611
ENSG00000166501,16,24111073,24111321
ENSG00000166501,16,24180789,24180845
ENSG00000166501,16,24191089,24191230
ENSG00000166501,16,23869113,23869326
ENSG00000166501,16,24035418,24035547
ENSG00000166501,16,23892963,23893853
ENSG00000166501,16,24151684,24151855
ENSG00000166501,16,24092790,24092860
ENSG00000166501,16,23835983,23836348
ENSG00000166501,16,23963715,23963820
ENSG00000166501,16,24214657,24215639
ENSG00000166501,16,24206550,24206848
ENSG00000166501,16,24174517,24174580
ENSG00000166501,16,24185110,24185191
ENSG00000166501,16,24185459,24185567
ENSG00000166501,16,24112972,24113069
ENSG00000166501,16,23837374,23837406
ENSG00000166501,16,23837222,23837406
ENSG00000166501,16,23835998,23836348
ENSG00000166501,16,24123834,24123981
ENSG00000166501,16,24214657,24215983
ENSG00000166501,16,24031979,24032247
ENSG00000166501,16,24035534,24035547
ENSG00000166501,16,24032135,24032247
ENSG00000166501,16,24203115,24203231
ENSG00000166501,16,24214657,24220611
ENSG00000166501,16,24174215,24174580
ENSG00000166501,16,23835999,23836348
ENSG00000166501,16,23962950,23963351
ENSG00000166501,16,24116441,24116549
ENSG00000166501,16,24174517,24174930
ENSG00000166501,16,23836030,23836348
ENSG00000166501,16,24205829,24205979
ENSG00000166501,16,23835958,23836348
ENSG00000166501,16,24112972,24113065
ENSG00000166501,16,23839881,23839959
ENSG00000166501,16,24112936,24113069
ENSG00000166501,16,24092790,24092947
ENSG00000166501,16,23835982,23836348
ENSG00000166501,16,24094162,24094297
ENSG00000166501,16,24154683,24154857
ENSG00000166501,16,23836081,23836348
ENSG00000166501,16,24172175,24172361
ENSG00000166501,16,24208104,24208478
ENSG00000166501,16,23988507,23988590
ENSG00000166501,16,24180789,24180928
ENSG00000166501,16,24191089,24191588
ENSG00000166501,16,24109418,24109555
ENSG00000166501,16,24205822,24205979
ENSG00000166501,16,24214657,24215637
ENSG00000166501,16,23835984,23836348
ENSG00000166501,16,24214657,24215640
ENSG00000166501,16,24100730,24101035
ENSG00000166501,16,23836228,23836348
ENSG00000166501,16,24172269,24172361
ENSG00000166501,16,24098238,24099971
ENSG00000257704,19,47275046,47277755
ENSG00000257704,19,47274884,47275723
ENSG00000257704,19,47274372,47274498
ENSG00000197746,10,71829695,71830023
ENSG00000197746,10,71819815,71819900
ENSG00000197746,10,71817342,71817476
ENSG00000197746,10,71823887,71823896
ENSG00000197746,10,71851181,71851301
ENSG00000197746,10,71834371,71834499
ENSG00000197746,10,71851181,71851310
ENSG00000197746,10,71819057,71819111
ENSG00000197746,10,71819030,71819102
ENSG00000197746,10,71844734,71844794
ENSG00000197746,10,71816589,71817476
ENSG00000197746,10,71851181,71851248
ENSG00000197746,10,71821875,71822205
ENSG00000197746,10,71851181,71851312
ENSG00000197746,10,71816300,71817476
ENSG00000197746,10,71820239,71820332
ENSG00000197746,10,71831125,71831251
ENSG00000197746,10,71851181,71851296
ENSG00000197746,10,71819030,71819271
ENSG00000197746,10,71818621,71818724
ENSG00000197746,10,71819713,71819828
ENSG00000197746,10,71825836,71825887
ENSG00000197746,10,71851181,71851280
ENSG00000197746,10,71816301,71817476
ENSG00000197746,10,71834371,71834505
ENSG00000197746,10,71828876,71829101
ENSG00000197746,10,71828876,71829110
ENSG00000197746,10,71821875,71821965
ENSG00000197746,10,71819030,71819111
ENSG00000197746,10,71828876,71829140
ENSG00000197746,10,71851181,71851330
ENSG00000197746,10,71851181,71851293
ENSG00000197746,10,71831125,71831248
ENSG00000197746,10,71816297,71817476
ENSG00000197746,10,71825836,71825893
ENSG00000197746,10,71834371,71834475
ENSG00000197746,10,71816299,71817476
ENSG00000197746,10,71816288,71817476
ENSG00000197746,10,71828876,71828906
ENSG00000197746,10,71828876,71829098
ENSG00000197746,10,71851181,71851316
ENSG00000197746,10,71851181,71851270
ENSG00000197746,10,71828100,71828157
ENSG00000197746,10,71851181,71851279
ENSG00000197746,10,71828876,71828954
ENSG00000197746,10,71819464,71819622
ENSG00000197746,10,71819750,71819900
ENSG00000197746,10,71851181,71851263
ENSG00000197746,10,71828954,71829077
ENSG00000197746,10,71820239,71820326
ENSG00000197746,10,71816544,71817476
ENSG00000197746,10,71828013,71828157
ENSG00000197746,10,71824057,71824189
ENSG00000197746,10,71851181,71851256
ENSG00000197746,10,71816297,71817494
ENSG00000197746,10,71828876,71829077
ENSG00000197746,10,71851181,71851295
ENSG00000197746,10,71818616,71818724
ENSG00000197746,10,71851181,71851249
ENSG00000197746,10,71831845,71831920
ENSG00000197746,10,71819464,71819583
ENSG00000197746,10,71819713,71819900
ENSG00000197746,10,71828013,71828134
ENSG00000197746,10,71821875,71821998
ENSG00000197746,10,71821875,71822007
ENSG00000197746,10,71821965,71822007
ENSG00000197746,10,71816298,71817476
ENSG00000197746,10,71851181,71851306
ENSG00000197746,10,71851181,71851251
ENSG00000197746,10,71851181,71851315
ENSG00000197746,10,71816553,71817476
ENSG00000197746,10,71829483,71829576
ENSG00000197746,10,71828013,71828136
ENSG00000197746,10,71825836,71825851
ENSG00000197746,10,71851181,71851290
ENSG00000197746,10,71820239,71820335
ENSG00000197746,10,71834374,71834505
ENSG00000050628,1,70950900,70951493
ENSG00000050628,1,70869243,70869319
ENSG00000050628,1,70953762,70953789
ENSG00000050628,1,71047496,71047589
ENSG00000050628,1,71046680,71047808
ENSG00000050628,1,70952431,70953059
ENSG00000050628,1,70852441,70852859
ENSG00000050628,1,70947378,70947475
ENSG00000050628,1,71012304,71012484
ENSG00000050628,1,71005853,71012484
ENSG00000050628,1,70950734,70951246
ENSG00000050628,1,71046680,71047816
ENSG00000050628,1,70862304,70862397
ENSG00000050628,1,71046680,71047633
ENSG00000050628,1,70974296,70974388
ENSG00000050628,1,70852352,70852859
ENSG00000050628,1,70852572,70852859
ENSG00000050628,1,71046680,71047788
ENSG00000050628,1,70910423,70910551
ENSG00000050628,1,70970781,70971733
ENSG00000050628,1,70865688,70865833
ENSG00000050628,1,70970783,70971733
ENSG00000050628,1,70950734,70950793
ENSG00000081237,1,198734327,198734425
ENSG00000081237,1,198729633,198729765
ENSG00000081237,1,198750491,198750626
ENSG00000081237,1,198703297,198703874
ENSG00000081237,1,198742231,198742367
ENSG00000081237,1,198718168,198718302
ENSG00000081237,1,198703297,198703346
ENSG00000081237,1,198639039,198639137
ENSG00000081237,1,198752354,198752772
ENSG00000081237,1,198639094,198639137
ENSG00000081237,1,198708132,198708157
ENSG00000081237,1,198639096,198639137
ENSG00000081237,1,198741904,198742020
ENSG00000081237,1,198639045,198639137
ENSG00000081237,1,198755905,198757193
ENSG00000081237,1,198639131,198639341
ENSG00000081237,1,198734195,198734232
ENSG00000081237,1,198639018,198639137
ENSG00000081237,1,198671395,198671462
ENSG00000081237,1,198755905,198757476
ENSG00000081237,1,198679138,198679220
ENSG00000081237,1,198755905,198759346
ENSG00000081237,1,198639075,198639137
ENSG00000081237,1,198731616,198731726
ENSG00000081237,1,198638456,198638698
ENSG00000081237,1,198639088,198639137
ENSG00000081237,1,198639103,198639137
ENSG00000081237,1,198729136,198729171
ENSG00000081237,1,198706733,198706875
ENSG00000081237,1,198692346,198692373
ENSG00000081237,1,198679567,198680033
ENSG00000081237,1,198722415,198722476
ENSG00000081237,1,198750884,198752371
ENSG00000081237,1,198755905,198757181
ENSG00000081237,1,198657552,198657821
ENSG00000081237,1,198752088,198752371
ENSG00000081237,1,198752593,198752772
ENSG00000081237,1,198752248,198752371
ENSG00000081237,1,198696880,198696909
ENSG00000081237,1,198639225,198639341
ENSG00000081237,1,198709686,198709824
ENSG00000081237,1,198755905,198757192
ENSG00000081237,1,198639095,198639137
ENSG00000081237,1,198742231,198743045
ENSG00000081237,1,198639161,198639341
ENSG00000081237,1,198755905,198757201
ENSG00000081237,1,198749415,198749549
ENSG00000081237,1,198706733,198706952
ENSG00000081237,1,198666998,198667061
ENSG00000081237,1,198660622,198660706
ENSG00000081237,1,198755905,198757158
ENSG00000081237,1,198639287,198639334
ENSG00000081237,1,198716681,198716840
ENSG00000081237,1,198629899,198629966
ENSG00000081237,1,198638967,198639137
ENSG00000081237,1,198739202,198739344
ENSG00000081237,1,198754268,198754457
ENSG00000081237,1,198639072,198639137
ENSG00000081237,1,198712728,198713072
ENSG00000081237,1,198709686,198713072
ENSG00000081237,1,198638722,198638786
ENSG00000081237,1,198718093,198718302
ENSG00000081237,1,198728339,198728448
ENSG00000081237,1,198735126,198735252
ENSG00000081237,1,198702386,198702530
ENSG00000081237,1,198704471,198704485
ENSG00000081237,1,198699563,198700146
ENSG00000081237,1,198754268,198754404
ENSG00000081237,1,198744053,198744203
ENSG00000081237,1,198639228,198639341
ENSG00000081237,1,198703297,198703372
ENSG00000081237,1,198755905,198757281
ENSG00000081237,1,198732479,198732556
ENSG00000081237,1,198741868,198742026
ENSG00000081237,1,198699563,198699620
ENSG00000081237,1,198732299,198732390
ENSG00000081237,1,198694017,198694140
ENSG00000081237,1,198638694,198638786
ENSG00000081237,1,198755905,198757283
ENSG00000081237,1,198694017,198695171
ENSG00000081237,1,198755905,198759342
ENSG00000081237,1,198704471,198704498
ENSG00000081237,1,198708132,198708261
ENSG00000081237,1,198712952,198713072
ENSG00000081237,1,198692346,198693206
ENSG00000081237,1,198696711,198696909
ENSG00000081237,1,198748108,198748199
ENSG00000081237,1,198752593,198753304
ENSG00000081237,1,198699563,198699704
ENSG00000081237,1,198755905,198756647
ENSG00000081237,1,198703297,198704498
ENSG00000143811,1,225923910,225924000
ENSG00000143811,1,225921207,225921371
ENSG00000143811,1,225919878,225920620
ENSG00000143811,1,225922079,225922142
ENSG00000143811,1,225921857,225921934
ENSG00000143811,1,225921551,225921644
ENSG00000143811,1,225924043,225924313
ENSG00000143811,1,225921857,225922010
ENSG00000143811,1,225924043,225924270
ENSG00000143811,1,225923700,225923891
ENSG00000143811,1,225922203,225922308
ENSG00000143811,1,225919884,225920620
ENSG00000143811,1,225924043,225924282
ENSG00000143811,1,225924043,225924340
ENSG00000143811,1,225923910,225923993
ENSG00000143811,1,225919877,225920620
ENSG00000143811,1,225923139,225923771
ENSG00000143811,1,225922203,225923079
ENSG00000143811,1,225924043,225924324
ENSG00000143811,1,225921857,225922076
ENSG00000143811,1,225921857,225922079
ENSG00000143811,1,225919879,225920620
ENSG00000143811,1,225921603,225921644
ENSG00000143811,1,225924043,225924147
ENSG00000143811,1,225923700,225923771
ENSG00000143811,1,225921221,225921371
ENSG00000143811,1,225922203,225922380
ENSG00000143811,1,225919881,225920620
ENSG00000143811,1,225924043,225924278
ENSG00000143811,1,225922203,225922383
ENSG00000143811,1,225922028,225922079
ENSG00000143811,1,225924043,225924311
ENSG00000143811,1,225924043,225924250
ENSG00000143811,1,225919876,225920620
ENSG00000143811,1,225919396,225920620
ENSG00000143811,1,225921215,225921644
ENSG00000143811,1,225921857,225923771
ENSG00000143811,1,225924043,225924271
ENSG00000143811,1,225924043,225924277
ENSG00000168461,18,9786769,9787805
ENSG00000168461,18,9814047,9814091
ENSG00000168461,18,9815115,9815222
ENSG00000168461,18,9792152,9792235
ENSG00000168461,18,9856043,9856354
ENSG00000168461,18,9806974,9807088
ENSG00000168461,18,9814720,9814787
ENSG00000168461,18,9814653,9814730
ENSG00000168461,18,9708274,9708444
ENSG00000168461,18,9708254,9708444
ENSG00000168461,18,9859227,9859592
ENSG00000168461,18,9830329,9830627
ENSG00000168461,18,9850309,9850402
ENSG00000168461,18,9708245,9708444
ENSG00000168461,18,9849595,9849656
ENSG00000168461,18,9708302,9708444
ENSG00000168461,18,9815115,9815438
ENSG00000168461,18,9723557,9723713
ENSG00000168461,18,9845581,9845692
ENSG00000168461,18,9775286,9775357
ENSG00000168461,18,9859227,9859372
ENSG00000168461,18,9859227,9862551
ENSG00000168461,18,9757962,9758151
ENSG00000168461,18,9708267,9708444
ENSG00000168461,18,9708300,9708444
ENSG00000168461,18,9708322,9708444
ENSG00000168461,18,9816092,9816158
ENSG00000168461,18,9708273,9708444
ENSG00000168461,18,9708722,9708774
ENSG00000168461,18,9775277,9775357
ENSG00000168461,18,9708306,9708444
ENSG00000168461,18,9726026,9726151
ENSG00000168461,18,9859227,9860351
ENSG00000168461,18,9845581,9845679
ENSG00000168461,18,9708722,9708792
ENSG00000168461,18,9859227,9859469
ENSG00000168461,18,9859227,9859286
ENSG00000168461,18,9792153,9792235
ENSG00000168461,18,9845581,9845691
ENSG00000168461,18,9844716,9844846
ENSG00000168461,18,9797358,9797507
ENSG00000168461,18,9841279,9841559
ENSG00000168461,18,9859227,9861122
ENSG00000168461,18,9732037,9732197
ENSG00000168461,18,9722741,9722851
ENSG00000168461,18,9814019,9814091
ENSG00000168461,18,9859227,9859508
ENSG00000168461,18,9734881,9734969
ENSG00000168461,18,9785107,9785237
ENSG00000168461,18,9722741,9722863
ENSG00000168461,18,9859227,9859520
ENSG00000168461,18,9735322,9735602
ENSG00000168461,18,9859227,9859587
ENSG00000168461,18,9708303,9708444
ENSG00000168461,18,9840339,9841089
ENSG00000085999,1,46247263,46247418
ENSG00000085999,1,46247768,46247801
ENSG00000085999,1,46272465,46272540
ENSG00000085999,1,46247583,46247746
ENSG00000085999,1,46274137,46274216
ENSG00000085999,1,46277461,46279084
ENSG00000085999,1,46248305,46248408
ENSG00000085999,1,46246460,46246596
ENSG00000085999,1,46278071,46278439
ENSG00000085999,1,46261337,46261385
ENSG00000085999,1,46247725,46248408
ENSG00000085999,1,46247694,46247746
ENSG00000085999,1,46261195,46261404
ENSG00000085999,1,46260541,46260568
ENSG00000085999,1,46260726,46260879
ENSG00000085999,1,46259963,46260091
ENSG00000085999,1,46278071,46278471
ENSG00000085999,1,46278071,46278480
ENSG00000085999,1,46249999,46250008
ENSG00000085999,1,46247722,46247746
ENSG00000085999,1,46247068,46247304
ENSG00000085999,1,46261263,46261385
ENSG00000085999,1,46278071,46278473
ENSG00000085999,1,46278071,46278482
ENSG00000085999,1,46247796,46248408
ENSG00000085999,1,46272671,46272800
ENSG00000085999,1,46267504,46267609
ENSG00000085999,1,46278402,46279084
ENSG00000085999,1,46278071,46278475
ENSG00000085999,1,46247734,46248408
ENSG00000085999,1,46272671,46272802
ENSG00000085999,1,46247714,46247746
ENSG00000085999,1,46260541,46260611
ENSG00000085999,1,46248343,46248408
ENSG00000085999,1,46247718,46247746
ENSG00000085999,1,46248398,46248408
ENSG00000085999,1,46257741,46257817
ENSG00000085999,1,46271367,46271442
ENSG00000085999,1,46273354,46273465
ENSG00000085999,1,46247240,46247304
ENSG00000085999,1,46273593,46273747
ENSG00000085999,1,46248281,46248408
ENSG00000085999,1,46248511,46248623
ENSG00000085999,1,46278071,46278470
ENSG00000085999,1,46260726,46261015
ENSG00000085999,1,46248511,46248598
ENSG00000085999,1,46247726,46248408
ENSG00000085999,1,46247781,46248408
ENSG00000085999,1,46261260,46261358
ENSG00000085999,1,46247697,46247746
ENSG00000085999,1,46267458,46267609
ENSG00000085999,1,46272504,46272540
ENSG00000085999,1,46270658,46270785
ENSG00000085999,1,46261260,46261385
ENSG00000085999,1,46278400,46279084
ENSG00000085999,1,46247699,46247746
ENSG00000085999,1,46278071,46278472
ENSG00000085999,1,46247580,46247746
ENSG00000085999,1,46249999,46250119
ENSG00000085999,1,46247712,46247746
ENSG00000085999,1,46273354,46273670
ENSG00000085999,1,46278071,46278145
ENSG00000085999,1,46248317,46248408
ENSG00000085999,1,46260726,46260928
ENSG00000085999,1,46258706,46258746
ENSG00000085999,1,46248511,46248584
ENSG00000085999,1,46273623,46273681
ENSG00000085999,1,46260847,46261074
ENSG00000085999,1,46259963,46260161
ENSG00000085999,1,46247762,46248408
ENSG00000085999,1,46278403,46279084
ENSG00000085999,1,46278071,46278467
ENSG00000085999,1,46277463,46279084
ENSG00000085999,1,46273623,46273747
ENSG00000085999,1,46259963,46260099
ENSG00000085999,1,46260858,46261015
ENSG00000085999,1,46274537,46274717
ENSG00000085999,1,46258685,46258746
ENSG00000085999,1,46267458,46267608
ENSG00000085999,1,46272435,46272540
ENSG00000085999,1,46267494,46267677
ENSG00000085999,1,46267508,46267584
ENSG00000085999,1,46277816,46277980
ENSG00000085999,1,46278399,46279084
ENSG00000085999,1,46247687,46247746
ENSG00000085999,1,46247720,46248408
ENSG00000085999,1,46248237,46248408
ENSG00000144118,2,120289579,120289705
ENSG00000144118,2,120254397,120254489
ENSG00000144118,2,120252924,120252980
ENSG00000144118,2,120252913,120252980
ENSG00000144118,2,120252849,120252980
ENSG00000144118,2,120289579,120289592
ENSG00000144118,2,120270862,120270958
ENSG00000144118,2,120270906,120270958
ENSG00000144118,2,120278646,120278778
ENSG00000144118,2,120252851,120252980
ENSG00000144118,2,120252904,120252980
ENSG00000144118,2,120293140,120293665
ENSG00000144118,2,120240063,120240125
ENSG00000144118,2,120280834,120280907
ENSG00000144118,2,120252845,120252973
ENSG00000144118,2,120291348,120291548
ENSG00000144118,2,120252937,120252980
ENSG00000144118,2,120252919,120252980
ENSG00000144118,2,120285873,120286086
ENSG00000144118,2,120253522,120253731
ENSG00000144118,2,120262875,120262891
ENSG00000144118,2,120256568,120256617
ENSG00000144118,2,120301775,120302270
ENSG00000144118,2,120293140,120294708
ENSG00000144118,2,120280834,120280861
ENSG00000144118,2,120293140,120294711
ENSG00000144118,2,120252951,120252973
ENSG00000144118,2,120293140,120293155
ENSG00000144118,2,120252842,120252980
ENSG00000144118,2,120278617,120278778
ENSG00000144118,2,120270868,120270958
ENSG00000144118,2,120252943,120252980
ENSG00000144118,2,120251895,120252126
ENSG00000144118,2,120252954,120252980
ENSG00000144118,2,120252857,120252980
ENSG00000144118,2,120268989,120269050
ENSG00000144118,2,120255847,120256301
ENSG00000144118,2,120240049,120240125
ENSG00000144118,2,120285873,120286082
ENSG00000144118,2,120253497,120253731
ENSG00000144118,2,120240062,120240125
ENSG00000144118,2,120258421,120258517
ENSG00000144118,2,120252934,120252980
ENSG00000144118,2,120252958,120252980
ENSG00000144118,2,120252804,120252980
ENSG00000144118,2,120293140,120294710
ENSG00000144118,2,120278614,120278778
ENSG00000144118,2,120252874,120252980
ENSG00000144118,2,120252777,120252980
ENSG00000144118,2,120240063,120240224
ENSG00000144118,2,120276950,120278778
ENSG00000144118,2,120286066,120286082
ENSG00000144118,2,120293140,120294718
ENSG00000144118,2,120293140,120294676
ENSG00000144118,2,120253298,120253731
ENSG00000144118,2,120289586,120289757
ENSG00000144118,2,120252559,120252632
ENSG00000144118,2,120304316,120304570
ENSG00000144118,2,120293140,120293309
ENSG00000144118,2,120293140,120294688
ENSG00000144118,2,120303098,120305300
ENSG00000144118,2,120302380,120303156
ENSG00000144118,2,120258243,120259223
ENSG00000144118,2,120253450,120253731
ENSG00000144118,2,120293140,120294706
ENSG00000144118,2,120293140,120294703
ENSG00000144118,2,120293140,120294709
ENSG00000144118,2,120278617,120278712
ENSG00000144118,2,120289579,120289757
ENSG00000144118,2,120293140,120294721
ENSG00000144118,2,120292153,120292318
ENSG00000189056,7,103640463,103640609
ENSG00000189056,7,103539077,103539327
ENSG00000189056,7,103557964,103558049
ENSG00000189056,7,103522021,103523241
ENSG00000189056,7,103654092,103654205
ENSG00000189056,7,103635424,103635592
ENSG00000189056,7,103989130,103989607
ENSG00000189056,7,103515184,103515441
ENSG00000189056,7,103478388,103478524
ENSG00000189056,7,103594320,103594492
ENSG00000189056,7,103534874,103535484
ENSG00000189056,7,103565277,103565551
ENSG00000189056,7,103700909,103701006
ENSG00000189056,7,103749425,103749504
ENSG00000189056,7,103611610,103611803
ENSG00000189056,7,103500744,103501168
ENSG00000189056,7,103510850,103511255
ENSG00000189056,7,103748115,103749504
ENSG00000189056,7,103471388,103472908
ENSG00000189056,7,103500744,103503230
ENSG00000189056,7,103556976,103557159
ENSG00000189056,7,103604345,103604483
ENSG00000189056,7,103471801,103472908
ENSG00000189056,7,103989130,103989632
ENSG00000189056,7,103610694,103610807
ENSG00000189056,7,103539077,103539498
ENSG00000189056,7,103522021,103523531
ENSG00000189056,7,103640542,103640609
ENSG00000189056,7,103912996,103917185
ENSG00000189056,7,103551066,103551160
ENSG00000189056,7,103471380,103472908
ENSG00000189056,7,103917074,103917185
ENSG00000189056,7,103723139,103723191
ENSG00000189056,7,103540196,103541006
ENSG00000189056,7,103989130,103989170
ENSG00000189056,7,103572183,103572260
ENSG00000189056,7,103627264,103628352
ENSG00000189056,7,103491952,103492026
ENSG00000189056,7,103483652,103483850
ENSG00000189056,7,103512768,103513654
ENSG00000189056,7,103989130,103989620
ENSG00000189056,7,103553460,103553563
ENSG00000189056,7,103589595,103589828
ENSG00000189056,7,103540196,103540455
ENSG00000189056,7,103486196,103486257
ENSG00000189056,7,103905077,103907411
ENSG00000189056,7,103471783,103472908
ENSG00000189056,7,103661375,103661527
ENSG00000189056,7,103561812,103561953
ENSG00000189056,7,103697852,103698093
ENSG00000189056,7,103497819,103497926
ENSG00000189056,7,103574091,103574299
ENSG00000189056,7,103482872,103482971
ENSG00000189056,7,103518353,103519026
ENSG00000189056,7,103566600,103566759
ENSG00000189056,7,103539077,103539506
ENSG00000189056,7,103478316,103482971
ENSG00000189056,7,103519322,103519516
ENSG00000189056,7,103524173,103524309
ENSG00000189056,7,103542730,103542878
ENSG00000189056,7,103989130,103989240
ENSG00000189056,7,103974278,103974471
ENSG00000189056,7,103510850,103511005
ENSG00000189056,7,103633959,103635586
ENSG00000189056,7,103593681,103593882
ENSG00000189056,7,103489741,103489899
ENSG00000189056,7,103498076,103498252
ENSG00000189056,7,103603303,103603490
ENSG00000189056,7,103553659,103553831
ENSG00000189056,7,103496525,103496768
ENSG00000189056,7,103473802,103473912
ENSG00000189056,7,103652550,103652759
ENSG00000189056,7,103556976,103558541
ENSG00000189056,7,103682115,103682261
ENSG00000189056,7,103503015,103503230
ENSG00000189056,7,103753181,103753214
ENSG00000189056,7,103545123,103545344
ENSG00000189056,7,103482199,103482270
ENSG00000189056,7,103636234,103636468
ENSG00000189056,7,103471790,103472908
ENSG00000189056,7,103523390,103523531
ENSG00000189056,7,103973105,103973313
ENSG00000189056,7,103651660,103651789
ENSG00000189056,7,103512768,103514007
ENSG00000189056,7,103535315,103535484
ENSG00000189056,7,103776556,103776627
ENSG00000189056,7,103500744,103500922
ENSG00000189056,7,103518535,103519516
ENSG00000189056,7,103635424,103635586
ENSG00000189056,7,103650273,103650383
ENSG00000189056,7,103520266,103520569
ENSG00000189056,7,103504403,103504524
ENSG00000189056,7,103480812,103482971
ENSG00000189056,7,103566223,103566412
ENSG00000189056,7,103544400,103545344
ENSG00000189056,7,103629939,103630176
ENSG00000189056,7,103596455,103596661
ENSG00000189056,7,103989130,103989658
ENSG00000189056,7,103481940,103482270
ENSG00000189056,7,103561197,103561709
ENSG00000189056,7,103483652,103483744
ENSG00000189056,7,103490177,103491064
ENSG00000189056,7,103522021,103522199
ENSG00000189056,7,103551066,103551296
ENSG00000189056,7,103728110,103728207
ENSG00000189056,7,103495722,103495898
ENSG00000189056,7,103484207,103484539
ENSG00000189056,7,103471788,103472908
ENSG00000189056,7,103833536,103833672
ENSG00000189056,7,103561531,103561709
ENSG00000189056,7,103478388,103478394
ENSG00000189056,7,103486196,103486416
ENSG00000189056,7,103471792,103472908
ENSG00000189056,7,103575547,103575705
ENSG00000189056,7,103490667,103490829
ENSG00000189056,7,103989130,103989516
ENSG00000169891,X,17068401,17068471
ENSG00000169891,X,17006220,17006344
ENSG00000169891,X,16946658,16947134
ENSG00000169891,X,17103717,17103779
ENSG00000169891,X,17025061,17025185
ENSG00000169891,X,16946746,16947134
ENSG00000169891,X,17029525,17029623
ENSG00000169891,X,17044379,17044511
ENSG00000169891,X,17147412,17147619
ENSG00000169891,X,17147412,17153269
ENSG00000169891,X,17147412,17147628
ENSG00000169891,X,16946726,16947134
ENSG00000169891,X,17047346,17047482
ENSG00000169891,X,17147412,17153272
ENSG00000169891,X,16946717,16947134
ENSG00000169891,X,16947069,16947134
ENSG00000169891,X,17025058,17025185
ENSG00000169891,X,16946657,16947134
ENSG00000169891,X,17022122,17022271
ENSG00000169891,X,16946719,16947134
ENSG00000169891,X,17069939,17069993
ENSG00000169891,X,17147412,17147798
ENSG00000169891,X,17074113,17074159
ENSG00000169891,X,17147412,17147801
ENSG00000169891,X,17077270,17077407
ENSG00000169891,X,17054807,17054950
ENSG00000169891,X,17062437,17062532
ENSG00000169891,X,17135260,17135406
ENSG00000169891,X,17022122,17022371
ENSG00000169891,X,17133823,17133907
ENSG00000169891,X,17147412,17148002
ENSG00000169891,X,17099781,17100239
ENSG00000169891,X,17147412,17148545
ENSG00000169891,X,16946676,16947134
ENSG00000169891,X,17135693,17138961
ENSG00000169891,X,17074512,17074608
ENSG00000169891,X,16946727,16947134
ENSG00000169891,X,16946709,16947134
ENSG00000169891,X,17068404,17068471
ENSG00000169891,X,17147412,17147620
ENSG00000169891,X,17147412,17147629
ENSG00000169891,X,16946861,16947134
ENSG00000169891,X,17138855,17138961
ENSG00000169891,X,17052381,17052445
ENSG00000112077,6,49619178,49619362
ENSG00000112077,6,49611023,49611145
ENSG00000112077,6,49618067,49618218
ENSG00000112077,6,49605722,49605830
ENSG00000112077,6,49605174,49605830
ENSG00000112077,6,49612396,49612534
ENSG00000112077,6,49605812,49605830
ENSG00000112077,6,49631911,49632159
ENSG00000112077,6,49636655,49636839
ENSG00000112077,6,49607149,49607220
ENSG00000112077,6,49612408,49612534
ENSG00000112077,6,49615115,49615304
ENSG00000112077,6,49615623,49615771
ENSG00000112077,6,49606728,49606921
ENSG00000112077,6,49614686,49614853
ENSG00000112077,6,49614937,49615267
ENSG00000112077,6,49606847,49606921
ENSG00000129538,14,20802796,20802848
ENSG00000129538,14,20801360,20802331
ENSG00000129538,14,20801459,20802093
ENSG00000129538,14,20801353,20802093
ENSG00000129538,14,20801355,20802319
ENSG00000129538,14,20802796,20802884
ENSG00000129538,14,20802770,20802804
ENSG00000129538,14,20802254,20802421
ENSG00000129538,14,20801355,20802093
ENSG00000129538,14,20801227,20802093
ENSG00000129538,14,20802796,20802844
ENSG00000129538,14,20802248,20802319
ENSG00000129538,14,20802248,20802331
ENSG00000129538,14,20801365,20802093
ENSG00000129538,14,20802395,20802496
ENSG00000129538,14,20802796,20802843
ENSG00000129538,14,20802254,20802319
ENSG00000129538,14,20802796,20802855
ENSG00000129538,14,20802254,20802331
ENSG00000129538,14,20802796,20802852
ENSG00000129538,14,20801358,20802078
ENSG00000129538,14,20801345,20802093
ENSG00000129538,14,20801356,20802093
ENSG00000129538,14,20801393,20801996
ENSG00000129538,14,20802248,20802339
ENSG00000129538,14,20802248,20802406
ENSG00000180537,6,13976908,13977606
ENSG00000180537,6,13924866,13925023
ENSG00000180537,6,13924954,13925023
ENSG00000180537,6,13924445,13924572
ENSG00000180537,6,13961479,13961562
ENSG00000180537,6,13977028,13980005
ENSG00000180537,6,13925102,13925366
ENSG00000180537,6,13924460,13924572
ENSG00000180537,6,13925069,13925366
ENSG00000180537,6,13976908,13977367
ENSG00000180537,6,13924951,13925023
ENSG00000180537,6,13924843,13925023
ENSG00000180537,6,13976908,13980012
ENSG00000180537,6,13976908,13980009
ENSG00000180537,6,13925192,13925366
ENSG00000180537,6,13949094,13949666
ENSG00000180537,6,13976908,13977272
ENSG00000180537,6,13974209,13974368
ENSG00000180537,6,13976908,13980005
ENSG00000180537,6,13976908,13980310
ENSG00000180537,6,13976908,13980008
ENSG00000180537,6,13924873,13925023
ENSG00000180537,6,13924895,13925023
ENSG00000180537,6,13974209,13974364
ENSG00000180537,6,13976908,13977158
ENSG00000180537,6,13973377,13974364
ENSG00000173821,17,80313011,80313167
ENSG00000173821,17,80339200,80340356
ENSG00000173821,17,80374457,80374589
ENSG00000173821,17,80332005,80332631
ENSG00000173821,17,80375815,80375870
ENSG00000173821,17,80372520,80372734
ENSG00000173821,17,80388611,80389367
ENSG00000173821,17,80289760,80289837
ENSG00000173821,17,80380830,80380987
ENSG00000173821,17,80361733,80361888
ENSG00000173821,17,80363101,80363314
ENSG00000173821,17,80339200,80339446
ENSG00000173821,17,80364845,80365369
ENSG00000173821,17,80260851,80260902
ENSG00000173821,17,80327815,80327989
ENSG00000173821,17,80288632,80288755
ENSG00000173821,17,80388529,80389367
ENSG00000173821,17,80393344,80396278
ENSG00000173821,17,80358287,80358479
ENSG00000173821,17,80317187,80317277
ENSG00000173821,17,80273240,80273404
ENSG00000173821,17,80354440,80354576
ENSG00000173821,17,80376881,80376963
ENSG00000173821,17,80291627,80291827
ENSG00000173821,17,80369767,80369867
ENSG00000173821,17,80354018,80354166
ENSG00000173821,17,80377761,80377796
ENSG00000173821,17,80328327,80328477
ENSG00000173821,17,80294719,80295003
ENSG00000173821,17,80360060,80360389
ENSG00000173821,17,80319189,80319312
ENSG00000173821,17,80295728,80295813
ENSG00000173821,17,80373068,80373165
ENSG00000173821,17,80352939,80353059
ENSG00000173821,17,80363608,80363790
ENSG00000173821,17,80386249,80386430
ENSG00000173821,17,80374457,80375059
ENSG00000173821,17,80381003,80381285
ENSG00000173821,17,80325029,80325198
ENSG00000173821,17,80336160,80336378
ENSG00000173821,17,80344677,80348286
ENSG00000173821,17,80315650,80315723
ENSG00000173821,17,80379455,80379714
ENSG00000173821,17,80383676,80383928
ENSG00000173821,17,80382362,80382454
ENSG00000173821,17,80381546,80383070
ENSG00000173821,17,80364432,80364520
ENSG00000173821,17,80386385,80386430
ENSG00000173821,17,80359607,80362208
ENSG00000173821,17,80351827,80355288
ENSG00000173821,17,80381546,80382188
ENSG00000173821,17,80298320,80298518
ENSG00000173821,17,80309017,80309171
ENSG00000173821,17,80390011,80390196
ENSG00000173821,17,80349769,80349906
ENSG00000173821,17,80337513,80337726
ENSG00000173821,17,80290569,80290728
ENSG00000173821,17,80291627,80292007
ENSG00000173821,17,80333840,80334366
ENSG00000173821,17,80371873,80371985
ENSG00000173821,17,80363670,80363790
ENSG00000173821,17,80393344,80398794
ENSG00000173821,17,80385537,80385621
ENSG00000173821,17,80360060,80360206
ENSG00000173821,17,80337585,80337726
ENSG00000173821,17,80295556,80295813
ENSG00000173821,17,80386689,80386891
ENSG00000173821,17,80354436,80354815
ENSG00000173821,17,80389172,80389367
ENSG00000173821,17,80376300,80376543
ENSG00000173821,17,80278763,80278910
ENSG00000173821,17,80367747,80367848
ENSG00000173821,17,80384872,80385171
ENSG00000173821,17,80388611,80388689
ENSG00000173821,17,80393344,80395253
ENSG00000173821,17,80354458,80354576
ENSG00000173821,17,80376881,80377177
ENSG00000173821,17,80375759,80375870
ENSG00000173821,17,80351836,80353811
ENSG00000173821,17,80382978,80383070
ENSG00000173821,17,80337832,80337997
ENSG00000173821,17,80343131,80343325
ENSG00000173821,17,80351684,80351803
ENSG00000173821,17,80369501,80369671
ENSG00000173821,17,80377677,80377796
ENSG00000173821,17,80379619,80379714
ENSG00000173821,17,80371650,80371985
ENSG00000173821,17,80367960,80368143
ENSG00000173821,17,80385038,80385171
ENSG00000173821,17,80307127,80307201
ENSG00000173821,17,80336160,80336900
ENSG00000173821,17,80263573,80263778
ENSG00000173821,17,80353511,80353666
ENSG00000173821,17,80287958,80288363
ENSG00000173821,17,80389827,80389888
ENSG00000173821,17,80260865,80260902
ENSG00000173821,17,80393344,80395312
ENSG00000173821,17,80334104,80334270
ENSG00000173821,17,80260869,80260902
ENSG00000173821,17,80343856,80344015
ENSG00000173821,17,80298320,80298775
ENSG00000173821,17,80379619,80379798
ENSG00000173821,17,80363352,80363790
ENSG00000173821,17,80306251,80306468
ENSG00000173821,17,80339897,80342058
ENSG00000173821,17,80354111,80354166
ENSG00000173821,17,80372974,80373165
ENSG00000173821,17,80289658,80289837
ENSG00000173821,17,80389827,80389917
ENSG00000173821,17,80386249,80386410
ENSG00000173821,17,80364432,80364553
ENSG00000173821,17,80381546,80381727
ENSG00000173821,17,80287814,80288363
ENSG00000173821,17,80380830,80380891
ENSG00000173821,17,80319189,80321463
ENSG00000173821,17,80350300,80350396
ENSG00000173821,17,80316053,80316633
ENSG00000101236,20,3931423,3934201
ENSG00000101236,20,3929221,3929882
ENSG00000101236,20,3934993,3935073
ENSG00000101236,20,3945176,3945218
ENSG00000101236,20,3974331,3974400
ENSG00000101236,20,3989584,3989855
ENSG00000101236,20,3933566,3934201
ENSG00000101236,20,4015144,4015389
ENSG00000101236,20,4015436,4015558
ENSG00000101236,20,3948236,3948279
ENSG00000101236,20,3963874,3964024
ENSG00000101236,20,4015436,4015573
ENSG00000101236,20,3974331,3974387
ENSG00000101236,20,3923243,3929887
ENSG00000101236,20,3927308,3934201
ENSG00000101236,20,3927310,3934201
ENSG00000101236,20,4015436,4015545
ENSG00000101236,20,3929673,3929873
ENSG00000101236,20,3933063,3934201
ENSG00000101236,20,4015200,4015591
ENSG00000136643,1,213242568,213242658
ENSG00000136643,1,213051286,213051509
ENSG00000136643,1,213167857,213167973
ENSG00000136643,1,213072937,213072986
ENSG00000136643,1,213129526,213129889
ENSG00000136643,1,213117316,213117410
ENSG00000136643,1,213125765,213125843
ENSG00000136643,1,213051259,213051509
ENSG00000136643,1,213051314,213051509
ENSG00000136643,1,213272523,213273141
ENSG00000136643,1,213077695,213077816
ENSG00000136643,1,213272523,213274773
ENSG00000136643,1,213108168,213108237
ENSG00000136643,1,213242059,213242658
ENSG00000136643,1,213272523,213273464
ENSG00000136643,1,213176399,213176704
ENSG00000136643,1,213051261,213051509
ENSG00000136643,1,213261557,213261640
ENSG00000136643,1,213051241,213051509
ENSG00000136643,1,213262720,213262816
ENSG00000136643,1,213051232,213051509
ENSG00000136643,1,213051254,213051509
ENSG00000136643,1,213051320,213051509
ENSG00000136643,1,213104453,213104569
ENSG00000136643,1,213071005,213071041
ENSG00000136643,1,213240701,213242297
ENSG00000136643,1,213240701,213241955
ENSG00000136643,1,213272523,213273454
ENSG00000136643,1,213272523,213273463
ENSG00000136643,1,213230496,213230544
ENSG00000136643,1,213051271,213051509
ENSG00000136643,1,213176399,213176492
ENSG00000136643,1,213240701,213241289
ENSG00000136643,1,213051240,213051509
ENSG00000136643,1,213272523,213274774
ENSG00000136643,1,213051306,213051509
ENSG00000136643,1,213232122,213232255
ENSG00000136643,1,213072869,213072986
ENSG00000136643,1,213272523,213273462
ENSG00000136643,1,213051396,213051509
ENSG00000136643,1,213272523,213273465
ENSG00000115310,2,55049557,55049640
ENSG00000115310,2,54973562,54973621
ENSG00000115310,2,54973562,54973615
ENSG00000115310,2,54982514,54982653
ENSG00000115310,2,54972795,54973198
ENSG00000115310,2,54974694,54974764
ENSG00000115310,2,54972192,54973198
ENSG00000115310,2,55081261,55081354
ENSG00000115310,2,55049744,55050558
ENSG00000115310,2,55027206,55027485
ENSG00000115310,2,55014417,55014521
ENSG00000115310,2,54973820,54973867
ENSG00000115310,2,55049744,55050451
ENSG00000115310,2,55080204,55080390
ENSG00000115310,2,55086846,55087072
ENSG00000115310,2,55050773,55050974
ENSG00000115310,2,55025085,55026648
ENSG00000115310,2,55112519,55112621
ENSG00000115310,2,54972196,54973198
ENSG00000115310,2,55056482,55056557
ENSG00000115310,2,55080204,55080295
ENSG00000115310,2,55028163,55028220
ENSG00000115310,2,55046815,55046886
ENSG00000115310,2,54987490,54987698
ENSG00000115310,2,55082177,55082307
ENSG00000115310,2,55050746,55050974
ENSG00000115310,2,55049078,55049198
ENSG00000115310,2,55112519,55112567
ENSG00000115310,2,54973562,54974019
ENSG00000115310,2,55080488,55080639
ENSG00000115310,2,55058584,55058655
ENSG00000115310,2,55050427,55050598
ENSG00000115310,2,54972796,54973198
ENSG00000115310,2,55049744,55050535
ENSG00000115310,2,55049744,55050544
ENSG00000115310,2,55010086,55010449
ENSG00000115310,2,55060605,55060753
ENSG00000115310,2,54987490,54987633
ENSG00000115310,2,55027458,55027485
ENSG00000115310,2,54973512,54973621
ENSG00000115310,2,55049744,55050495
ENSG00000115310,2,54972186,54973198
ENSG00000115310,2,55050787,55050974
ENSG00000115310,2,55027341,55027485
ENSG00000115310,2,55049744,55050443
ENSG00000115310,2,55025085,55027485
ENSG00000115310,2,55050716,55050828
ENSG00000115310,2,54973820,54974191
ENSG00000115310,2,54972584,54973198
ENSG00000115310,2,54972188,54973198
ENSG00000163602,3,72379250,72379427
ENSG00000163602,3,72374501,72378637
ENSG00000163602,3,72376949,72378637
ENSG00000163602,3,72379039,72379197
ENSG00000163602,3,72446495,72446621
ENSG00000163602,3,72379250,72380630
ENSG00000163602,3,72379039,72379138
ENSG00000163602,3,72371824,72378637
ENSG00000163602,3,72380231,72380359
ENSG00000155307,21,14591929,14592639
ENSG00000155307,21,14593719,14594078
ENSG00000155307,21,14509499,14509532
ENSG00000155307,21,14612535,14612700
ENSG00000155307,21,14658747,14658821
ENSG00000155307,21,14615975,14616016
ENSG00000155307,21,14612504,14612645
ENSG00000155307,21,14583649,14583776
ENSG00000155307,21,14498441,14498592
ENSG00000155307,21,14582135,14582488
ENSG00000155307,21,14609481,14609568
ENSG00000155307,21,14516891,14517041
ENSG00000155307,21,14546204,14546315
ENSG00000155307,21,14521149,14521221
ENSG00000155307,21,14612504,14612913
ENSG00000155307,21,14495699,14496403
ENSG00000155307,21,14602022,14602099
ENSG00000155307,21,14500528,14500735
ENSG00000155307,21,14523270,14523394
ENSG00000155307,21,14643001,14643133
ENSG00000155307,21,14546204,14546345
ENSG00000155307,21,14485228,14486114
ENSG00000155307,21,14594693,14594740
ENSG00000155307,21,14546204,14546360
ENSG00000155307,21,14597924,14598303
ENSG00000155307,21,14510309,14510461
ENSG00000155307,21,14585335,14585538
ENSG00000155307,21,14585011,14585538
ENSG00000155307,21,14612875,14612913
ENSG00000155307,21,14512443,14512573
ENSG00000155307,21,14591321,14591432
ENSG00000155307,21,14583319,14583402
ENSG00000155307,21,14546204,14546341
ENSG00000155307,21,14500528,14500606
ENSG00000155307,21,14485234,14486114
ENSG00000155307,21,14582201,14582291
ENSG00000155307,21,14585361,14585538
ENSG00000155307,21,14594012,14594078
ENSG00000155307,21,14521172,14521221
ENSG00000155307,21,14546204,14546313
ENSG00000155307,21,14591321,14591468
ENSG00000155307,21,14485227,14486114
ENSG00000104835,19,38918421,38918530
ENSG00000104835,19,38921526,38921874
ENSG00000104835,19,38919761,38919784
ENSG00000104835,19,38918036,38918139
ENSG00000104835,19,38921526,38921667
ENSG00000104835,19,38919798,38919867
ENSG00000104835,19,38915268,38915749
ENSG00000104835,19,38918093,38918139
ENSG00000104835,19,38921526,38921596
ENSG00000104835,19,38918434,38918530
ENSG00000104835,19,38922237,38922267
ENSG00000104835,19,38930469,38930754
ENSG00000104835,19,38930469,38930748
ENSG00000104835,19,38916207,38916314
ENSG00000104835,19,38917813,38918139
ENSG00000104835,19,38920085,38920149
ENSG00000104835,19,38930469,38930763
ENSG00000104835,19,38928268,38928350
ENSG00000104835,19,38930469,38930760
ENSG00000104835,19,38915265,38915490
ENSG00000104835,19,38930469,38930761
ENSG00000104835,19,38930058,38930133
ENSG00000104835,19,38917938,38918008
ENSG00000104835,19,38916220,38916314
ENSG00000104835,19,38917914,38918008
ENSG00000104835,19,38922001,38922078
ENSG00000104835,19,38915265,38915749
ENSG00000104835,19,38917723,38917827
ENSG00000104835,19,38917723,38917833
ENSG00000104835,19,38917725,38917833
ENSG00000104835,19,38916036,38916129
ENSG00000104835,19,38930469,38930759
ENSG00000104835,19,38915298,38915749
ENSG00000104835,19,38930469,38930768
ENSG00000104835,19,38921391,38921446
ENSG00000104835,19,38919761,38919999
ENSG00000104835,19,38915403,38915749
ENSG00000104835,19,38915840,38915906
ENSG00000104835,19,38917723,38917924
ENSG00000104835,19,38921635,38922267
ENSG00000104835,19,38916036,38916150
ENSG00000104835,19,38917920,38918008
ENSG00000104835,19,38918765,38918813
ENSG00000104835,19,38915840,38916046
ENSG00000104835,19,38922011,38922078
ENSG00000104835,19,38915614,38915749
ENSG00000104835,19,38926204,38926300
ENSG00000104835,19,38930469,38930755
ENSG00000104835,19,38919761,38919867
ENSG00000104835,19,38930469,38930758
ENSG00000104835,19,38915563,38915749
ENSG00000104112,15,51713332,51713413
ENSG00000104112,15,51719407,51719731
ENSG00000104112,15,51681731,51681837
ENSG00000104112,15,51688259,51688402
ENSG00000104112,15,51681491,51681837
ENSG00000104112,15,51692158,51692336
ENSG00000104112,15,51681713,51681837
ENSG00000104112,15,51681504,51681837
ENSG00000104112,15,51683078,51683124
ENSG00000104112,15,51713099,51713156
ENSG00000104112,15,51713314,51713413
ENSG00000104112,15,51693215,51693937
ENSG00000104112,15,51682516,51682569
ENSG00000104112,15,51719407,51721026
ENSG00000104112,15,51719407,51720071
ENSG00000104112,15,51715170,51715220
ENSG00000104112,15,51719407,51719729
ENSG00000104112,15,51701106,51701244
ENSG00000104112,15,51695874,51695991
ENSG00000104112,15,51681531,51681837
ENSG00000104112,15,51695632,51695765
ENSG00000104112,15,51689218,51689368
ENSG00000104112,15,51699318,51699402
ENSG00000104112,15,51707994,51708274
ENSG00000104112,15,51683218,51683434
ENSG00000104112,15,51681720,51681837
ENSG00000104112,15,51681502,51681837
ENSG00000104112,15,51713341,51713413
ENSG00000138623,15,74411294,74411356
ENSG00000138623,15,74410025,74410985
ENSG00000138623,15,74417590,74417675
ENSG00000138623,15,74433740,74433955
ENSG00000138623,15,74433740,74433958
ENSG00000138623,15,74411555,74411710
ENSG00000138623,15,74415800,74415985
ENSG00000138623,15,74410315,74410985
ENSG00000138623,15,74414837,74414946
ENSG00000138623,15,74411555,74411639
ENSG00000138623,15,74410967,74411356
ENSG00000138623,15,74430018,74431449
ENSG00000138623,15,74429444,74429697
ENSG00000138623,15,74414546,74414745
ENSG00000138623,15,74416574,74416714
ENSG00000138623,15,74418800,74418952
ENSG00000138623,15,74418267,74418309
ENSG00000138623,15,74417876,74417969
ENSG00000138623,15,74417334,74417445
ENSG00000138623,15,74411884,74412012
ENSG00000138623,15,74411356,74411432
ENSG00000138623,15,74409288,74410985
ENSG00000138623,15,74433589,74433704
ENSG00000149257,11,75568730,75568829
ENSG00000149257,11,75561591,75561765
ENSG00000149257,11,75561969,75562056
ENSG00000149257,11,75562140,75562319
ENSG00000149257,11,75567781,75568829
ENSG00000149257,11,75562252,75562319
ENSG00000149257,11,75562863,75563016
ENSG00000149257,11,75571780,75572780
ENSG00000149257,11,75566315,75566959
ENSG00000149257,11,75562863,75563025
ENSG00000149257,11,75571780,75572783
ENSG00000149257,11,75571780,75572542
ENSG00000149257,11,75566315,75566849
ENSG00000149257,11,75562826,75562884
ENSG00000149257,11,75565787,75565897
ENSG00000149257,11,75562317,75562390
ENSG00000149257,11,75566315,75566971
ENSG00000149257,11,75564350,75564469
ENSG00000149257,11,75562369,75563770
ENSG00000149257,11,75566315,75566391
ENSG00000149257,11,75572550,75572783
ENSG00000149257,11,75568938,75569104
ENSG00000149257,11,75562808,75562884
ENSG00000149257,11,75561838,75562056
ENSG00000149257,11,75568938,75569171
ENSG00000149257,11,75571780,75572773
ENSG00000149257,11,75562242,75562341
ENSG00000149257,11,75563272,75566971
ENSG00000149257,11,75562809,75562861
ENSG00000149257,11,75571780,75572782
ENSG00000149257,11,75571780,75572776
ENSG00000149257,11,75568938,75570797
ENSG00000149257,11,75571780,75571940
ENSG00000149257,11,75562345,75562378
ENSG00000149257,11,75568938,75569430
ENSG00000149257,11,75563726,75566971
ENSG00000149257,11,75562365,75562390
ENSG00000149257,11,75568938,75568960
ENSG00000149257,11,75563804,75563882
ENSG00000149257,11,75562216,75562319
ENSG00000149257,11,75562055,75562319
ENSG00000149257,11,75568938,75568966
ENSG00000149257,11,75566466,75566681
ENSG00000149257,11,75566315,75566466
ENSG00000149257,11,75563726,75563770
ENSG00000149257,11,75571913,75572399
ENSG00000149257,11,75561563,75561698
ENSG00000149257,11,75562784,75562898
ENSG00000149257,11,75563603,75563770
ENSG00000149257,11,75562252,75562378
ENSG00000149257,11,75571780,75572778
ENSG00000149257,11,75571780,75572781
ENSG00000149257,11,75571780,75572787
ENSG00000149257,11,75562821,75562898
ENSG00000149257,11,75566315,75566844
ENSG00000149257,11,75562136,75562319
ENSG00000149257,11,75562248,75562319
ENSG00000149257,11,75563421,75563506
ENSG00000149257,11,75566607,75566918
ENSG00000181788,3,150762152,150762407
ENSG00000181788,3,150762455,150762570
ENSG00000181788,3,150745695,150745860
ENSG00000181788,3,150742487,150742698
ENSG00000181788,3,150762432,150763169
ENSG00000181788,3,150761936,150761980
ENSG00000181788,3,150762338,150762625
ENSG00000181788,3,150761925,150762407
ENSG00000181788,3,150761936,150762175
ENSG00000181788,3,150762088,150762175
ENSG00000181788,3,150761982,150762407
ENSG00000181788,3,150741124,150742698
ENSG00000181788,3,150761940,150761980
ENSG00000181788,3,150763140,150763477
ENSG00000181788,3,150741126,150742698
ENSG00000181788,3,150762336,150762538
ENSG00000181788,3,150761975,150762087
ENSG00000181788,3,150762432,150762570
ENSG00000181788,3,150762432,150763476
ENSG00000181788,3,150758174,150758392
ENSG00000181788,3,150762338,150762407
ENSG00000181788,3,150753072,150753227
ENSG00000181788,3,150763353,150763431
ENSG00000154839,18,50392098,50392549
ENSG00000154839,18,50375042,50375194
ENSG00000154839,18,50392098,50392247
ENSG00000154839,18,50375016,50375239
ENSG00000154839,18,50375095,50375291
ENSG00000154839,18,50375060,50375239
ENSG00000154839,18,50392098,50394160
ENSG00000154839,18,50380125,50380250
ENSG00000154839,18,50392098,50394168
ENSG00000154839,18,50392098,50392160
ENSG00000154839,18,50382128,50382226
ENSG00000154839,18,50375045,50375194
ENSG00000154839,18,50391123,50391293
ENSG00000154839,18,50392098,50392251
ENSG00000154839,18,50375819,50375918
ENSG00000154839,18,50375039,50375239
ENSG00000154839,18,50392098,50394176
ENSG00000154839,18,50375079,50375918
ENSG00000154839,18,50375821,50375918
ENSG00000154839,18,50375369,50375635
ENSG00000154839,18,50385215,50385353
ENSG00000154839,18,50392098,50394166
ENSG00000145248,4,48483342,48484151
ENSG00000145248,4,48488426,48489526
ENSG00000145248,4,48488426,48489510
ENSG00000145248,4,48484931,48485142
ENSG00000145248,4,48484500,48485142
ENSG00000147454,8,23566107,23566378
ENSG00000147454,8,23541469,23541856
ENSG00000147454,8,23566107,23568965
ENSG00000147454,8,23541686,23541839
ENSG00000147454,8,23531684,23531925
ENSG00000147454,8,23529059,23529212
ENSG00000147454,8,23566775,23566965
ENSG00000147454,8,23568258,23568378
ENSG00000147454,8,23571334,23575463
ENSG00000147454,8,23541561,23541856
ENSG00000147454,8,23571474,23571858
ENSG00000147454,8,23571334,23571463
ENSG00000147454,8,23529052,23529212
ENSG00000147454,8,23528966,23529212
ENSG00000147454,8,23528955,23529212
ENSG00000147454,8,23566107,23566813
ENSG00000147454,8,23566107,23568378
ENSG00000147454,8,23568321,23568378
ENSG00000147454,8,23566682,23566940
ENSG00000147454,8,23528974,23529212
ENSG00000147454,8,23571334,23571590
ENSG00000147454,8,23566107,23566385
ENSG00000147454,8,23571334,23572203
ENSG00000147454,8,23566107,23566336
ENSG00000147454,8,23543087,23543211
ENSG00000147454,8,23571334,23572221
ENSG00000013306,17,44319641,44320116
ENSG00000013306,17,44324710,44324829
ENSG00000013306,17,44321057,44321231
ENSG00000013306,17,44324298,44324686
ENSG00000013306,17,44320621,44320731
ENSG00000013306,17,44319819,44320116
ENSG00000013306,17,44320621,44320749
ENSG00000013306,17,44325778,44325801
ENSG00000013306,17,44324710,44324822
ENSG00000013306,17,44322421,44322528
ENSG00000013306,17,44323477,44323569
ENSG00000013306,17,44325472,44325614
ENSG00000013306,17,44324710,44324806
ENSG00000013306,17,44324710,44324870
ENSG00000013306,17,44321476,44321558
ENSG00000013306,17,44323477,44323562
ENSG00000013306,17,44319624,44320116
ENSG00000013306,17,44323477,44323690
ENSG00000013306,17,44319994,44320116
ENSG00000013306,17,44319626,44320116
ENSG00000013306,17,44323477,44324147
ENSG00000013306,17,44323477,44325779
ENSG00000013306,17,44325400,44325621
ENSG00000013306,17,44324129,44324347
ENSG00000013306,17,44323477,44323646
ENSG00000013306,17,44323477,44323719
ENSG00000013306,17,44324710,44324801
ENSG00000013306,17,44323477,44323630
ENSG00000013306,17,44324997,44325236
ENSG00000013306,17,44325452,44325853
ENSG00000013306,17,44324710,44324840
ENSG00000013306,17,44319869,44320116
ENSG00000013306,17,44324129,44324678
ENSG00000013306,17,44322418,44322528
ENSG00000013306,17,44324298,44324770
ENSG00000013306,17,44325417,44325879
ENSG00000013306,17,44323477,44323577
ENSG00000013306,17,44321699,44321767
ENSG00000013306,17,44322526,44322552
ENSG00000013306,17,44324710,44324833
ENSG00000013306,17,44319635,44320116
ENSG00000013306,17,44319690,44320116
ENSG00000013306,17,44323477,44323778
ENSG00000013306,17,44323477,44324199
ENSG00000013306,17,44324710,44324860
ENSG00000013306,17,44320628,44321558
ENSG00000013306,17,44325452,44325692
ENSG00000013306,17,44324710,44324844
ENSG00000013306,17,44323477,44325641
ENSG00000013306,17,44324298,44324692
ENSG00000013306,17,44324298,44324637
ENSG00000013306,17,44319625,44320116
ENSG00000013306,17,44320354,44320436
ENSG00000013306,17,44324358,44324599
ENSG00000013306,17,44324710,44324782
ENSG00000013306,17,44319627,44320116
ENSG00000013306,17,44323283,44323343
ENSG00000013306,17,44320937,44321558
ENSG00000013306,17,44325392,44326100
ENSG00000013306,17,44322807,44322852
ENSG00000013306,17,44324710,44324830
ENSG00000013306,17,44324710,44324839
ENSG00000013306,17,44324710,44324784
ENSG00000013306,17,44320195,44320276
ENSG00000013306,17,44322418,44322445
ENSG00000013306,17,44319672,44320116
ENSG00000013306,17,44324710,44324823
ENSG00000013306,17,44321433,44321558
ENSG00000013306,17,44325411,44325929
ENSG00000013306,17,44319636,44320116
ENSG00000013306,17,44321297,44321524
ENSG00000013306,17,44323477,44323606
ENSG00000013306,17,44319634,44320116
ENSG00000013306,17,44324710,44324807
ENSG00000013306,17,44323477,44324829
ENSG00000013306,17,44320195,44320436
ENSG00000013306,17,44323477,44323590
ENSG00000013306,17,44322438,44322528
ENSG00000013306,17,44324129,44324199
ENSG00000013306,17,44324710,44324800
ENSG00000013306,17,44323477,44323800
ENSG00000013306,17,44324710,44324809
ENSG00000013306,17,44321057,44321147
ENSG00000013306,17,44324710,44324818
ENSG00000013306,17,44324710,44324827
ENSG00000013306,17,44323477,44323638
ENSG00000013306,17,44322418,44322552
ENSG00000013306,17,44319628,44320116
ENSG00000013306,17,44321057,44321558
ENSG00000013306,17,44322472,44322852
ENSG00000013306,17,44323477,44324824
ENSG00000013306,17,44324710,44324820
ENSG00000059804,12,7925843,7925948
ENSG00000059804,12,7930479,7930642
ENSG00000059804,12,7981744,7982282
ENSG00000059804,12,7919230,7919528
ENSG00000059804,12,7936019,7936185
ENSG00000059804,12,7919229,7921631
ENSG00000059804,12,7970503,7970751
ENSG00000059804,12,7971907,7972759
ENSG00000059804,12,7929683,7930055
ENSG00000059804,12,7971907,7972710
ENSG00000059804,12,7931244,7931485
ENSG00000059804,12,7970447,7970731
ENSG00000059804,12,7970387,7970686
ENSG00000059804,12,7919231,7921631
ENSG00000059804,12,8018899,8019007
ENSG00000059804,12,7936019,7936285
ENSG00000059804,12,7970793,7970971
ENSG00000059804,12,7936019,7936169
ENSG00000059804,12,7936019,7936184
ENSG00000059804,12,7936019,7936187
ENSG00000059804,12,7972058,7972622
ENSG00000059804,12,8018747,8018878
ENSG00000059804,12,7954215,7954451
ENSG00000059804,12,7933477,7933902
ENSG00000059804,12,7970363,7970697
ENSG00000059804,12,7932986,7933179
ENSG00000059804,12,7993248,7994024
ENSG00000059804,12,7960928,7961337
ENSG00000059804,12,7921544,7921631
ENSG00000059804,12,7922820,7923289
ENSG00000059804,12,7963613,7964119
ENSG00000059804,12,7929683,7929871
ENSG00000059804,12,7963613,7964305
ENSG00000059804,12,7929503,7930642
ENSG00000059804,12,8015023,8015662
ENSG00000059804,12,7933809,7933902
ENSG00000059804,12,7921070,7921631
ENSG00000059804,12,7919665,7919750
ENSG00000059804,12,7930634,7930642
ENSG00000059804,12,7924409,7924511
ENSG00000059804,12,8015976,8016406
ENSG00000059804,12,7980458,7980582
ENSG00000059804,12,8018779,8019431
ENSG00000059804,12,7936019,7936067
ENSG00000059804,12,7936019,7936186
ENSG00000059804,12,7932645,7933147
ENSG00000059804,12,8014092,8014545
ENSG00000059804,12,7941168,7941251
ENSG00000059804,12,7929683,7930035
ENSG00000059804,12,7933809,7933935
ENSG00000059804,12,7949754,7949861
ENSG00000059804,12,7919230,7921631
ENSG00000059804,12,8014470,8014545
ENSG00000059804,12,7929683,7930642
ENSG00000059804,12,7972037,7972622
ENSG00000059804,12,7971907,7972711
ENSG00000059804,12,7932986,7933147
ENSG00000059804,12,7925357,7925948
ENSG00000059804,12,7976258,7976360
ENSG00000059804,12,7922820,7923024
ENSG00000059804,12,7936019,7936167
ENSG00000059804,12,7981558,7981644
ENSG00000059804,12,7994769,7995084
ENSG00000059804,12,7931350,7931485
ENSG00000059804,12,8017200,8017860
ENSG00000059804,12,8018899,8019004
ENSG00000059804,12,7978471,7978637
ENSG00000059804,12,7943773,7943913
ENSG00000059804,12,7993248,7994074
ENSG00000059804,12,7972457,7972622
ENSG00000131389,3,14411030,14411323
ENSG00000131389,3,14416366,14416453
ENSG00000131389,3,14477204,14477342
ENSG00000131389,3,14478465,14478901
ENSG00000131389,3,14402647,14402847
ENSG00000131389,3,14472241,14472317
ENSG00000131389,3,14402583,14402847
ENSG00000131389,3,14418899,14419022
ENSG00000131389,3,14484866,14489349
ENSG00000131389,3,14402665,14402840
ENSG00000131389,3,14445716,14445816
ENSG00000131389,3,14478465,14478568
ENSG00000131389,3,14481670,14481841
ENSG00000131389,3,14402605,14402847
ENSG00000131389,3,14489106,14493826
ENSG00000131389,3,14466515,14466650
ENSG00000131389,3,14443623,14443863
ENSG00000131389,3,14402620,14402847
ENSG00000131389,3,14489110,14493826
ENSG00000131389,3,14443623,14444342
ENSG00000131389,3,14447581,14447816
ENSG00000131389,3,14443627,14443863
ENSG00000131389,3,14402605,14402761
ENSG00000131389,3,14484866,14484903
ENSG00000131389,3,14447581,14448188
ENSG00000131389,3,14457949,14458061
ENSG00000131389,3,14444737,14444866
ENSG00000131389,3,14402624,14402847
ENSG00000131389,3,14457949,14458082
ENSG00000131389,3,14418856,14419022
ENSG00000131389,3,14402564,14402847
ENSG00000131389,3,14419555,14419606
ENSG00000131389,3,14445716,14445851
ENSG00000131389,3,14416411,14416453
ENSG00000131389,3,14467852,14467956
ENSG00000131389,3,14479084,14479185
ENSG00000131389,3,14419787,14420123
ENSG00000131389,3,14432669,14432787
ENSG00000131389,3,14402575,14402847
ENSG00000131389,3,14402619,14402847
ENSG00000131389,3,14484866,14489347
ENSG00000131389,3,14472204,14472317
ENSG00000131389,3,14404091,14404144
ENSG00000131389,3,14468087,14468212
ENSG00000131389,3,14484866,14489307
ENSG00000131389,3,14457949,14458026
ENSG00000131389,3,14425973,14426320
ENSG00000131389,3,14484866,14487461
ENSG00000130821,X,153688814,153689033
ENSG00000130821,X,153688054,153688836
ENSG00000130821,X,153693266,153693366
ENSG00000130821,X,153694136,153694164
ENSG00000130821,X,153694718,153694889
ENSG00000130821,X,153691303,153691553
ENSG00000130821,X,153688814,153688999
ENSG00000130821,X,153694535,153694633
ENSG00000130821,X,153691974,153692792
ENSG00000130821,X,153695073,153695327
ENSG00000130821,X,153694364,153694446
ENSG00000130821,X,153693461,153693586
ENSG00000130821,X,153687926,153688836
ENSG00000130821,X,153694343,153694420
ENSG00000130821,X,153695073,153695400
ENSG00000130821,X,153694532,153694576
ENSG00000130821,X,153688814,153688974
ENSG00000130821,X,153691974,153692215
ENSG00000130821,X,153689466,153689599
ENSG00000130821,X,153693040,153693175
ENSG00000130821,X,153688814,153688983
ENSG00000130821,X,153690374,153690506
ENSG00000130821,X,153692230,153693175
ENSG00000130821,X,153693053,153693175
ENSG00000130821,X,153693904,153693972
ENSG00000130821,X,153691362,153691507
ENSG00000130821,X,153694129,153694258
ENSG00000130821,X,153691974,153692059
ENSG00000130821,X,153694129,153694267
ENSG00000130821,X,153688722,153688836
ENSG00000130821,X,153690374,153690652
ENSG00000130821,X,153688814,153689010
ENSG00000130821,X,153687925,153688836
ENSG00000130821,X,153694532,153694633
ENSG00000130821,X,153693326,153693366
ENSG00000130821,X,153690803,153690881
ENSG00000130821,X,153691117,153691553
ENSG00000130821,X,153690358,153690506
ENSG00000130821,X,153687927,153688836
ENSG00000130821,X,153695073,153695405
ENSG00000130821,X,153693904,153694017
ENSG00000130821,X,153693491,153693586
ENSG00000130821,X,153694343,153694446
ENSG00000130821,X,153691974,153692107
ENSG00000130821,X,153693904,153694633
ENSG00000130821,X,153693262,153693366
ENSG00000130821,X,153687929,153688836
ENSG00000130821,X,153688814,153688878
ENSG00000130821,X,153688814,153688997
ENSG00000130821,X,153691460,153691553
ENSG00000130821,X,153690437,153690506
ENSG00000130821,X,153695073,153696582
ENSG00000130821,X,153688814,153689006
ENSG00000130821,X,153695073,153696591
ENSG00000130821,X,153695073,153696588
ENSG00000130821,X,153688814,153689009
ENSG00000130821,X,153691974,153692082
ENSG00000130821,X,153694203,153694267
ENSG00000130821,X,153695073,153695407
ENSG00000103257,16,87863589,87863639
ENSG00000103257,16,87841049,87841155
ENSG00000103257,16,87834591,87834660
ENSG00000103257,16,87860502,87860715
ENSG00000103257,16,87832731,87833025
ENSG00000103257,16,87836497,87836805
ENSG00000103257,16,87830015,87833025
ENSG00000103257,16,87837412,87837687
ENSG00000103257,16,87836285,87836802
ENSG00000103257,16,87842071,87843011
ENSG00000103257,16,87860436,87860708
ENSG00000103257,16,87839701,87839825
ENSG00000103257,16,87840428,87840473
ENSG00000103257,16,87837844,87837941
ENSG00000103257,16,87838713,87838817
ENSG00000103257,16,87834413,87834591
ENSG00000103257,16,87857225,87858699
ENSG00000103257,16,87868884,87869507
ENSG00000103257,16,87836497,87836647
ENSG00000103257,16,87830022,87833025
ENSG00000103257,16,87851723,87851849
ENSG00000108604,17,63833297,63833433
ENSG00000108604,17,63834704,63835052
ENSG00000108604,17,63832089,63833170
ENSG00000108604,17,63832144,63833170
ENSG00000108604,17,63835411,63836399
ENSG00000108604,17,63832603,63832991
ENSG00000108604,17,63833911,63834006
ENSG00000108604,17,63834473,63834575
ENSG00000108604,17,63842458,63842730
ENSG00000108604,17,63842380,63842466
ENSG00000108604,17,63837577,63837625
ENSG00000108604,17,63833068,63833722
ENSG00000108604,17,63833586,63833809
ENSG00000108604,17,63832182,63832991
ENSG00000108604,17,63842458,63842705
ENSG00000108604,17,63834704,63835020
ENSG00000108604,17,63836886,63837044
ENSG00000108604,17,63834704,63836487
ENSG00000108604,17,63842458,63842689
ENSG00000108604,17,63832080,63832991
ENSG00000108604,17,63834704,63835724
ENSG00000108604,17,63842458,63842698
ENSG00000108604,17,63833586,63833722
ENSG00000108604,17,63832102,63833170
ENSG00000108604,17,63842458,63842700
ENSG00000108604,17,63835490,63835567
ENSG00000108604,17,63832638,63832991
ENSG00000108604,17,63832083,63832991
ENSG00000108604,17,63834473,63835020
ENSG00000108604,17,63842458,63842684
ENSG00000108604,17,63842458,63842510
ENSG00000108604,17,63832127,63832991
ENSG00000108604,17,63833908,63834006
ENSG00000108604,17,63832132,63833170
ENSG00000108604,17,63832295,63833722
ENSG00000108604,17,63832125,63833420
ENSG00000108604,17,63834704,63834800
ENSG00000108604,17,63843019,63843065
ENSG00000108604,17,63834166,63834359
ENSG00000108604,17,63832089,63832991
ENSG00000108604,17,63837440,63837475
ENSG00000108604,17,63837145,63837237
ENSG00000108604,17,63835411,63836302
ENSG00000108604,17,63842458,63842560
ENSG00000108604,17,63842458,63842679
ENSG00000108604,17,63834704,63836370
ENSG00000108604,17,63833295,63833420
ENSG00000108604,17,63834473,63834551
ENSG00000108604,17,63834361,63834575
ENSG00000108604,17,63837440,63837742
ENSG00000108604,17,63833297,63833420
ENSG00000108604,17,63833068,63833170
ENSG00000108604,17,63836921,63837625
ENSG00000108604,17,63842458,63842562
ENSG00000108604,17,63842458,63842928
ENSG00000108604,17,63832081,63832991
ENSG00000108604,17,63834704,63835725
ENSG00000108604,17,63832085,63832991
ENSG00000108604,17,63837440,63837625
ENSG00000108604,17,63831915,63832244
ENSG00000108604,17,63834704,63835718
ENSG00000108604,17,63835411,63836427
ENSG00000108604,17,63838609,63838728
ENSG00000108604,17,63834704,63834744
ENSG00000108604,17,63842458,63842685
ENSG00000108604,17,63842458,63842941
ENSG00000108604,17,63837194,63837427
ENSG00000108604,17,63834704,63835567
ENSG00000108604,17,63837440,63837504
ENSG00000108604,17,63832092,63832991
ENSG00000108604,17,63837440,63837577
ENSG00000108604,17,63834473,63834596
ENSG00000108604,17,63832097,63833170
ENSG00000108604,17,63834704,63836488
ENSG00000108604,17,63832501,63832991
ENSG00000108604,17,63832094,63832991
ENSG00000108604,17,63837194,63837228
ENSG00000108604,17,63837194,63837237
ENSG00000108604,17,63835411,63836468
ENSG00000108604,17,63836745,63837044
ENSG00000108604,17,63833586,63834006
ENSG00000108604,17,63836921,63837044
ENSG00000108604,17,63835411,63835567
ENSG00000108604,17,63834166,63834328
ENSG00000108604,17,63842465,63842868
ENSG00000108604,17,63834166,63834575
ENSG00000108604,17,63835411,63836488
ENSG00000184785,X,134990990,134992473
ENSG00000178996,5,54517758,54519726
ENSG00000178996,5,54543178,54543273
ENSG00000178996,5,54543178,54544623
ENSG00000178996,5,54543178,54546586
ENSG00000178996,5,54543181,54544623
ENSG00000178996,5,54517864,54521004
ENSG00000178996,5,54517758,54519573
ENSG00000178996,5,54517726,54519573
ENSG00000178996,5,54517733,54519678
ENSG00000184557,17,78360421,78361415
ENSG00000184557,17,78359644,78359667
ENSG00000184557,17,78360365,78360773
ENSG00000184557,17,78360437,78361060
ENSG00000184557,17,78360446,78360773
ENSG00000184557,17,78360468,78360773
ENSG00000184557,17,78360447,78361821
ENSG00000184557,17,78360130,78360207
ENSG00000184557,17,78356777,78359183
ENSG00000184557,17,78360419,78360773
ENSG00000184557,17,78360046,78360207
ENSG00000184557,17,78360452,78360773
ENSG00000184557,17,78360421,78360773
ENSG00000184557,17,78359814,78360074
ENSG00000184557,17,78359048,78359149
ENSG00000184557,17,78359749,78359840
ENSG00000184557,17,78360438,78361060
ENSG00000184557,17,78360414,78360773
ENSG00000184557,17,78360425,78360773
ENSG00000184557,17,78360447,78360773
ENSG00000184557,17,78360469,78360773
ENSG00000184557,17,78358295,78358597
ENSG00000184557,17,78360438,78360773
ENSG00000184557,17,78360031,78360099
ENSG00000184557,17,78360855,78360930
ENSG00000184557,17,78357450,78357657
ENSG00000184557,17,78360440,78361060
ENSG00000184557,17,78360460,78360773
ENSG00000184557,17,78357995,78358210
ENSG00000184557,17,78360363,78360773
ENSG00000184557,17,78359749,78360077
ENSG00000184557,17,78360440,78360773
ENSG00000184557,17,78356778,78359183
ENSG00000184557,17,78358332,78358597
ENSG00000115904,2,39024009,39024137
ENSG00000115904,2,39007030,39007499
ENSG00000115904,2,39034771,39034858
ENSG00000115904,2,38981558,38986315
ENSG00000115904,2,39006411,39006529
ENSG00000115904,2,38993409,38993836
ENSG00000115904,2,39022569,39023225
ENSG00000115904,2,38983855,38986315
ENSG00000115904,2,39120335,39120439
ENSG00000115904,2,39067627,39068678
ENSG00000115904,2,38989269,38989314
ENSG00000115904,2,38989269,38989451
ENSG00000115904,2,39013459,39013715
ENSG00000115904,2,39120335,39121051
ENSG00000115904,2,39120335,39120450
ENSG00000115904,2,38971869,38971944
ENSG00000115904,2,38987472,38987725
ENSG00000115904,2,39058672,39058804
ENSG00000115904,2,38996602,38997038
ENSG00000115904,2,38996921,38997038
ENSG00000115904,2,39035211,39035310
ENSG00000115904,2,39120335,39121010
ENSG00000115904,2,38986045,38986315
ENSG00000115904,2,38973713,38975445
ENSG00000115904,2,38973713,38975454
ENSG00000115904,2,38993391,38993836
ENSG00000115904,2,39010583,39010703
ENSG00000115904,2,38981548,38986315
ENSG00000115904,2,39051143,39051287
ENSG00000115904,2,39024009,39025432
ENSG00000115904,2,39120335,39120429
ENSG00000115904,2,39053647,39054823
ENSG00000115904,2,38973713,38973943
ENSG00000115904,2,39034600,39035087
ENSG00000115904,2,38998499,38998610
ENSG00000115904,2,39013866,39013989
ENSG00000115904,2,38966005,38966145
ENSG00000115904,2,38997252,38997425
ENSG00000115904,2,38981629,38986315
ENSG00000115904,2,39010949,39013563
ENSG00000115904,2,38984789,38985363
ENSG00000115904,2,39124158,39124345
ENSG00000115904,2,38973706,38973869
ENSG00000115904,2,39013459,39013563
ENSG00000115904,2,38992278,38993042
ENSG00000115904,2,39082588,39082692
ENSG00000115904,2,39056701,39056866
ENSG00000115904,2,39011505,39012348
ENSG00000115904,2,39012125,39012211
ENSG00000115904,2,38987472,38987591
ENSG00000115904,2,39012125,39012348
ENSG00000115904,2,39023777,39023813
ENSG00000115904,2,38973009,38973253
ENSG00000115904,2,38997340,38997425
ENSG00000115904,2,38992823,38993042
ENSG00000115904,2,38992278,38995387
ENSG00000115904,2,39051143,39051887
ENSG00000115904,2,39120335,39121011
ENSG00000115904,2,39035389,39035500
ENSG00000115904,2,39014764,39014846
ENSG00000115904,2,39054613,39054823
ENSG00000115904,2,39019937,39023225
ENSG00000115904,2,39058672,39058782
ENSG00000115904,2,38992295,38995387
ENSG00000115904,2,38962205,38962845
ENSG00000115904,2,39120335,39120449
ENSG00000115904,2,39098148,39098445
ENSG00000115904,2,39056732,39056866
ENSG00000115904,2,38993409,38993857
ENSG00000115904,2,39007030,39007193
ENSG00000115904,2,39035211,39035263
ENSG00000115904,2,38969404,38969641
ENSG00000115904,2,38995122,38995387
ENSG00000115904,2,39023145,39023225
ENSG00000115904,2,38984693,38986315
ENSG00000115904,2,39067627,39067753
ENSG00000115904,2,39023777,39023801
ENSG00000115904,2,38985685,38986315
ENSG00000115904,2,38992975,38993066
ENSG00000115904,2,39034580,39035087
ENSG00000189120,17,47844914,47848486
ENSG00000189120,17,47855653,47855874
ENSG00000189120,17,47844907,47848486
ENSG00000189120,17,47850918,47851163
ENSG00000189120,17,47851822,47851866
ENSG00000145375,4,122933418,122933497
ENSG00000145375,4,123056386,123056440
ENSG00000145375,4,123313887,123314610
ENSG00000145375,4,122929039,122929197
ENSG00000145375,4,122923077,122923305
ENSG00000145375,4,122934096,122934738
ENSG00000145375,4,123313887,123319433
ENSG00000145375,4,122935713,122935843
ENSG00000145375,4,122927636,122927758
ENSG00000145375,4,122979231,122979386
ENSG00000145375,4,122936099,122936156
ENSG00000145375,4,122927662,122927758
ENSG00000145375,4,123102183,123102293
ENSG00000145375,4,123090578,123090705
ENSG00000145375,4,122927633,122927758
ENSG00000145375,4,122947232,122947488
ENSG00000145375,4,123057208,123057288
ENSG00000145375,4,123313887,123314343
ENSG00000145375,4,123256015,123256180
ENSG00000145375,4,122990773,122991109
ENSG00000145375,4,123313887,123314654
ENSG00000145375,4,122923100,122923305
ENSG00000145375,4,123313887,123315618
ENSG00000145375,4,122923069,122923305
ENSG00000145375,4,122938125,122938249
ENSG00000145375,4,123313887,123314611
ENSG00000145375,4,122933438,122933497
ENSG00000145375,4,123028185,123028395
ENSG00000145375,4,123259948,123260118
ENSG00000145375,4,122934096,122935389
ENSG00000145375,4,122923100,122923283
ENSG00000145375,4,122923082,122923305
ENSG00000145375,4,122952198,122952270
ENSG00000145375,4,123313887,123314876
ENSG00000145375,4,122923093,122923305
ENSG00000163554,1,158612748,158612961
ENSG00000163554,1,158654610,158654748
ENSG00000163554,1,158651366,158651468
ENSG00000163554,1,158653273,158653425
ENSG00000163554,1,158657476,158657694
ENSG00000163554,1,158626838,158627007
ENSG00000163554,1,158612816,158612961
ENSG00000163554,1,158681526,158681667
ENSG00000163554,1,158676140,158676295
ENSG00000163554,1,158656563,158656656
ENSG00000163554,1,158671342,158671453
ENSG00000163554,1,158642410,158642532
ENSG00000163554,1,158667857,158668062
ENSG00000163554,1,158645187,158645385
ENSG00000163554,1,158620169,158620466
ENSG00000163554,1,158648508,158648653
ENSG00000163554,1,158614747,158615403
ENSG00000163554,1,158661286,158661409
ENSG00000163554,1,158644252,158644396
ENSG00000163554,1,158627624,158627723
ENSG00000163554,1,158613720,158613867
ENSG00000163554,1,158672058,158672196
ENSG00000163554,1,158645494,158645594
ENSG00000163554,1,158626145,158626222
ENSG00000163554,1,158618038,158618056
ENSG00000163554,1,158611785,158612025
ENSG00000163554,1,158680582,158680729
ENSG00000163554,1,158678400,158678534
ENSG00000163554,1,158639869,158640007
ENSG00000163554,1,158635912,158636034
ENSG00000163554,1,158634542,158634675
ENSG00000163554,1,158610703,158611389
ENSG00000163554,1,158611207,158611389
ENSG00000163554,1,158674539,158674675
ENSG00000163554,1,158620169,158620789
ENSG00000163554,1,158619185,158619334
ENSG00000163554,1,158661286,158661473
ENSG00000163554,1,158622982,158623192
ENSG00000163554,1,158636640,158636761
ENSG00000163554,1,158612782,158612961
ENSG00000163554,1,158615215,158615403
ENSG00000163554,1,158639581,158639686
ENSG00000163554,1,158634542,158634653
ENSG00000163554,1,158618038,158618101
ENSG00000163554,1,158642813,158642976
ENSG00000163554,1,158622718,158623192
ENSG00000163554,1,158617536,158617568
ENSG00000163554,1,158643321,158643425
ENSG00000163554,1,158639228,158639686
ENSG00000163554,1,158647538,158647720
ENSG00000163554,1,158686493,158686715
ENSG00000163554,1,158674328,158674430
ENSG00000163554,1,158669407,158669563
ENSG00000163554,1,158683370,158683496
ENSG00000163554,1,158666315,158666497
ENSG00000163554,1,158617536,158617588
ENSG00000163554,1,158614252,158614535
ENSG00000163554,1,158606325,158612514
ENSG00000163554,1,158656630,158656656
ENSG00000163554,1,158614252,158614306
ENSG00000163554,1,158652466,158652653
ENSG00000163554,1,158638032,158638241
ENSG00000163554,1,158677689,158677834
ENSG00000163554,1,158669708,158669786
ENSG00000163554,1,158619221,158619334
ENSG00000163554,1,158642410,158642542
ENSG00000163554,1,158685107,158685347
ENSG00000163554,1,158662701,158662945
ENSG00000163554,1,158649855,158649947
ENSG00000128039,4,55369831,55373100
ENSG00000128039,4,55369831,55370534
ENSG00000128039,4,55367016,55367163
ENSG00000128039,4,55358999,55359229
ENSG00000128039,4,55359411,55359488
ENSG00000128039,4,55346222,55346557
ENSG00000128039,4,55366600,55367163
ENSG00000128039,4,55364073,55364271
ENSG00000128039,4,55346332,55346557
ENSG00000128039,4,55369834,55372214
ENSG00000128039,4,55367009,55367163
ENSG00000128039,4,55351096,55351214
ENSG00000128039,4,55346237,55346557
ENSG00000128039,4,55364693,55367722
ENSG00000128039,4,55346411,55346557
ENSG00000128039,4,55369605,55369727
ENSG00000128039,4,55369831,55369975
ENSG00000128039,4,55367011,55367163
ENSG00000128039,4,55346314,55346557
ENSG00000128039,4,55369831,55370283
ENSG00000128039,4,55369831,55370109
ENSG00000128039,4,55367587,55367722
ENSG00000128039,4,55363837,55364271
ENSG00000128039,4,55346241,55346557
ENSG00000128039,4,55346320,55346557
ENSG00000128039,4,55369831,55370310
ENSG00000128039,4,55365607,55365661
ENSG00000128039,4,55371673,55371817
ENSG00000128039,4,55369831,55371881
ENSG00000128039,4,55346212,55346557
ENSG00000128039,4,55366755,55367163
ENSG00000128039,4,55369831,55372213
ENSG00000128039,4,55369831,55371911
ENSG00000128039,4,55366953,55367163
ENSG00000128039,4,55361116,55361250
ENSG00000128039,4,55369831,55370300
ENSG00000128039,4,55363970,55364857
ENSG00000128039,4,55346227,55346557
ENSG00000128039,4,55369831,55370428
ENSG00000128039,4,55367599,55367722
ENSG00000128039,4,55359345,55359488
ENSG00000128039,4,55351811,55352408
ENSG00000115875,2,38751228,38751282
ENSG00000115875,2,38748046,38748157
ENSG00000115875,2,38748079,38748157
ENSG00000115875,2,38751228,38751352
ENSG00000115875,2,38751228,38751358
ENSG00000115875,2,38744893,38745187
ENSG00000115875,2,38751228,38751361
ENSG00000115875,2,38744917,38745187
ENSG00000115875,2,38747061,38747130
ENSG00000115875,2,38750823,38751138
ENSG00000115875,2,38748897,38749173
ENSG00000115875,2,38749528,38749705
ENSG00000115875,2,38748046,38748151
ENSG00000115875,2,38743618,38745187
ENSG00000115875,2,38744452,38745187
ENSG00000115875,2,38751228,38751415
ENSG00000115875,2,38744716,38745187
ENSG00000115875,2,38743598,38745187
ENSG00000115875,2,38751228,38751360
ENSG00000115875,2,38744894,38745187
ENSG00000115875,2,38751228,38751363
ENSG00000115875,2,38743600,38745187
ENSG00000115875,2,38744892,38745187
ENSG00000115875,2,38751239,38751361
ENSG00000115875,2,38749528,38749564
ENSG00000115875,2,38751228,38751494
ENSG00000115875,2,38748897,38749346
ENSG00000115875,2,38746693,38747044
ENSG00000115875,2,38748578,38748653
ENSG00000115875,2,38744896,38745187
ENSG00000115875,2,38750013,38750194
ENSG00000115875,2,38748055,38748109
ENSG00000115875,2,38744887,38745187
ENSG00000115875,2,38748046,38748109
ENSG00000115875,2,38748578,38748912
ENSG00000115875,2,38751228,38751359
ENSG00000115875,2,38748578,38748616
ENSG00000115875,2,38751228,38751362
ENSG00000115875,2,38748578,38749705
ENSG00000115875,2,38745052,38745187
ENSG00000115875,2,38746143,38746164
ENSG00000115875,2,38746693,38746735
ENSG00000115875,2,38746143,38746179
ENSG00000115875,2,38748055,38748151
ENSG00000115875,2,38746693,38746747
ENSG00000115875,2,38748055,38748157
ENSG00000115875,2,38743601,38745187
ENSG00000145687,5,81466972,81467041
ENSG00000145687,5,81412803,81420533
ENSG00000145687,5,81750980,81751221
ENSG00000145687,5,81750980,81751047
ENSG00000145687,5,81419912,81420533
ENSG00000145687,5,81446867,81446922
ENSG00000145687,5,81419872,81420533
ENSG00000145687,5,81419938,81420533
ENSG00000145687,5,81750980,81751022
ENSG00000145687,5,81448789,81448825
ENSG00000145687,5,81466973,81467041
ENSG00000145687,5,81420380,81420533
ENSG00000145687,5,81419933,81420533
ENSG00000145687,5,81615055,81615557
ENSG00000145687,5,81750980,81751097
ENSG00000145687,5,81419946,81420533
ENSG00000145687,5,81750980,81751106
ENSG00000145687,5,81419917,81420533
ENSG00000145687,5,81419906,81420533
ENSG00000145687,5,81750802,81750901
ENSG00000145687,5,81440537,81440636
ENSG00000145687,5,81415544,81415636
ENSG00000145687,5,81636471,81636618
ENSG00000145687,5,81419934,81420533
ENSG00000145687,5,81420013,81420533
ENSG00000145687,5,81419978,81420533
ENSG00000145687,5,81616084,81616585
ENSG00000145687,5,81419283,81419824
ENSG00000145687,5,81750980,81751120
ENSG00000145687,5,81419936,81420533
ENSG00000145687,5,81489249,81489309
ENSG00000145687,5,81750980,81751138
ENSG00000145687,5,81750980,81751028
ENSG00000145687,5,81419172,81420533
ENSG00000145687,5,81442652,81442723
ENSG00000145687,5,81428584,81428683
ENSG00000145687,5,81750980,81751250
ENSG00000145687,5,81447909,81448063
ENSG00000145687,5,81420287,81420533
ENSG00000145687,5,81750980,81751051
ENSG00000145687,5,81414674,81414755
ENSG00000145687,5,81448792,81448825
ENSG00000145687,5,81467016,81467041
ENSG00000145687,5,81750980,81751078
ENSG00000145687,5,81420434,81420533
ENSG00000145687,5,81473699,81473770
ENSG00000145687,5,81616348,81616473
ENSG00000145687,5,81461054,81461103
ENSG00000145687,5,81419945,81420533
ENSG00000145687,5,81636556,81636618
ENSG00000145687,5,81750980,81751016
ENSG00000145687,5,81419905,81420533
ENSG00000145687,5,81615472,81615557
ENSG00000145687,5,81750980,81752038
ENSG00000145687,5,81750980,81751144
ENSG00000145687,5,81419962,81420533
ENSG00000145687,5,81437429,81437458
ENSG00000145687,5,81750980,81751064
ENSG00000145687,5,81466973,81467065
ENSG00000145687,5,81440557,81440636
ENSG00000145687,5,81442650,81442723
ENSG00000145687,5,81446868,81446922
ENSG00000145687,5,81419884,81420533
ENSG00000145687,5,81750980,81751048
ENSG00000145687,5,81750980,81751112
ENSG00000145687,5,81750980,81751057
ENSG00000145687,5,81636559,81636618
ENSG00000145687,5,81513657,81513717
ENSG00000145687,5,81751667,81751797
ENSG00000145687,5,81417548,81420533
ENSG00000145687,5,81420180,81420533
ENSG00000145687,5,81442652,81443273
ENSG00000145687,5,81615485,81615557
ENSG00000145687,5,81419931,81420533
ENSG00000145687,5,81710677,81710768
ENSG00000145687,5,81437429,81437830
ENSG00000145687,5,81414674,81414884
ENSG00000145687,5,81419935,81420533
ENSG00000145687,5,81474495,81474562
ENSG00000145687,5,81650266,81650339
ENSG00000145687,5,81750980,81751091
ENSG00000145687,5,81513627,81513717
ENSG00000145687,5,81750980,81751100
ENSG00000145687,5,81419948,81420533
ENSG00000145687,5,81750699,81750757
ENSG00000130511,19,18433134,18433213
ENSG00000130511,19,18419409,18419707
ENSG00000130511,19,18419400,18419707
ENSG00000130511,19,18432828,18432883
ENSG00000130511,19,18434115,18434559
ENSG00000130511,19,18434216,18434559
ENSG00000130511,19,18434216,18434562
ENSG00000130511,19,18419382,18419707
ENSG00000130511,19,18434432,18435117
ENSG00000130511,19,18425908,18426083
ENSG00000130511,19,18433274,18433613
ENSG00000130511,19,18431646,18431705
ENSG00000130511,19,18432309,18432629
ENSG00000130511,19,18432558,18432604
ENSG00000130511,19,18432699,18432735
ENSG00000130511,19,18431999,18432070
ENSG00000130511,19,18432558,18432735
ENSG00000130511,19,18432972,18433043
ENSG00000130511,19,18432199,18432214
ENSG00000130511,19,18419648,18419707
ENSG00000130511,19,18432146,18432214
ENSG00000130511,19,18419397,18419707
ENSG00000130511,19,18420102,18420124
ENSG00000130511,19,18431792,18431838
ENSG00000130511,19,18433584,18433613
ENSG00000130511,19,18432558,18432579
ENSG00000130511,19,18432146,18432174
ENSG00000130511,19,18431812,18431862
ENSG00000130511,19,18430840,18430930
ENSG00000130511,19,18434216,18434561
ENSG00000130511,19,18431792,18431862
ENSG00000130511,19,18433437,18433636
ENSG00000130511,19,18419366,18419707
ENSG00000130511,19,18418873,18419707
ENSG00000130511,19,18419335,18419707
ENSG00000130511,19,18433709,18433817
ENSG00000130511,19,18419623,18419707
ENSG00000130511,19,18432972,18433100
ENSG00000130511,19,18434387,18435117
ENSG00000130511,19,18433584,18433652
ENSG00000130511,19,18426039,18426083
ENSG00000130511,19,18431999,18432023
ENSG00000130511,19,18431644,18431862
ENSG00000130511,19,18427751,18427813
ENSG00000130511,19,18434216,18434557
ENSG00000130511,19,18427751,18427810
ENSG00000130511,19,18425908,18426011
ENSG00000130511,19,18418863,18419149
ENSG00000130511,19,18419383,18419707
ENSG00000130511,19,18427350,18427423
ENSG00000130511,19,18434216,18434563
ENSG00000130511,19,18419429,18419707
ENSG00000130511,19,18431646,18431706
ENSG00000130511,19,18427897,18427982
ENSG00000130511,19,18419425,18419615
ENSG00000130511,19,18432066,18432070
ENSG00000130511,19,18433709,18433932
ENSG00000130511,19,18419605,18419707
ENSG00000130511,19,18431352,18431418
ENSG00000115525,2,85839168,85840392
ENSG00000115525,2,85839223,85840392
ENSG00000115525,2,85888823,85888959
ENSG00000115525,2,85888823,85888904
ENSG00000115525,2,85890721,85890980
ENSG00000115525,2,85888823,85888977
ENSG00000115525,2,85847860,85850834
ENSG00000115525,2,85890213,85890320
ENSG00000115525,2,85852859,85855525
ENSG00000115525,2,85847381,85847562
ENSG00000115525,2,85870071,85870253
ENSG00000115525,2,85888823,85888888
ENSG00000115525,2,85861281,85861292
ENSG00000115525,2,85852859,85852901
ENSG00000115525,2,85888823,85889016
ENSG00000115525,2,85888823,85888906
ENSG00000115525,2,85902388,85902609
ENSG00000115525,2,85865857,85866200
ENSG00000115525,2,85888607,85888747
ENSG00000115525,2,85839187,85840392
ENSG00000115525,2,85839264,85840392
ENSG00000115525,2,85904278,85904727
ENSG00000115525,2,85846376,85846791
ENSG00000115525,2,85847860,85848084
ENSG00000115525,2,85888823,85888881
ENSG00000115525,2,85888823,85889000
ENSG00000115525,2,85888823,85888826
ENSG00000115525,2,85847860,85850198
ENSG00000115525,2,85852859,85856448
ENSG00000115525,2,85888823,85888954
ENSG00000115525,2,85889150,85889803
ENSG00000115525,2,85853058,85853091
ENSG00000115525,2,85839149,85840392
ENSG00000115525,2,85887406,85887580
ENSG00000115525,2,85888823,85888963
ENSG00000115525,2,85888823,85888908
ENSG00000115525,2,85839281,85840392
ENSG00000115525,2,85888607,85888685
ENSG00000115525,2,85844395,85844521
ENSG00000115525,2,85870071,85870175
ENSG00000115525,2,85870071,85870239
ENSG00000115525,2,85839177,85840392
ENSG00000115525,2,85839188,85840392
ENSG00000115525,2,85846447,85846563
ENSG00000115525,2,85852859,85853097
ENSG00000115525,2,85844395,85846253
ENSG00000115525,2,85889279,85889803
ENSG00000115525,2,85846405,85846563
ENSG00000115525,2,85863361,85863449
ENSG00000115525,2,85839205,85840392
ENSG00000115525,2,85847860,85848381
ENSG00000115525,2,85861180,85861231
ENSG00000115525,2,85839209,85840392
ENSG00000115525,2,85888823,85888958
ENSG00000115525,2,85852859,85853099
ENSG00000115525,2,85839141,85840392
ENSG00000115525,2,85839262,85840392
ENSG00000115525,2,85847860,85850934
ENSG00000115525,2,85863361,85863369
ENSG00000115525,2,85888607,85888762
ENSG00000115525,2,85852859,85854194
ENSG00000115525,2,85847860,85849576
ENSG00000115525,2,85870071,85870179
ENSG00000115525,2,85844407,85844554
ENSG00000115525,2,85888823,85888988
ENSG00000115525,2,85847860,85848081
ENSG00000115525,2,85888823,85888997
ENSG00000115525,2,85867844,85868058
ENSG00000115525,2,85858133,85858247
ENSG00000115525,2,85852967,85853000
ENSG00000115525,2,85888823,85888990
ENSG00000115525,2,85861180,85861217
ENSG00000115525,2,85888607,85888776
ENSG00000115525,2,85840064,85840392
ENSG00000115525,2,85888607,85888721
ENSG00000115525,2,85839813,85840392
ENSG00000115525,2,85867604,85867670
ENSG00000115525,2,85888823,85889017
ENSG00000115525,2,85839146,85840392
ENSG00000115525,2,85847860,85850929
ENSG00000115525,2,85902465,85902543
ENSG00000115525,2,85837627,85840392
ENSG00000115525,2,85839150,85840392
ENSG00000115525,2,85888823,85888910
ENSG00000115525,2,85839148,85840392
ENSG00000115525,2,85839203,85840392
ENSG00000115525,2,85851263,85851703
ENSG00000115525,2,85847860,85848204
ENSG00000115525,2,85861180,85861292
ENSG00000115525,2,85888276,85888386
ENSG00000115525,2,85888823,85888903
ENSG00000115525,2,85863361,85863485
ENSG00000115525,2,85888823,85888967
ENSG00000115525,2,85863372,85863485
ENSG00000115525,2,85848115,85848204
ENSG00000115525,2,85888227,85888401
ENSG00000115525,2,85888823,85888939
ENSG00000115525,2,85839882,85840392
ENSG00000115525,2,85839193,85840392
ENSG00000115525,2,85852859,85854175
ENSG00000115525,2,85887406,85887940
ENSG00000115525,2,85888823,85888905
ENSG00000115525,2,85850991,85851703
ENSG00000115525,2,85839197,85840392
ENSG00000115525,2,85846376,85846424
ENSG00000115525,2,85852859,85853000
ENSG00000115525,2,85890721,85891136
ENSG00000115525,2,85852859,85853091
ENSG00000115525,2,85863361,85863462
ENSG00000115525,2,85844395,85844554
ENSG00000115525,2,85837119,85840392
ENSG00000115525,2,85844406,85844554
ENSG00000115525,2,85903871,85904725
ENSG00000115525,2,85904984,85905199
ENSG00000115525,2,85904773,85904942
ENSG00000115525,2,85888823,85888916
ENSG00000115525,2,85875414,85875545
ENSG00000115525,2,85851393,85851703
ENSG00000115525,2,85846376,85846563
ENSG00000115525,2,85863361,85863464
ENSG00000115525,2,85847860,85847984
ENSG00000115525,2,85863361,85863473
ENSG00000115525,2,85848020,85848204
ENSG00000115525,2,85903871,85904727
ENSG00000115525,2,85888823,85889037
ENSG00000115525,2,85888823,85888982
ENSG00000115525,2,85839640,85840392
ENSG00000115525,2,85848112,85848204
ENSG00000115525,2,85847996,85848084
ENSG00000115525,2,85870071,85870258
ENSG00000115525,2,85893807,85893928
ENSG00000115525,2,85839151,85840392
ENSG00000115525,2,85840357,85840392
ENSG00000115525,2,85839195,85840392
ENSG00000115525,2,85888823,85888911
ENSG00000115525,2,85848101,85848204
ENSG00000115525,2,85860921,85861292
ENSG00000115525,2,85863361,85863450
ENSG00000147465,8,38148199,38148754
ENSG00000147465,8,38145962,38146147
ENSG00000147465,8,38150754,38151061
ENSG00000147465,8,38145962,38146138
ENSG00000147465,8,38145221,38145315
ENSG00000147465,8,38143738,38144076
ENSG00000147465,8,38146362,38146447
ENSG00000147465,8,38148740,38148839
ENSG00000147465,8,38148199,38148359
ENSG00000147465,8,38150754,38150956
ENSG00000147465,8,38142555,38143650
ENSG00000147465,8,38143648,38144386
ENSG00000147465,8,38146288,38146447
ENSG00000147465,8,38142699,38144386
ENSG00000147465,8,38143738,38144124
ENSG00000147465,8,38150754,38150992
ENSG00000147465,8,38143738,38144075
ENSG00000147465,8,38149075,38149118
ENSG00000147465,8,38150754,38150952
ENSG00000147465,8,38144224,38144386
ENSG00000147465,8,38148640,38148754
ENSG00000147465,8,38141746,38144386
ENSG00000147465,8,38148199,38148327
ENSG00000147465,8,38143651,38146147
ENSG00000105889,7,22561609,22561731
ENSG00000105889,7,22727197,22727281
ENSG00000105889,7,22727223,22727281
ENSG00000105889,7,22438418,22438755
ENSG00000105889,7,22727146,22727281
ENSG00000105889,7,22632809,22632922
ENSG00000105889,7,22563301,22563430
ENSG00000105889,7,22510615,22511999
ENSG00000105889,7,22493323,22493836
ENSG00000105889,7,22727443,22727634
ENSG00000105889,7,22663344,22663464
ENSG00000105889,7,22495361,22495480
ENSG00000105889,7,22661664,22661912
ENSG00000105889,7,22727176,22728806
ENSG00000105889,7,22632850,22632922
ENSG00000105889,7,22663081,22663172
ENSG00000105889,7,22652945,22653151
ENSG00000105889,7,22705626,22705742
ENSG00000105889,7,22564965,22565152
ENSG00000105889,7,22725394,22726705
ENSG00000105889,7,22500113,22500177
ENSG00000105889,7,22563337,22563430
ENSG00000105889,7,22493323,22493779
ENSG00000105889,7,22703714,22703934
ENSG00000105889,7,22727199,22727634
ENSG00000105889,7,22655201,22655349
ENSG00000105889,7,22492676,22492729
ENSG00000105889,7,22589697,22589801
ENSG00000105889,7,22500113,22500188
ENSG00000105889,7,22600959,22601782
ENSG00000105889,7,22562052,22562122
ENSG00000105889,7,22570342,22571160
ENSG00000105889,7,22492391,22492729
ENSG00000105889,7,22727213,22727281
ENSG00000105889,7,22727239,22727281
ENSG00000105889,7,22663825,22663916
ENSG00000105889,7,22632715,22632922
ENSG00000105889,7,22591162,22591622
ENSG00000105889,7,22500113,22500238
ENSG00000105889,7,22500113,22500357
ENSG00000105889,7,22727512,22727634
ENSG00000105889,7,22500113,22500201
ENSG00000105889,7,22571774,22572013
ENSG00000105889,7,22600959,22602536
ENSG00000105889,7,22494771,22494886
ENSG00000105889,7,22649959,22651153
ENSG00000105889,7,22705361,22705442
ENSG00000105889,7,22563336,22563430
ENSG00000105889,7,22727567,22727620
ENSG00000105889,7,22571606,22572760
ENSG00000105889,7,22417856,22419836
ENSG00000105889,7,22708893,22709277
ENSG00000105889,7,22703662,22703934
ENSG00000105889,7,22500113,22500498
ENSG00000105889,7,22653246,22653414
ENSG00000105889,7,22563313,22563430
ENSG00000105889,7,22571663,22572760
ENSG00000105889,7,22663081,22663916
ENSG00000105889,7,22661664,22661792
ENSG00000105889,7,22665344,22665502
ENSG00000105889,7,22419152,22419836
ENSG00000105889,7,22419447,22419836
ENSG00000105889,7,22727567,22727613
ENSG00000105889,7,22727199,22727281
ENSG00000105889,7,22500117,22500235
ENSG00000105889,7,22492564,22492729
ENSG00000105889,7,22725883,22726258
ENSG00000105889,7,22589704,22589801
ENSG00000105889,7,22632809,22632925
ENSG00000105889,7,22665344,22665632
ENSG00000105889,7,22705626,22705777
ENSG00000105889,7,22705626,22705731
ENSG00000105889,7,22708896,22709277
ENSG00000105889,7,22572084,22573996
ENSG00000105889,7,22727178,22727281
ENSG00000105889,7,22536998,22537064
ENSG00000105889,7,22706683,22707505
ENSG00000105889,7,22419443,22419836
ENSG00000105889,7,22665344,22665533
ENSG00000105889,7,22591162,22591278
ENSG00000105889,7,22500113,22500205
ENSG00000100321,22,39374315,39374660
ENSG00000100321,22,39364169,39364296
ENSG00000100321,22,39381761,39385588
ENSG00000100321,22,39373527,39373644
ENSG00000100321,22,39380620,39381281
ENSG00000100321,22,39381695,39385365
ENSG00000100321,22,39380623,39381277
ENSG00000100321,22,39374315,39374553
ENSG00000100321,22,39349925,39350109
ENSG00000100321,22,39374315,39374571
ENSG00000100321,22,39349984,39350109
ENSG00000100321,22,39377597,39378381
ENSG00000100321,22,39349973,39350109
ENSG00000100321,22,39381695,39385575
ENSG00000100321,22,39349986,39350109
ENSG00000100321,22,39377597,39377911
ENSG00000100321,22,39381695,39385578
ENSG00000100321,22,39377014,39377075
ENSG00000100321,22,39381761,39385578
ENSG00000100321,22,39374328,39374553
ENSG00000100321,22,39379609,39380015
ENSG00000100321,22,39380072,39380411
ENSG00000100321,22,39376051,39376197
ENSG00000100321,22,39349988,39350109
ENSG00000100321,22,39349957,39350109
ENSG00000100321,22,39349990,39350109
ENSG00000100321,22,39375943,39376197
ENSG00000100321,22,39349948,39350109
ENSG00000100321,22,39349924,39350109
ENSG00000100321,22,39381695,39385579
ENSG00000100321,22,39350005,39350109
ENSG00000100321,22,39381761,39385574
ENSG00000100321,22,39381695,39385574
ENSG00000100321,22,39377597,39378389
ENSG00000100321,22,39349946,39350020
ENSG00000100321,22,39383795,39384487
ENSG00000100321,22,39349908,39350109
ENSG00000100321,22,39375935,39376033
ENSG00000100321,22,39374315,39376210
ENSG00000078269,6,158054966,158055028
ENSG00000078269,6,158066443,158066635
ENSG00000078269,6,158063790,158063872
ENSG00000078269,6,158089838,158089947
ENSG00000078269,6,158033454,158033532
ENSG00000078269,6,158059256,158059537
ENSG00000078269,6,158088659,158088772
ENSG00000078269,6,158070127,158070506
ENSG00000078269,6,158000108,158000341
ENSG00000078269,6,158081108,158081327
ENSG00000078269,6,158064600,158064750
ENSG00000078269,6,158077679,158079356
ENSG00000078269,6,158061991,158062164
ENSG00000078269,6,157981862,157982088
ENSG00000078269,6,158093887,158094094
ENSG00000078269,6,158001581,158001701
ENSG00000078269,6,158074579,158074738
ENSG00000078269,6,158000718,158000749
ENSG00000078269,6,158071601,158071794
ENSG00000078269,6,158017464,158017795
ENSG00000078269,6,158059256,158059353
ENSG00000078269,6,158017047,158017290
ENSG00000078269,6,158043315,158043399
ENSG00000078269,6,158095617,158099176
ENSG00000078269,6,158081431,158081510
ENSG00000078269,6,158027366,158029406
ENSG00000078269,6,158033454,158033680
ENSG00000078269,6,158017203,158017290
ENSG00000078269,6,158078163,158078281
ENSG00000078269,6,158086854,158086989
ENSG00000078269,6,158069532,158069673
ENSG00000078269,6,158062054,158062164
ENSG00000078269,6,158002173,158002383
ENSG00000078269,6,158033489,158033680
ENSG00000078269,6,158095617,158096463
ENSG00000078269,6,158076625,158076782
ENSG00000078269,6,158001106,158001375
ENSG00000078269,6,157982037,157982088
ENSG00000078269,6,158095617,158097854
ENSG00000078269,6,158092925,158093104
ENSG00000078269,6,158068646,158068728
ENSG00000078269,6,158028755,158029026
ENSG00000078269,6,158083428,158083597
ENSG00000078269,6,157981953,157982088
ENSG00000078269,6,158084000,158084174
ENSG00000078269,6,158064825,158064991
ENSG00000078269,6,158030407,158030937
ENSG00000110975,12,33439371,33439646
ENSG00000110975,12,33385170,33385291
ENSG00000110975,12,33406788,33407356
ENSG00000110975,12,33439371,33439819
ENSG00000110975,12,33379831,33379961
ENSG00000110975,12,33408238,33408318
ENSG00000110975,12,33382348,33382520
ENSG00000110975,12,33439048,33440343
ENSG00000110975,12,33426137,33426495
ENSG00000110975,12,33407797,33408318
ENSG00000110975,12,33423909,33424009
ENSG00000110975,12,33432310,33432853
ENSG00000110975,12,33426137,33426160
ENSG00000110975,12,33404871,33405896
ENSG00000110975,12,33376272,33376901
ENSG00000110975,12,33374237,33376901
ENSG00000104946,19,49882763,49882892
ENSG00000104946,19,49878186,49878241
ENSG00000104946,19,49888423,49888744
ENSG00000104946,19,49878169,49878356
ENSG00000104946,19,49881351,49881475
ENSG00000104946,19,49888423,49888750
ENSG00000104946,19,49886550,49887573
ENSG00000104946,19,49876602,49877846
ENSG00000104946,19,49881273,49881464
ENSG00000104946,19,49881267,49881475
ENSG00000104946,19,49879062,49879470
ENSG00000104946,19,49888423,49888707
ENSG00000104946,19,49878549,49879504
ENSG00000104946,19,49877974,49878019
ENSG00000104946,19,49884252,49884369
ENSG00000104946,19,49879405,49879504
ENSG00000104946,19,49877701,49877744
ENSG00000104946,19,49887717,49887834
ENSG00000104946,19,49878497,49878572
ENSG00000104946,19,49880278,49880402
ENSG00000104946,19,49883650,49883745
ENSG00000104946,19,49877530,49877744
ENSG00000104946,19,49888603,49888750
ENSG00000104946,19,49878169,49878459
ENSG00000104946,19,49882241,49882388
ENSG00000104946,19,49878075,49878241
ENSG00000104946,19,49888423,49888746
ENSG00000104946,19,49884458,49884559
ENSG00000104946,19,49884658,49884758
ENSG00000104946,19,49888423,49888743
ENSG00000104946,19,49882265,49882400
ENSG00000104946,19,49882241,49882400
ENSG00000104946,19,49888423,49888749
ENSG00000104946,19,49877690,49877744
ENSG00000104946,19,49884458,49884556
ENSG00000104946,19,49876602,49878028
ENSG00000104946,19,49888156,49888317
ENSG00000104946,19,49879062,49879463
ENSG00000104946,19,49877606,49877744
ENSG00000104946,19,49878169,49878312
ENSG00000104946,19,49881273,49881475
ENSG00000104946,19,49880278,49880444
ENSG00000104946,19,49882050,49882152
ENSG00000104946,19,49887475,49887573
ENSG00000104946,19,49877676,49877744
ENSG00000104946,19,49877500,49877744
ENSG00000104946,19,49877687,49877744
ENSG00000104946,19,49878492,49879386
ENSG00000104946,19,49878169,49878351
ENSG00000104946,19,49877665,49877744
ENSG00000104946,19,49888174,49888230
ENSG00000104946,19,49888423,49888751
ENSG00000104946,19,49877691,49877744
ENSG00000104946,19,49878169,49878357
ENSG00000104946,19,49882972,49883076
ENSG00000104946,19,49888423,49888748
ENSG00000104946,19,49885171,49885534
ENSG00000104946,19,49882319,49882400
ENSG00000104946,19,49878492,49878647
ENSG00000104946,19,49888230,49888317
ENSG00000104946,19,49877680,49877744
ENSG00000104946,19,49882253,49882400
ENSG00000104946,19,49882040,49882152
ENSG00000104946,19,49879322,49879504
ENSG00000104946,19,49882972,49883002
ENSG00000104946,19,49878169,49878347
ENSG00000104946,19,49878142,49878241
ENSG00000180964,X,103255077,103255204
ENSG00000180964,X,103255077,103255155
ENSG00000180964,X,103255077,103255167
ENSG00000180964,X,103254716,103255170
ENSG00000180964,X,103255077,103255124
ENSG00000180964,X,103255077,103255188
ENSG00000180964,X,103255077,103255185
ENSG00000180964,X,103253003,103254017
ENSG00000180964,X,103254604,103254830
ENSG00000180964,X,103252994,103254017
ENSG00000180964,X,103255077,103255157
ENSG00000180964,X,103252862,103254017
ENSG00000180964,X,103254604,103254958
ENSG00000180964,X,103254823,103255069
ENSG00000180964,X,103254604,103254677
ENSG00000180964,X,103252995,103254677
ENSG00000180964,X,103254716,103254830
ENSG00000180964,X,103252994,103253998
ENSG00000180964,X,103254643,103254830
ENSG00000180964,X,103254384,103254435
ENSG00000180964,X,103253889,103254017
ENSG00000180964,X,103253657,103253790
ENSG00000180964,X,103254643,103254677
ENSG00000180964,X,103255077,103255177
ENSG00000180964,X,103255077,103255183
ENSG00000180964,X,103255077,103255192
ENSG00000180964,X,103252995,103254017
ENSG00000180964,X,103254588,103254677
ENSG00000133863,8,30831545,30833323
ENSG00000133863,8,30912878,30913008
ENSG00000133863,8,30899315,30899369
ENSG00000133863,8,30901374,30901686
ENSG00000133863,8,30858667,30858830
ENSG00000133863,8,30842003,30849017
ENSG00000133863,8,30842003,30849316
ENSG00000133863,8,30887166,30887311
ENSG00000133863,8,30901374,30901682
ENSG00000133863,8,30836802,30838061
ENSG00000133863,8,30859910,30860057
ENSG00000133863,8,30874992,30875102
ENSG00000133863,8,30888769,30889097
ENSG00000133863,8,30890524,30890606
ENSG00000133863,8,30888767,30889097
ENSG00000133863,8,30888635,30888706
ENSG00000133863,8,30887675,30887773
ENSG00000133863,8,30898741,30898817
ENSG00000133863,8,30886865,30887007
ENSG00000133863,8,30899289,30899369
ENSG00000133863,8,30839905,30839964
ENSG00000133863,8,30867264,30867502
ENSG00000133863,8,30831543,30833323
ENSG00000133863,8,30874936,30875102
ENSG00000072274,3,196049282,196052184
ENSG00000072274,3,196072002,196072152
ENSG00000072274,3,196067517,196067657
ENSG00000072274,3,196044694,196044915
ENSG00000072274,3,196058573,196058958
ENSG00000072274,3,196059188,196059320
ENSG00000072274,3,196058283,196058365
ENSG00000072274,3,196064308,196064428
ENSG00000072274,3,196075158,196075360
ENSG00000072274,3,196049283,196052184
ENSG00000072274,3,196045131,196045254
ENSG00000072274,3,196082042,196082088
ENSG00000072274,3,196049287,196052184
ENSG00000072274,3,196062853,196064428
ENSG00000072274,3,196012510,196013526
ENSG00000072274,3,196065442,196066330
ENSG00000072274,3,196020730,196020940
ENSG00000072274,3,196082042,196082090
ENSG00000072274,3,196021359,196021474
ENSG00000072274,3,196052697,196053558
ENSG00000072274,3,196069454,196071498
ENSG00000072274,3,196077063,196077105
ENSG00000072274,3,196064023,196064428
ENSG00000072274,3,196014616,196014898
ENSG00000072274,3,196062581,196064428
ENSG00000072274,3,196049475,196052184
ENSG00000072274,3,196077063,196077089
ENSG00000072274,3,196060179,196060249
ENSG00000072274,3,196026648,196027260
ENSG00000072274,3,196055079,196055301
ENSG00000072274,3,196052073,196052283
ENSG00000072274,3,196081088,196081528
ENSG00000072274,3,196055079,196055319
ENSG00000072274,3,196019879,196020198
ENSG00000072274,3,196062390,196062645
ENSG00000072274,3,196068031,196068426
ENSG00000072274,3,196065442,196065550
ENSG00000072274,3,196027069,196027701
ENSG00000072274,3,196082042,196082094
ENSG00000072274,3,196062581,196062645
ENSG00000072274,3,196072818,196072880
ENSG00000072274,3,196027161,196027619
ENSG00000072274,3,196053417,196053558
ENSG00000072274,3,196081830,196082088
ENSG00000072274,3,196026015,196026412
ENSG00000072274,3,196038292,196039408
ENSG00000072274,3,196082042,196082096
ENSG00000072274,3,196071118,196071187
ENSG00000072274,3,196071118,196071498
ENSG00000072274,3,196065442,196065600
ENSG00000072274,3,196081830,196082090
ENSG00000072274,3,196055079,196055561
ENSG00000072274,3,196081088,196081288
ENSG00000072274,3,196071439,196071498
ENSG00000072274,3,196082042,196082089
ENSG00000072274,3,196062581,196062939
ENSG00000072274,3,196053491,196053558
ENSG00000072274,3,196082042,196082153
ENSG00000072274,3,196082042,196082162
ENSG00000072274,3,196079841,196079962
ENSG00000072274,3,196051636,196052184
ENSG00000072274,3,196077063,196077177
ENSG00000072274,3,196082042,196082082
ENSG00000072274,3,196074196,196074433
ENSG00000072274,3,196082042,196082146
ENSG00000072274,3,196054693,196055073
ENSG00000072274,3,196060179,196060721
ENSG00000072274,3,196054295,196055301
ENSG00000072274,3,196069454,196069568
ENSG00000072274,3,196057961,196058365
ENSG00000072274,3,196069454,196070233
ENSG00000072274,3,196062877,196062939
ENSG00000072274,3,196062853,196062939
ENSG00000072274,3,196058282,196058365
ENSG00000072274,3,196053417,196054339
ENSG00000072274,3,196068031,196068242
ENSG00000072274,3,196069454,196070235
ENSG00000072274,3,196071395,196071498
ENSG00000072274,3,196049284,196052184
ENSG00000072274,3,196058573,196058632
ENSG00000072274,3,196059188,196059293
ENSG00000072274,3,196015766,196015967
ENSG00000072274,3,196026015,196026103
ENSG00000072274,3,196082044,196082138
ENSG00000072274,3,196049286,196052184
ENSG00000072274,3,196063224,196063424
ENSG00000072274,3,196081088,196081550
ENSG00000072274,3,196054295,196054377
ENSG00000072274,3,196049314,196052184
ENSG00000072274,3,196077063,196077122
ENSG00000072274,3,196068031,196068130
ENSG00000072274,3,196058210,196058365
ENSG00000072274,3,196064308,196064458
ENSG00000072274,3,196027136,196027260
ENSG00000072274,3,196073929,196074125
ENSG00000072274,3,196052073,196052282
ENSG00000072274,3,196082042,196082127
ENSG00000072274,3,196060179,196060247
ENSG00000106799,9,99107035,99107140
ENSG00000106799,9,99149179,99149448
ENSG00000106799,9,99149179,99153646
ENSG00000106799,9,99105097,99105302
ENSG00000106799,9,99130039,99130195
ENSG00000106799,9,99149179,99151361
ENSG00000106799,9,99149179,99153649
ENSG00000106799,9,99105145,99105302
ENSG00000106799,9,99104069,99104106
ENSG00000106799,9,99149179,99154192
ENSG00000106799,9,99105110,99105302
ENSG00000106799,9,99149179,99153658
ENSG00000106799,9,99105125,99105302
ENSG00000106799,9,99105112,99105302
ENSG00000106799,9,99127873,99128002
ENSG00000106799,9,99149179,99149341
ENSG00000106799,9,99105169,99105302
ENSG00000106799,9,99105127,99105302
ENSG00000106799,9,99118670,99118789
ENSG00000106799,9,99144809,99144888
ENSG00000106799,9,99105149,99105302
ENSG00000106799,9,99128905,99129100
ENSG00000106799,9,99149179,99151351
ENSG00000106799,9,99146831,99147784
ENSG00000106799,9,99105114,99105302
ENSG00000106799,9,99105116,99105302
ENSG00000106799,9,99105120,99105302
ENSG00000106799,9,99128854,99129100
ENSG00000106799,9,99104037,99104106
ENSG00000106799,9,99132508,99132739
ENSG00000106799,9,99149179,99153690
ENSG00000106799,9,99105036,99105125
ENSG00000106799,9,99105146,99105302
ENSG00000106799,9,99105190,99105302
ENSG00000106799,9,99144731,99144888
ENSG00000106799,9,99105148,99105302
ENSG00000106799,9,99105115,99105302
ENSG00000106799,9,99127933,99128002
ENSG00000106799,9,99142535,99142703
ENSG00000106799,9,99149179,99153644
ENSG00000106799,9,99149179,99153650
ENSG00000106799,9,99128835,99129100
ENSG00000106799,9,99110808,99110868
ENSG00000106799,9,99128862,99129100
ENSG00000106799,9,99147653,99147784
ENSG00000106799,9,99132496,99132739
ENSG00000106799,9,99145496,99145612
ENSG00000106799,9,99149179,99149580
ENSG00000106799,9,99105128,99105302
ENSG00000106799,9,99137858,99138089
ENSG00000106799,9,99149179,99149528
ENSG00000106799,9,99119071,99119207
ENSG00000106799,9,99145839,99145966
ENSG00000106799,9,99127774,99128002
ENSG00000106799,9,99127915,99128002
ENSG00000106799,9,99149179,99153692
ENSG00000106799,9,99146484,99146609
ENSG00000106799,9,99149179,99153643
ENSG00000106799,9,99146484,99146606
ENSG00000177426,18,3412203,3412254
ENSG00000177426,18,3450211,3450505
ENSG00000177426,18,3457364,3458123
ENSG00000177426,18,3449536,3449656
ENSG00000177426,18,3457364,3457839
ENSG00000177426,18,3412853,3413049
ENSG00000177426,18,3451723,3451762
ENSG00000177426,18,3447002,3447186
ENSG00000177426,18,3450176,3450505
ENSG00000177426,18,3411607,3412254
ENSG00000177426,18,3457691,3458402
ENSG00000177426,18,3450321,3450505
ENSG00000177426,18,3457364,3457918
ENSG00000177426,18,3447114,3447186
ENSG00000177426,18,3457364,3458406
ENSG00000177426,18,3453773,3453856
ENSG00000177426,18,3412855,3413049
ENSG00000177426,18,3451676,3452382
ENSG00000177426,18,3456353,3456580
ENSG00000177426,18,3457364,3457475
ENSG00000177426,18,3457364,3457594
ENSG00000177426,18,3450171,3450505
ENSG00000177426,18,3455413,3456580
ENSG00000177426,18,3447608,3447797
ENSG00000177426,18,3424235,3424411
ENSG00000177426,18,3449489,3449656
ENSG00000177426,18,3449412,3449656
ENSG00000177426,18,3450531,3450921
ENSG00000177426,18,3449868,3450070
ENSG00000177426,18,3451592,3451775
ENSG00000177426,18,3449881,3450070
ENSG00000177426,18,3457364,3458411
ENSG00000177426,18,3457364,3457456
ENSG00000177426,18,3455151,3455258
ENSG00000177426,18,3450035,3450070
ENSG00000177426,18,3457364,3458954
ENSG00000177426,18,3449841,3450040
ENSG00000177426,18,3457364,3457944
ENSG00000177426,18,3456353,3457113
ENSG00000177426,18,3415144,3415580
ENSG00000177426,18,3457364,3457580
ENSG00000177426,18,3447005,3447186
ENSG00000177426,18,3449650,3450070
ENSG00000177426,18,3451669,3451771
ENSG00000177426,18,3450324,3450505
ENSG00000177426,18,3457396,3457604
ENSG00000177426,18,3411926,3412254
ENSG00000177426,18,3447984,3448126
ENSG00000177426,18,3447984,3448132
ENSG00000177426,18,3449576,3449656
ENSG00000177426,18,3418142,3418215
ENSG00000177426,18,3457364,3457684
ENSG00000177426,18,3448498,3448597
ENSG00000177426,18,3457364,3458349
ENSG00000177426,18,3450181,3450505
ENSG00000177426,18,3449330,3450070
ENSG00000177426,18,3452156,3452380
ENSG00000177426,18,3457364,3457574
ENSG00000177426,18,3418142,3418846
ENSG00000177426,18,3457364,3459978
ENSG00000130775,1,27882512,27882944
ENSG00000130775,1,27885866,27886678
ENSG00000130775,1,27885294,27885451
ENSG00000130775,1,27883397,27885451
ENSG00000130775,1,27872571,27872640
ENSG00000130775,1,27872555,27872665
ENSG00000130775,1,27885294,27885417
ENSG00000130775,1,27879730,27880054
ENSG00000130775,1,27872557,27872665
ENSG00000130775,1,27879948,27880054
ENSG00000130775,1,27883623,27883731
ENSG00000130775,1,27881970,27882077
ENSG00000130775,1,27876587,27876728
ENSG00000130775,1,27872548,27872665
ENSG00000130775,1,27885866,27886680
ENSG00000130775,1,27872550,27872665
ENSG00000130775,1,27879643,27879948
ENSG00000130775,1,27882512,27882604
ENSG00000130775,1,27885866,27886533
ENSG00000130775,1,27882512,27883043
ENSG00000130775,1,27881970,27882125
ENSG00000130775,1,27872543,27872665
ENSG00000130775,1,27885866,27886673
ENSG00000130775,1,27876587,27876733
ENSG00000130775,1,27881970,27883043
ENSG00000130775,1,27885866,27886685
ENSG00000130775,1,27879643,27880054
ENSG00000130775,1,27876683,27876728
ENSG00000130775,1,27881970,27882475
ENSG00000130775,1,27872551,27872665
ENSG00000130775,1,27872542,27872665
ENSG00000130775,1,27885866,27886675
ENSG00000163931,3,53225656,53225931
ENSG00000163931,3,53225645,53225931
ENSG00000163931,3,53237796,53237921
ENSG00000163931,3,53234982,53235174
ENSG00000163931,3,53224713,53225609
ENSG00000163931,3,53229279,53229436
ENSG00000163931,3,53225647,53225931
ENSG00000163931,3,53229006,53229137
ENSG00000163931,3,53234982,53235064
ENSG00000163931,3,53228055,53228149
ENSG00000163931,3,53241127,53241245
ENSG00000163931,3,53228680,53229137
ENSG00000163931,3,53255835,53256030
ENSG00000163931,3,53228275,53228359
ENSG00000163931,3,53237796,53237820
ENSG00000163931,3,53241131,53241245
ENSG00000163931,3,53230456,53230617
ENSG00000163931,3,53255835,53256042
ENSG00000163931,3,53255835,53255981
ENSG00000163931,3,53255835,53255987
ENSG00000163931,3,53234997,53235174
ENSG00000163931,3,53231356,53231541
ENSG00000163931,3,53225651,53225931
ENSG00000163931,3,53226755,53226878
ENSG00000163931,3,53225651,53228149
ENSG00000163931,3,53231453,53231550
ENSG00000163931,3,53225750,53225931
ENSG00000163931,3,53231356,53231544
ENSG00000163931,3,53224711,53225931
ENSG00000163931,3,53231356,53231428
ENSG00000163931,3,53231356,53231550
ENSG00000163931,3,53228290,53228359
ENSG00000163931,3,53229279,53229383
ENSG00000163931,3,53242124,53242242
ENSG00000163931,3,53243582,53243622
ENSG00000163931,3,53240250,53240348
ENSG00000163931,3,53225644,53225931
ENSG00000163931,3,53255835,53255974
ENSG00000163931,3,53242124,53242199
ENSG00000163931,3,53231459,53231550
ENSG00000163931,3,53225701,53225931
ENSG00000163931,3,53231356,53235607
ENSG00000163931,3,53234851,53235174
ENSG00000163931,3,53231349,53231550
ENSG00000163931,3,53225659,53225931
ENSG00000163931,3,53229279,53229346
ENSG00000163931,3,53225635,53225931
ENSG00000163931,3,53241137,53241245
ENSG00000163931,3,53228055,53228137
ENSG00000163931,3,53234982,53235160
ENSG00000163931,3,53229279,53229437
ENSG00000163931,3,53241894,53242242
ENSG00000163931,3,53255835,53256019
ENSG00000163931,3,53255835,53256025
ENSG00000163931,3,53240250,53240341
ENSG00000163931,3,53255835,53256022
ENSG00000163931,3,53231356,53232299
ENSG00000163931,3,53230456,53230621
ENSG00000163931,3,53233155,53233274
ENSG00000163931,3,53232759,53233274
ENSG00000163931,3,53255835,53256040
ENSG00000163931,3,53233155,53235019
ENSG00000163931,3,53255835,53256052
ENSG00000163931,3,53232738,53232839
ENSG00000163931,3,53255835,53256000
ENSG00000198498,4,163512423,163512859
ENSG00000198498,4,163519333,163520539
ENSG00000198498,4,163494666,163494804
ENSG00000198498,4,163494667,163494836
ENSG00000198498,4,163517433,163517559
ENSG00000198498,4,163512821,163512859
ENSG00000198498,4,163517442,163517476
ENSG00000198498,4,163517433,163517476
ENSG00000198498,4,163519333,163520532
ENSG00000198498,4,163494707,163494804
ENSG00000198498,4,163494664,163494836
ENSG00000198498,4,163507032,163507145
ENSG00000198498,4,163515312,163516102
ENSG00000198498,4,163519333,163519720
ENSG00000198498,4,163519981,163520375
ENSG00000198498,4,163519333,163520733
ENSG00000198498,4,163494689,163494804
ENSG00000198498,4,163517435,163517476
ENSG00000198498,4,163494687,163494804
ENSG00000198498,4,163515312,163515461
ENSG00000198498,4,163494441,163494559
ENSG00000198498,4,163519333,163519558
ENSG00000198498,4,163514073,163514158
ENSG00000198498,4,163519333,163519463
ENSG00000198498,4,163519333,163519719
ENSG00000198498,4,163517071,163517476
ENSG00000198498,4,163494738,163494836
ENSG00000198498,4,163515312,163515463
ENSG00000163444,1,203022854,203023379
ENSG00000163444,1,203007385,203007574
ENSG00000163444,1,203007740,203007863
ENSG00000163444,1,203007773,203007863
ENSG00000163444,1,203014888,203015048
ENSG00000163444,1,203015839,203016140
ENSG00000163444,1,203007376,203007574
ENSG00000163444,1,203007398,203007574
ENSG00000163444,1,203007378,203007574
ENSG00000163444,1,203022854,203024846
ENSG00000163444,1,203018703,203018732
ENSG00000163444,1,203022854,203023540
ENSG00000163444,1,203015938,203016140
ENSG00000163444,1,203014888,203015572
ENSG00000163444,1,203022854,203023918
ENSG00000163444,1,203007373,203007574
ENSG00000163444,1,203007362,203007574
ENSG00000163444,1,203017755,203017919
ENSG00000163444,1,203020792,203020891
ENSG00000163444,1,203018500,203018561
ENSG00000163444,1,203022854,203023530
ENSG00000163444,1,203022854,203024848
ENSG00000163444,1,203024070,203024294
ENSG00000163444,1,203008739,203008810
ENSG00000163444,1,203007402,203007863
ENSG00000163444,1,203015959,203016140
ENSG00000163444,1,203007355,203007574
ENSG00000163444,1,203007377,203007574
ENSG00000163444,1,203022854,203023908
ENSG00000163444,1,203015959,203016094
ENSG00000163444,1,203007390,203007574
ENSG00000163444,1,203018480,203018561
ENSG00000163444,1,203008642,203008810
ENSG00000163444,1,203020792,203020948
ENSG00000163444,1,203018504,203018561
ENSG00000163444,1,203014891,203015036
ENSG00000163444,1,203022836,203023167
ENSG00000163444,1,203014891,203015048
ENSG00000163444,1,203022854,203024847
ENSG00000163444,1,203007392,203007574
ENSG00000163444,1,203008666,203008810
ENSG00000163444,1,203020792,203020801
ENSG00000163444,1,203022854,203023773
ENSG00000163444,1,203022854,203023544
ENSG00000163444,1,203007396,203007574
ENSG00000163444,1,203022854,203023538
ENSG00000163444,1,203021828,203021888
ENSG00000163444,1,203014888,203015036
ENSG00000152078,1,95117291,95117617
ENSG00000152078,1,95173815,95173845
ENSG00000152078,1,95150207,95150229
ENSG00000152078,1,95117685,95117827
ENSG00000152078,1,95161675,95165198
ENSG00000152078,1,95191549,95195400
ENSG00000152078,1,95125510,95125609
ENSG00000152078,1,95117312,95118091
ENSG00000152078,1,95121054,95121184
ENSG00000152078,1,95180333,95180359
ENSG00000152078,1,95173815,95173878
ENSG00000152078,1,95117653,95118091
ENSG00000152078,1,95141855,95144056
ENSG00000152078,1,95191549,95194942
ENSG00000152078,1,95117328,95117617
ENSG00000152078,1,95191549,95192312
ENSG00000152078,1,95117291,95117476
ENSG00000152078,1,95117383,95117617
ENSG00000152078,1,95140671,95140742
ENSG00000152078,1,95117354,95117617
ENSG00000152078,1,95151324,95151419
ENSG00000152078,1,95117438,95117827
ENSG00000152078,1,95191549,95192519
ENSG00000152078,1,95143890,95144056
ENSG00000152078,1,95148701,95148791
ENSG00000152078,1,95173815,95173889
ENSG00000152078,1,95138274,95138554
ENSG00000152078,1,95117312,95117827
ENSG00000152078,1,95143890,95143976
ENSG00000152078,1,95117379,95118091
ENSG00000152078,1,95191549,95197607
ENSG00000152078,1,95140672,95140733
ENSG00000152078,1,95191549,95195459
ENSG00000152078,1,95140672,95140742
ENSG00000152078,1,95139477,95140733
ENSG00000152078,1,95163218,95165198
ENSG00000152078,1,95174123,95174181
ENSG00000152078,1,95143207,95143745
ENSG00000152078,1,95191549,95192298
ENSG00000152078,1,95151376,95151419
ENSG00000152078,1,95150207,95150266
ENSG00000152078,1,95120146,95120286
ENSG00000152078,1,95191549,95192011
ENSG00000152078,1,95117922,95118091
ENSG00000152078,1,95191549,95192133
ENSG00000152078,1,95138274,95139044
ENSG00000006042,17,32931446,32931659
ENSG00000006042,17,32940785,32941644
ENSG00000006042,17,32940785,32941647
ENSG00000006042,17,32928199,32928237
ENSG00000006042,17,32928102,32928237
ENSG00000006042,17,32931334,32931402
ENSG00000006042,17,32930899,32930971
ENSG00000006042,17,32940785,32941650
ENSG00000006042,17,32931326,32931398
ENSG00000006042,17,32931402,32931659
ENSG00000006042,17,32928190,32928237
ENSG00000006042,17,32928159,32928237
ENSG00000006042,17,32928172,32928237
ENSG00000006042,17,32936331,32936447
ENSG00000006042,17,32940785,32941613
ENSG00000006042,17,32928614,32929379
ENSG00000006042,17,32928209,32928241
ENSG00000006042,17,32934290,32934324
ENSG00000006042,17,32928203,32928237
ENSG00000006042,17,32936331,32936468
ENSG00000006042,17,32940785,32940978
ENSG00000006042,17,32928183,32928237
ENSG00000006042,17,32928152,32928237
ENSG00000006042,17,32928044,32928237
ENSG00000006042,17,32940785,32941646
ENSG00000006042,17,32940785,32941643
ENSG00000006042,17,32940785,32941649
ENSG00000006042,17,32928013,32928237
ENSG00000006042,17,32934290,32934363
ENSG00000006042,17,32940785,32941307
ENSG00000006042,17,32931474,32931659
ENSG00000006042,17,32934290,32934308
ENSG00000006042,17,32929887,32929914
ENSG00000006042,17,32931399,32931659
ENSG00000006042,17,32940785,32944315
ENSG00000006042,17,32931386,32931402
ENSG00000006042,17,32928209,32928237
ENSG00000006042,17,32931480,32931659
ENSG00000006042,17,32928123,32928237
ENSG00000006042,17,32931326,32931659
ENSG00000006042,17,32928189,32928237
ENSG00000006042,17,32928070,32928237
ENSG00000006042,17,32931033,32931659
ENSG00000006042,17,32940785,32940977
ENSG00000006042,17,32927909,32928237
ENSG00000006042,17,32940785,32941645
ENSG00000006042,17,32931326,32931402
ENSG00000006042,17,32939476,32939536
ENSG00000006042,17,32928182,32928237
ENSG00000006042,17,32928173,32928237
ENSG00000006042,17,32928164,32928237
ENSG00000006042,17,32928034,32928237
ENSG00000006042,17,32931334,32931659
ENSG00000006042,17,32940785,32941629
ENSG00000006042,17,32933173,32933305
ENSG00000006042,17,32944877,32945106
ENSG00000006042,17,32940785,32941641
ENSG00000128872,15,51751270,51751585
ENSG00000128872,15,51751563,51751712
ENSG00000128872,15,51756312,51756475
ENSG00000128872,15,51751596,51751712
ENSG00000128872,15,51808419,51808544
ENSG00000128872,15,51810178,51810292
ENSG00000128872,15,51808419,51816363
ENSG00000128872,15,51808419,51810142
ENSG00000128872,15,51751666,51751712
ENSG00000128872,15,51776931,51777018
ENSG00000128872,15,51768261,51768418
ENSG00000128872,15,51766372,51766567
ENSG00000128872,15,51767070,51767152
ENSG00000128872,15,51806376,51806521
ENSG00000128872,15,51781048,51781174
ENSG00000128872,15,51752484,51752902
ENSG00000128872,15,51766372,51767070
ENSG00000128872,15,51783428,51784980
ENSG00000128872,15,51751575,51751712
ENSG00000128872,15,51798196,51798340
ENSG00000128872,15,51756742,51756820
ENSG00000128872,15,51808419,51808881
ENSG00000128872,15,51782720,51782828
ENSG00000128872,15,51781043,51781174
ENSG00000128872,15,51782821,51782828
ENSG00000128872,15,51782720,51783136
ENSG00000128872,15,51808419,51815278
ENSG00000128872,15,51751614,51751712
ENSG00000128872,15,51773711,51773834
ENSG00000128872,15,51808419,51810131
ENSG00000034510,2,84906662,84907008
ENSG00000034510,2,84905251,84905360
ENSG00000034510,2,84906388,84906677
ENSG00000034510,2,84906388,84906680
ENSG00000034510,2,84906388,84906670
ENSG00000034510,2,84906002,84906117
ENSG00000034510,2,84905602,84905722
ENSG00000034510,2,84906014,84906117
ENSG00000034510,2,84905651,84906117
ENSG00000034510,2,84906388,84906675
ENSG00000034510,2,84905607,84905718
ENSG00000034510,2,84905739,84905860
ENSG00000034510,2,84905970,84906117
ENSG00000034510,2,84905669,84905718
ENSG00000034510,2,84905825,84906117
ENSG00000034510,2,84906388,84906671
ENSG00000034510,2,84904922,84905013
ENSG00000034510,2,84905655,84905718
ENSG00000205542,X,12976245,12976361
ENSG00000205542,X,12975109,12975153
ENSG00000205542,X,12975109,12975168
ENSG00000205542,X,12975109,12976361
ENSG00000205542,X,12976190,12976361
ENSG00000205542,X,12975243,12975443
ENSG00000205542,X,12976776,12977223
ENSG00000205542,X,12975528,12975658
ENSG00000205542,X,12972692,12975257
ENSG00000205542,X,12976776,12977226
ENSG00000205542,X,12976196,12976361
ENSG00000205542,X,12975106,12975147
ENSG00000205542,X,12975222,12975343
ENSG00000205542,X,12975106,12975168
ENSG00000205542,X,12975657,12975731
ENSG00000205542,X,12976776,12977081
ENSG00000205542,X,12975606,12975658
ENSG00000205542,X,12975984,12976028
ENSG00000205542,X,12976776,12977227
ENSG00000154310,3,171108064,171108162
ENSG00000154310,3,171066486,171066735
ENSG00000154310,3,171107837,171108388
ENSG00000154310,3,171460177,171460292
ENSG00000154310,3,171460210,171460292
ENSG00000154310,3,171085117,171085229
ENSG00000154310,3,171071222,171071406
ENSG00000154310,3,171114099,171115194
ENSG00000154310,3,171101448,171101633
ENSG00000154310,3,171093838,171093968
ENSG00000154310,3,171063260,171063964
ENSG00000154310,3,171460006,171460406
ENSG00000154310,3,171068847,171068997
ENSG00000154310,3,171107182,171107206
ENSG00000154310,3,171079517,171079583
ENSG00000154310,3,171087341,171087506
ENSG00000154310,3,171058413,171063964
ENSG00000154310,3,171175251,171175330
ENSG00000154310,3,171068847,171068987
ENSG00000154310,3,171101448,171102072
ENSG00000154310,3,171167094,171167270
ENSG00000154310,3,171157550,171157664
ENSG00000154310,3,171114099,171114315
ENSG00000154310,3,171071222,171071323
ENSG00000154310,3,171061338,171063964
ENSG00000154310,3,171066373,171066735
ENSG00000154310,3,171369619,171369685
ENSG00000154310,3,171460183,171462781
ENSG00000154310,3,171190696,171190787
ENSG00000154310,3,171188701,171188832
ENSG00000154310,3,171140398,171140509
ENSG00000154310,3,171066186,171066326
ENSG00000154310,3,171063880,171063964
ENSG00000154310,3,171460006,171460405
ENSG00000154310,3,171062753,171063964
ENSG00000154310,3,171082250,171082682
ENSG00000154310,3,171460006,171460408
ENSG00000154310,3,171106663,171106759
ENSG00000154310,3,171211115,171211241
ENSG00000154310,3,171066575,171066735
ENSG00000154310,3,171079517,171079652
ENSG00000154310,3,171460006,171460063
ENSG00000154310,3,171228164,171228221
ENSG00000154310,3,171102786,171102834
ENSG00000154310,3,171157459,171157664
ENSG00000154310,3,171110713,171110877
ENSG00000154310,3,171063329,171063964
ENSG00000154310,3,171225533,171225711
ENSG00000154310,3,171194524,171194635
ENSG00000154310,3,171460006,171460096
ENSG00000154310,3,171439525,171439627
ENSG00000154310,3,171107837,171107916
ENSG00000154310,3,171114099,171115192
ENSG00000154310,3,171125911,171126151
ENSG00000154310,3,171084154,171084325
ENSG00000154310,3,171066469,171066735
ENSG00000154310,3,171123595,171123702
ENSG00000154310,3,171082250,171082394
ENSG00000154310,3,171128713,171128878
ENSG00000154310,3,171138190,171138379
ENSG00000154310,3,171063682,171064042
ENSG00000154310,3,171460208,171460292
ENSG00000154310,3,171346933,171347218
ENSG00000154310,3,171161269,171161336
ENSG00000154310,3,171459229,171459391
ENSG00000154310,3,171139469,171139556
ENSG00000154310,3,171177325,171177380
ENSG00000154310,3,171063551,171063628
ENSG00000128294,22,26525752,26526267
ENSG00000128294,22,26573855,26573913
ENSG00000128294,22,26547483,26547618
ENSG00000128294,22,26557236,26557590
ENSG00000128294,22,26555211,26555323
ENSG00000128294,22,26524081,26526267
ENSG00000128294,22,26525749,26526267
ENSG00000128294,22,26560525,26561088
ENSG00000128294,22,26551176,26551282
ENSG00000128294,22,26571318,26571394
ENSG00000128294,22,26541489,26541718
ENSG00000128294,22,26560435,26561624
ENSG00000128294,22,26532694,26532745
ENSG00000128294,22,26541438,26541718
ENSG00000128294,22,26555518,26555550
ENSG00000128294,22,26540788,26540871
ENSG00000128294,22,26524085,26526267
ENSG00000128294,22,26590052,26590147
ENSG00000128294,22,26565223,26565341
ENSG00000128294,22,26590052,26590101
ENSG00000128294,22,26540949,26541718
ENSG00000128294,22,26547967,26548071
ENSG00000128294,22,26525755,26526267
ENSG00000128294,22,26524498,26526267
ENSG00000128294,22,26543148,26543206
ENSG00000128294,22,26565446,26567978
ENSG00000128294,22,26565446,26565726
ENSG00000128294,22,26525772,26526267
ENSG00000128294,22,26586792,26586897
ENSG00000128294,22,26547654,26547805
ENSG00000128294,22,26567224,26567386
ENSG00000128294,22,26525745,26526267
ENSG00000128294,22,26590052,26590087
ENSG00000128294,22,26596626,26596717
ENSG00000128294,22,26550591,26550653
ENSG00000128294,22,26590052,26590105
ENSG00000128294,22,26543107,26543292
ENSG00000128294,22,26565223,26565601
ENSG00000128294,22,26568250,26568422
ENSG00000128294,22,26590085,26590129
ENSG00000128294,22,26544243,26544380
ENSG00000128294,22,26525751,26526267
ENSG00000128294,22,26570754,26570872
ENSG00000128294,22,26555518,26555821
ENSG00000128294,22,26547499,26547618
ENSG00000128294,22,26565223,26565368
ENSG00000128294,22,26544243,26544675
ENSG00000128294,22,26590052,26590137
ENSG00000128294,22,26540788,26541718
ENSG00000128294,22,26568263,26568351
ENSG00000128294,22,26521995,26526267
ENSG00000128294,22,26525248,26526267
ENSG00000128294,22,26525754,26526267
ENSG00000128294,22,26570759,26571035
ENSG00000128294,22,26580477,26580769
ENSG00000128294,22,26590052,26590121
ENSG00000128294,22,26525250,26526267
ENSG00000128294,22,26589559,26590014
ENSG00000128294,22,26525743,26528262
ENSG00000128294,22,26586792,26586915
ENSG00000128294,22,26586792,26589194
ENSG00000128294,22,26525747,26526267
ENSG00000128294,22,26525747,26528262
ENSG00000128294,22,26541205,26541718
ENSG00000128294,22,26570759,26570872
ENSG00000128294,22,26590052,26590114
ENSG00000128294,22,26525773,26526267
ENSG00000128294,22,26565446,26565636
ENSG00000128294,22,26525771,26526267
ENSG00000128294,22,26590052,26590132
ENSG00000128294,22,26590052,26590077
ENSG00000128294,22,26578125,26578362
ENSG00000128294,22,26563939,26564259
ENSG00000128294,22,26541484,26541718
ENSG00000128294,22,26575405,26575518
ENSG00000128294,22,26525086,26525574
ENSG00000128294,22,26525777,26526267
ENSG00000128294,22,26590052,26590125
ENSG00000128294,22,26536287,26536486
ENSG00000128294,22,26590052,26590079
ENSG00000128294,22,26536287,26536504
ENSG00000128294,22,26528213,26528262
ENSG00000128294,22,26525750,26526267
ENSG00000128294,22,26527144,26527687
ENSG00000128294,22,26565223,26565376
ENSG00000128294,22,26543107,26543277
ENSG00000128294,22,26544603,26544675
ENSG00000128294,22,26524083,26526267
ENSG00000128294,22,26535894,26536486
ENSG00000128294,22,26590052,26590102
ENSG00000128294,22,26565223,26565351
ENSG00000128294,22,26588988,26589194
ENSG00000128294,22,26590052,26590129
ENSG00000128294,22,26525753,26526267
ENSG00000128294,22,26583938,26584030
ENSG00000128294,22,26568245,26568422
ENSG00000128294,22,26590052,26590104
ENSG00000128294,22,26570949,26571035
ENSG00000128294,22,26525746,26526267
ENSG00000128294,22,26590085,26590137
ENSG00000128294,22,26590052,26590152
ENSG00000128294,22,26590219,26590363
ENSG00000128294,22,26590052,26590097
ENSG00000128294,22,26525787,26526267
ENSG00000168016,3,36847199,36847346
ENSG00000168016,3,36892201,36892340
ENSG00000168016,3,36903148,36903275
ENSG00000168016,3,36855172,36858049
ENSG00000168016,3,36852145,36852345
ENSG00000168016,3,36838612,36838716
ENSG00000168016,3,36826825,36828375
ENSG00000168016,3,36929314,36929415
ENSG00000168016,3,36830872,36833919
ENSG00000168016,3,36842679,36842710
ENSG00000168016,3,36838371,36838504
ENSG00000168016,3,36855172,36856645
ENSG00000168016,3,36846247,36846404
ENSG00000168016,3,36944786,36945054
ENSG00000168016,3,36880183,36880729
ENSG00000168016,3,36944786,36945057
ENSG00000168016,3,36826816,36828375
ENSG00000168016,3,36850153,36851417
ENSG00000168016,3,36829563,36829662
ENSG00000168016,3,36851718,36851856
ENSG00000168016,3,36874125,36874296
ENSG00000168016,3,36892900,36892984
ENSG00000168016,3,36826818,36828375
ENSG00000168016,3,36834386,36834475
ENSG00000168016,3,36826831,36828375
ENSG00000168016,3,36850153,36850651
ENSG00000168016,3,36889828,36889960
ENSG00000168016,3,36834761,36834907
ENSG00000168016,3,36858717,36858894
ENSG00000168016,3,36842621,36842710
ENSG00000168016,3,36944786,36944861
ENSG00000168016,3,36908322,36908454
ENSG00000168016,3,36895639,36895758
ENSG00000168016,3,36908322,36908518
ENSG00000168016,3,36864318,36864480
ENSG00000168016,3,36855172,36857632
ENSG00000168016,3,36860905,36861160
ENSG00000168016,3,36899106,36899259
ENSG00000168016,3,36899108,36899259
ENSG00000071575,2,12724628,12724825
ENSG00000071575,2,12736889,12737318
ENSG00000071575,2,12723259,12723552
ENSG00000071575,2,12737366,12737444
ENSG00000071575,2,12716934,12717010
ENSG00000071575,2,12740325,12742734
ENSG00000071575,2,12716909,12717010
ENSG00000071575,2,12718237,12718577
ENSG00000071575,2,12716935,12718577
ENSG00000071575,2,12736887,12737522
ENSG00000071575,2,12717251,12717750
ENSG00000071575,2,12737401,12737522
ENSG00000122779,7,138584741,138585580
ENSG00000122779,7,138460209,138460912
ENSG00000122779,7,138504289,138504408
ENSG00000122779,7,138584741,138585583
ENSG00000122779,7,138584741,138585589
ENSG00000122779,7,138584741,138585168
ENSG00000122779,7,138570829,138571003
ENSG00000122779,7,138556268,138556398
ENSG00000122779,7,138581696,138581771
ENSG00000122779,7,138460257,138460912
ENSG00000122779,7,138584741,138586651
ENSG00000122779,7,138515211,138515359
ENSG00000122779,7,138460473,138461302
ENSG00000122779,7,138529115,138529230
ENSG00000122779,7,138554697,138554966
ENSG00000122779,7,138460424,138460912
ENSG00000122779,7,138525240,138525357
ENSG00000122779,7,138460250,138460912
ENSG00000122779,7,138490580,138491361
ENSG00000122779,7,138570829,138570868
ENSG00000122779,7,138554769,138554966
ENSG00000122779,7,138584741,138585579
ENSG00000122779,7,138584741,138585585
ENSG00000122779,7,138567480,138567654
ENSG00000122779,7,138577419,138577588
ENSG00000122779,7,138525240,138525314
ENSG00000122779,7,138584741,138585588
ENSG00000122779,7,138538656,138538803
ENSG00000122779,7,138460360,138460912
ENSG00000122779,7,138495632,138495725
ENSG00000122779,7,138514399,138514589
ENSG00000122779,7,138583849,138583999
ENSG00000122779,7,138519188,138519321
ENSG00000122779,7,138460254,138460912
ENSG00000122779,7,138584741,138589993
ENSG00000122779,7,138584741,138586567
ENSG00000122779,7,138584741,138589996
ENSG00000122779,7,138462760,138462835
ENSG00000122779,7,138577434,138577588
ENSG00000122779,7,138579203,138579532
ENSG00000122779,7,138576372,138576445
ENSG00000122779,7,138461064,138461302
ENSG00000122779,7,138581699,138581771
ENSG00000122779,7,138551062,138551180
ENSG00000122779,7,138554697,138554864
ENSG00000122779,7,138460223,138460912
ENSG00000122779,7,138573506,138573642
ENSG00000122779,7,138580561,138580694
ENSG00000122779,7,138460434,138460912
ENSG00000122779,7,138460258,138460912
ENSG00000122779,7,138460291,138460912
ENSG00000122779,7,138515211,138515305
ENSG00000122779,7,138460458,138460912
ENSG00000122779,7,138584741,138585904
ENSG00000122779,7,138460286,138460912
ENSG00000122779,7,138460507,138461302
ENSG00000122779,7,138514399,138514844
ENSG00000122779,7,138460438,138460912
ENSG00000204713,6,28903001,28904273
ENSG00000204713,6,28903001,28908840
ENSG00000204713,6,28907235,28907584
ENSG00000204713,6,28922745,28922972
ENSG00000204713,6,28921891,28921987
ENSG00000204713,6,28908807,28908840
ENSG00000204713,6,28908972,28908989
ENSG00000204713,6,28920011,28920242
ENSG00000204713,6,28923212,28923883
ENSG00000204713,6,28911306,28911718
ENSG00000204713,6,28922705,28922972
ENSG00000204713,6,28914775,28915290
ENSG00000204713,6,28923212,28923913
ENSG00000204713,6,28904553,28904665
ENSG00000204713,6,28903001,28904665
ENSG00000204713,6,28907235,28907262
ENSG00000204713,6,28911695,28911718
ENSG00000204713,6,28920011,28920183
ENSG00000204713,6,28907491,28907563
ENSG00000204713,6,28915644,28915744
ENSG00000204713,6,28921891,28921976
ENSG00000204713,6,28923212,28923967
ENSG00000204713,6,28908972,28909088
ENSG00000204713,6,28923212,28923985
ENSG00000204713,6,28904473,28904665
ENSG00000204713,6,28923212,28923930
ENSG00000204713,6,28923212,28923988
ENSG00000112343,6,25962776,25962855
ENSG00000112343,6,25962901,25963282
ENSG00000112343,6,25983163,25984092
ENSG00000112343,6,25983163,25991231
ENSG00000112343,6,25966232,25966933
ENSG00000112343,6,25962799,25962917
ENSG00000112343,6,25983163,25984400
ENSG00000112343,6,25983163,25984403
ENSG00000112343,6,25973053,25973076
ENSG00000112343,6,25983811,25984084
ENSG00000112343,6,25962830,25962855
ENSG00000112343,6,25963015,25963282
ENSG00000112343,6,25963048,25963282
ENSG00000112343,6,25983163,25985324
ENSG00000112343,6,25973175,25973285
ENSG00000112343,6,25983163,25984091
ENSG00000112343,6,25971922,25972099
ENSG00000112343,6,25971913,25972099
ENSG00000112343,6,25962801,25962855
ENSG00000112343,6,25962799,25962855
ENSG00000112343,6,25983163,25983752
ENSG00000112343,6,25983163,25985326
ENSG00000112343,6,25966334,25966933
ENSG00000112343,6,25983163,25984114
ENSG00000112343,6,25983163,25984398
ENSG00000112343,6,25973172,25973285
ENSG00000112343,6,25963048,25963259
ENSG00000112343,6,25983163,25983751
ENSG00000112343,6,25966492,25966933
ENSG00000112343,6,25969324,25969420
ENSG00000112343,6,25971868,25972099
ENSG00000112343,6,25962830,25962917
ENSG00000162722,1,247875899,247880138
ENSG00000162722,1,247864704,247864935
ENSG00000162722,1,247867844,247867867
ENSG00000162722,1,247860616,247860712
ENSG00000162722,1,247867962,247868063
ENSG00000162722,1,247857186,247857666
ENSG00000187688,17,16428816,16428982
ENSG00000187688,17,16432237,16432300
ENSG00000187688,17,16428316,16428387
ENSG00000187688,17,16426098,16426269
ENSG00000187688,17,16432065,16432300
ENSG00000187688,17,16415570,16415833
ENSG00000187688,17,16422598,16422889
ENSG00000187688,17,16432054,16432300
ENSG00000187688,17,16433231,16433698
ENSG00000187688,17,16423468,16423767
ENSG00000187688,17,16428316,16428719
ENSG00000187688,17,16428329,16428387
ENSG00000187688,17,16428375,16428387
ENSG00000187688,17,16436788,16437001
ENSG00000187688,17,16434889,16434969
ENSG00000187688,17,16414523,16416689
ENSG00000187688,17,16419336,16419408
ENSG00000187688,17,16434858,16434969
ENSG00000187688,17,16427473,16427547
ENSG00000187688,17,16431965,16432300
ENSG00000187688,17,16420114,16420248
ENSG00000187688,17,16434701,16434969
ENSG00000187688,17,16436788,16437003
ENSG00000187688,17,16431965,16432269
ENSG00000187688,17,16417561,16417868
ENSG00000187688,17,16433573,16433698
ENSG00000187688,17,16431783,16431850
ENSG00000187688,17,16426721,16426877
ENSG00000187688,17,16427448,16427547
ENSG00000168785,4,98658145,98658570
ENSG00000168785,4,98509801,98509935
ENSG00000168785,4,98482100,98482175
ENSG00000168785,4,98658145,98658637
ENSG00000168785,4,98478684,98478804
ENSG00000168785,4,98478684,98478746
ENSG00000168785,4,98657539,98657692
ENSG00000168785,4,98478684,98478810
ENSG00000168785,4,98470364,98472587
ENSG00000168785,4,98470366,98472587
ENSG00000168785,4,98657539,98657649
ENSG00000168785,4,98517747,98517948
ENSG00000168785,4,98560174,98560233
ENSG00000168785,4,98476188,98476305
ENSG00000168785,4,98496363,98496451
ENSG00000168785,4,98658145,98658685
ENSG00000168785,4,98478699,98478810
ENSG00000168785,4,98482004,98485532
ENSG00000168785,4,98658145,98658633
ENSG00000168785,4,98472344,98472587
ENSG00000168785,4,98496524,98496697
ENSG00000168785,4,98500177,98500271
ENSG00000168785,4,98507677,98507728
ENSG00000168785,4,98486544,98486884
ENSG00000168785,4,98658145,98658294
ENSG00000168785,4,98658145,98658611
ENSG00000168785,4,98472333,98472587
ENSG00000168785,4,98484384,98484441
ENSG00000168785,4,98518124,98518263
ENSG00000168785,4,98658145,98658629
ENSG00000168785,4,98482004,98482175
ENSG00000168785,4,98476412,98476460
ENSG00000168785,4,98657524,98657635
ENSG00000168785,4,98574743,98574905
ENSG00000168785,4,98658145,98658690
ENSG00000168785,4,98470369,98472587
ENSG00000168785,4,98478716,98478810
ENSG00000168785,4,98486737,98486884
ENSG00000168785,4,98658145,98658354
ENSG00000168785,4,98472350,98472587
ENSG00000168785,4,98472209,98472587
ENSG00000168785,4,98657539,98657647
ENSG00000168785,4,98484398,98484598
ENSG00000168785,4,98482061,98482175
ENSG00000168785,4,98574456,98574582
ENSG00000168785,4,98658145,98658613
ENSG00000168785,4,98658145,98658198
ENSG00000137267,6,3157406,3157544
ENSG00000137267,6,3152487,3153578
ENSG00000137267,6,3155624,3156152
ENSG00000137267,6,3153698,3156152
ENSG00000137267,6,3153665,3154538
ENSG00000137267,6,3153665,3154923
ENSG00000137267,6,3152487,3153599
ENSG00000137267,6,3154331,3154487
ENSG00000137267,6,3157406,3157543
ENSG00000137267,6,3153665,3154604
ENSG00000137267,6,3153679,3154923
ENSG00000137267,6,3156043,3156152
ENSG00000137267,6,3154578,3155055
ENSG00000137267,6,3155624,3155735
ENSG00000137267,6,3153698,3155735
ENSG00000137267,6,3156697,3156810
ENSG00000137267,6,3153665,3154600
ENSG00000137267,6,3153496,3154923
ENSG00000137267,6,3157406,3157526
ENSG00000137267,6,3153676,3154923
ENSG00000104833,19,6495958,6496221
ENSG00000104833,19,6501514,6501580
ENSG00000104833,19,6496169,6496221
ENSG00000104833,19,6496015,6496221
ENSG00000104833,19,6494318,6496221
ENSG00000104833,19,6501514,6501787
ENSG00000104833,19,6495163,6496221
ENSG00000104833,19,6502155,6502314
ENSG00000104833,19,6500615,6500742
ENSG00000104833,19,6501489,6501623
ENSG00000104833,19,6502155,6502262
ENSG00000104833,19,6495163,6496129
ENSG00000104833,19,6494703,6494805
ENSG00000104833,19,6502155,6502332
ENSG00000104833,19,6502188,6502338
ENSG00000104833,19,6502678,6502803
ENSG00000104833,19,6496175,6496221
ENSG00000104833,19,6494319,6494513
ENSG00000104833,19,6495904,6496221
ENSG00000104833,19,6501286,6501397
ENSG00000104833,19,6502678,6502848
ENSG00000104833,19,6502155,6502212
ENSG00000104833,19,6494383,6496221
ENSG00000104833,19,6502155,6502337
ENSG00000104833,19,6494319,6494549
ENSG00000104833,19,6495163,6496027
ENSG00000104833,19,6500927,6501397
ENSG00000104833,19,6494735,6495025
ENSG00000104833,19,6496369,6496463
ENSG00000104833,19,6496141,6496221
ENSG00000104833,19,6502155,6502309
ENSG00000104833,19,6501521,6501623
ENSG00000104833,19,6502678,6502844
ENSG00000104833,19,6501514,6501623
ENSG00000131508,5,139626755,139627115
ENSG00000131508,5,139561178,139561815
ENSG00000131508,5,139626755,139627057
ENSG00000131508,5,139623367,139623662
ENSG00000131508,5,139614585,139614617
ENSG00000131508,5,139562243,139562407
ENSG00000131508,5,139627551,139627686
ENSG00000131508,5,139614751,139614774
ENSG00000131508,5,139600403,139600435
ENSG00000131508,5,139626755,139626849
ENSG00000131508,5,139626755,139626855
ENSG00000131508,5,139561699,139561815
ENSG00000131508,5,139561523,139561815
ENSG00000131508,5,139614696,139614774
ENSG00000131508,5,139600825,139600945
ENSG00000131508,5,139554899,139555001
ENSG00000131508,5,139561338,139561815
ENSG00000131508,5,139561723,139561815
ENSG00000131508,5,139561725,139561815
ENSG00000131508,5,139561166,139561815
ENSG00000131508,5,139623367,139623444
ENSG00000131508,5,139614257,139614774
ENSG00000131508,5,139526430,139526612
ENSG00000131508,5,139626755,139628434
ENSG00000131508,5,139614860,139614966
ENSG00000131508,5,139626731,139628434
ENSG00000131508,5,139599848,139599946
ENSG00000131508,5,139626755,139627232
ENSG00000131508,5,139562028,139562407
ENSG00000131508,5,139561313,139561815
ENSG00000131508,5,139561370,139561815
ENSG00000131508,5,139628406,139629724
ENSG00000131508,5,139614585,139614621
ENSG00000131508,5,139561328,139561815
ENSG00000131508,5,139614585,139614685
ENSG00000131508,5,139626755,139628214
ENSG00000131508,5,139561753,139561815
ENSG00000131508,5,139626755,139628403
ENSG00000131508,5,139623712,139623853
ENSG00000131508,5,139600371,139600435
ENSG00000131508,5,139585417,139585609
ENSG00000131508,5,139562303,139562407
ENSG00000131508,5,139626755,139626850
ENSG00000131508,5,139623736,139623853
ENSG00000131508,5,139626755,139627689
ENSG00000131508,5,139626755,139626853
ENSG00000131508,5,139626755,139627692
ENSG00000131508,5,139614714,139614774
ENSG00000131508,5,139623409,139623461
ENSG00000131508,5,139612001,139612363
ENSG00000131508,5,139561352,139561815
ENSG00000131508,5,139623367,139623461
ENSG00000131508,5,139550539,139551872
ENSG00000184182,2,237968277,237968409
ENSG00000184182,2,238041287,238041320
ENSG00000184182,2,237973091,237973225
ENSG00000184182,2,237967059,237967132
ENSG00000184182,2,237967074,237967132
ENSG00000184182,2,238041287,238041933
ENSG00000184182,2,238041287,238042598
ENSG00000184182,2,237972246,237972505
ENSG00000184182,2,238041287,238041295
ENSG00000184182,2,238025341,238025412
ENSG00000184182,2,238041287,238041542
ENSG00000184182,2,238035877,238035922
ENSG00000184182,2,237966999,237967168
ENSG00000184182,2,238041287,238041560
ENSG00000184182,2,237967025,237967132
ENSG00000184182,2,238034661,238034685
ENSG00000184182,2,237967080,237967132
ENSG00000184182,2,237968787,237968909
ENSG00000184182,2,238041287,238042600
ENSG00000184182,2,238041287,238041770
ENSG00000184182,2,237967038,237967132
ENSG00000184182,2,238041287,238041480
ENSG00000184182,2,238041287,238041544
ENSG00000184182,2,237994743,237994809
ENSG00000184182,2,238030555,238030613
ENSG00000184182,2,237973094,237973225
ENSG00000184182,2,238041287,238042593
ENSG00000184182,2,238041290,238041917
ENSG00000184182,2,237967081,237967132
ENSG00000184182,2,238041287,238041546
ENSG00000184182,2,237967017,237967132
ENSG00000184182,2,238041287,238041692
ENSG00000184182,2,237967028,237967132
ENSG00000184182,2,238041287,238042595
ENSG00000184182,2,238041287,238042058
ENSG00000184182,2,238025260,238025412
ENSG00000184182,2,238041287,238041557
ENSG00000184182,2,238016565,238016633
ENSG00000184182,2,238035877,238035940
ENSG00000184182,2,238041287,238041886
ENSG00000184182,2,238041287,238041404
ENSG00000184182,2,238041287,238045486
ENSG00000184182,2,237967007,237967132
ENSG00000184182,2,238041287,238041605
ENSG00000184182,2,237967123,237967691
ENSG00000184182,2,237967191,237967691
ENSG00000184182,2,238041287,238041916
ENSG00000184182,2,237966826,237967132
ENSG00000184182,2,238041287,238042053
ENSG00000184182,2,238003367,238003527
ENSG00000184182,2,238032221,238032254
ENSG00000184182,2,238041287,238042782
ENSG00000184182,2,237967013,237967132
ENSG00000184182,2,238041287,238044469
ENSG00000184182,2,238041287,238041415
ENSG00000184182,2,237967079,237967132
ENSG00000184182,2,237968564,237968652
ENSG00000184182,2,237968564,237968716
ENSG00000184182,2,238041287,238041653
ENSG00000184182,2,237967039,237967132
ENSG00000184182,2,238035128,238035940
ENSG00000184182,2,237973098,237973225
ENSG00000184182,2,237973648,237973747
ENSG00000184182,2,238006098,238006196
ENSG00000184182,2,237968792,237968909
ENSG00000184182,2,238041287,238041545
ENSG00000184182,2,238041287,238041783
ENSG00000184182,2,237967028,237967168
ENSG00000184182,2,238016565,238016630
ENSG00000184182,2,238041287,238041929
ENSG00000184182,2,238041287,238042594
ENSG00000184182,2,237967874,237967999
ENSG00000184182,2,237968564,237968656
ENSG00000184182,2,237967709,237967843
ENSG00000184182,2,237967528,237967691
ENSG00000184182,2,237966954,237967132
ENSG00000184182,2,237967031,237967132
ENSG00000184182,2,238041287,238041739
ENSG00000184182,2,237986161,237986292
ENSG00000184182,2,238028970,238029063
ENSG00000184182,2,237990423,237990552
ENSG00000184182,2,238012982,238013095
ENSG00000184182,2,237968277,237968421
ENSG00000184182,2,238041287,238042052
ENSG00000184182,2,237967050,237967132
ENSG00000184182,2,237966944,237967132
ENSG00000184182,2,237987962,237987992
ENSG00000184182,2,237967010,237967132
ENSG00000184182,2,238041287,238041917
ENSG00000184182,2,237967052,237967168
ENSG00000184182,2,238016532,238016633
ENSG00000184182,2,237967172,237967691
ENSG00000184182,2,237967027,237967132
ENSG00000184182,2,237967016,237967132
ENSG00000184182,2,238032221,238032255
ENSG00000184182,2,238030555,238030595
ENSG00000184182,2,238041287,238042029
ENSG00000184182,2,238041290,238042592
ENSG00000184182,2,238025338,238025412
ENSG00000184182,2,238032221,238032669
ENSG00000184182,2,238041287,238041293
ENSG00000148429,10,11489101,11489222
ENSG00000148429,10,11481769,11481922
ENSG00000148429,10,11611723,11611803
ENSG00000148429,10,11527499,11527567
ENSG00000148429,10,11518534,11518574
ENSG00000148429,10,11573605,11573841
ENSG00000148429,10,11611442,11611667
ENSG00000148429,10,11597630,11597717
ENSG00000148429,10,11485168,11485234
ENSG00000148429,10,11489872,11489950
ENSG00000148429,10,11573605,11573737
ENSG00000148429,10,11460510,11463849
ENSG00000148429,10,11460864,11463849
ENSG00000148429,10,11460327,11463849
ENSG00000148429,10,11489889,11489950
ENSG00000148429,10,11573457,11573496
ENSG00000148429,10,11611304,11612227
ENSG00000148429,10,11462423,11463149
ENSG00000148429,10,11532177,11532275
ENSG00000148429,10,11490831,11490880
ENSG00000148429,10,11467032,11468048
ENSG00000148429,10,11501100,11501208
ENSG00000148429,10,11611442,11611666
ENSG00000148429,10,11611442,11611663
ENSG00000148429,10,11462052,11463849
ENSG00000148429,10,11460509,11463849
ENSG00000148429,10,11525385,11525468
ENSG00000148429,10,11611442,11611650
ENSG00000148429,10,11493118,11493228
ENSG00000148429,10,11564126,11565638
ENSG00000148429,10,11563186,11565638
ENSG00000148429,10,11484970,11485070
ENSG00000148429,10,11611442,11611781
ENSG00000148429,10,11485816,11485911
ENSG00000148429,10,11509594,11509675
ENSG00000148429,10,11490609,11490668
ENSG00000126756,X,47651793,47651895
ENSG00000126756,X,47657571,47657639
ENSG00000126756,X,47659114,47659152
ENSG00000126756,X,47658832,47659180
ENSG00000126756,X,47652080,47652144
ENSG00000126756,X,47657781,47657863
ENSG00000126756,X,47657114,47657863
ENSG00000126756,X,47659114,47659182
ENSG00000126756,X,47657182,47657290
ENSG00000126756,X,47651795,47651895
ENSG00000126756,X,47658829,47659107
ENSG00000126756,X,47658829,47658933
ENSG00000126756,X,47658829,47658936
ENSG00000126756,X,47658829,47659180
ENSG00000126756,X,47658829,47659183
ENSG00000126756,X,47658852,47660377
ENSG00000126756,X,47659114,47659187
ENSG00000126756,X,47657182,47657499
ENSG00000126756,X,47659090,47659180
ENSG00000126756,X,47659114,47659180
ENSG00000126756,X,47659114,47659137
ENSG00000126756,X,47651791,47651895
ENSG00000126756,X,47651800,47651895
ENSG00000035403,10,74005136,74005280
ENSG00000035403,10,73997181,73997221
ENSG00000035403,10,74118022,74120031
ENSG00000035403,10,74118022,74120150
ENSG00000035403,10,74101053,74101097
ENSG00000035403,10,74063685,74063890
ENSG00000035403,10,74043082,74043153
ENSG00000035403,10,74120257,74123910
ENSG00000035403,10,73998113,73998375
ENSG00000035403,10,74094270,74094461
ENSG00000035403,10,74114183,74114387
ENSG00000035403,10,74070669,74070820
ENSG00000035403,10,74108977,74109156
ENSG00000035403,10,74104518,74104586
ENSG00000035403,10,74118022,74120009
ENSG00000035403,10,74118022,74118212
ENSG00000035403,10,74072729,74072852
ENSG00000035403,10,74036222,74036297
ENSG00000035403,10,74100947,74101097
ENSG00000035403,10,74120254,74123910
ENSG00000035403,10,74103819,74103928
ENSG00000035403,10,74082453,74082544
ENSG00000035403,10,74097203,74097332
ENSG00000035403,10,73998115,73998375
ENSG00000035403,10,74083365,74083513
ENSG00000035403,10,74027617,74027915
ENSG00000035403,10,74118022,74120158
ENSG00000035403,10,74118022,74121363
ENSG00000035403,10,74043090,74043153
ENSG00000035403,10,74074742,74074903
ENSG00000035403,10,74108970,74109156
ENSG00000035403,10,74104206,74104270
ENSG00000035403,10,74070974,74071083
ENSG00000035403,10,74090022,74090198
ENSG00000035403,10,74120410,74123910
ENSG00000035403,10,74089195,74089349
ENSG00000035403,10,74118022,74118745
ENSG00000035403,10,73998143,73998375
ENSG00000035403,10,74105050,74105293
ENSG00000035403,10,74111908,74112112
ENSG00000035403,10,74109018,74109156
ENSG00000035403,10,74107229,74107358
ENSG00000035403,10,73998114,73998375
ENSG00000035403,10,74118022,74120160
ENSG00000035403,10,74016831,74016878
ENSG00000035403,10,74108970,74108975
ENSG00000035403,10,74118022,74120169
ENSG00000035403,10,74114794,74114899
ENSG00000035403,10,73998182,73998375
ENSG00000035403,10,73998127,73998375
ENSG00000035403,10,73998116,73998375
ENSG00000035403,10,74074742,74077748
ENSG00000035403,10,74104927,74105353
ENSG00000035403,10,74105050,74105353
ENSG00000035403,10,73995192,73995231
ENSG00000035403,10,74089192,74089349
ENSG00000035403,10,74095655,74095855
ENSG00000035403,10,74118022,74118048
ENSG00000035403,10,74107229,74107354
ENSG00000197415,3,157381272,157381376
ENSG00000197415,3,157489060,157489160
ENSG00000197415,3,157364302,157364512
ENSG00000197415,3,157283223,157283794
ENSG00000197415,3,157315810,157316145
ENSG00000197415,3,157470501,157470529
ENSG00000197415,3,157315810,157316273
ENSG00000197415,3,157460180,157460355
ENSG00000197415,3,157283517,157283798
ENSG00000197415,3,157333233,157333363
ENSG00000197415,3,157533512,157533619
ENSG00000197415,3,157315810,157316419
ENSG00000197415,3,157499394,157499656
ENSG00000197415,3,157503470,157503604
ENSG00000197415,3,157259741,157261370
ENSG00000197415,3,157503276,157503339
ENSG00000197415,3,157315810,157316275
ENSG00000197415,3,157489054,157489160
ENSG00000197415,3,157442365,157443581
ENSG00000197415,3,157428321,157428488
ENSG00000197415,3,157363691,157363761
ENSG00000197415,3,157283223,157283798
ENSG00000197415,3,157505277,157505409
ENSG00000197415,3,157470418,157470529
ENSG00000197415,3,157503470,157503883
ENSG00000197415,3,157503276,157503371
ENSG00000197415,3,157503470,157503574
ENSG00000197415,3,157495211,157495506
ENSG00000197415,3,157415127,157415270
ENSG00000197415,3,157459621,157460355
ENSG00000197415,3,157260690,157261370
ENSG00000197415,3,157437512,157437914
ENSG00000197415,3,157489054,157489356
ENSG00000197415,3,157284977,157286341
ENSG00000197415,3,157499394,157499555
ENSG00000197415,3,157364336,157364787
ENSG00000197415,3,157436882,157436953
ENSG00000197415,3,157315810,157316272
ENSG00000197415,3,157265525,157265662
ENSG00000197415,3,157313620,157313755
ENSG00000197415,3,157317061,157317201
ENSG00000197415,3,157442365,157443633
ENSG00000197415,3,157283223,157283304
ENSG00000197415,3,157283223,157283795
ENSG00000197415,3,157533512,157533614
ENSG00000197415,3,157363292,157363761
ENSG00000197415,3,157260908,157261370
ENSG00000197415,3,157315810,157315895
ENSG00000197415,3,157315810,157316267
ENSG00000197415,3,157503470,157503626
ENSG00000197415,3,157470479,157470529
ENSG00000197415,3,157503276,157503416
ENSG00000197415,3,157364302,157364481
ENSG00000197415,3,157533512,157533616
ENSG00000197415,3,157460094,157460355
ENSG00000197415,3,157286271,157286341
ENSG00000197415,3,157282467,157283764
ENSG00000197415,3,157459620,157459926
ENSG00000197415,3,157315810,157315906
ENSG00000197415,3,157329195,157329633
ENSG00000197415,3,157283223,157283811
ENSG00000197415,3,157284977,157285291
ENSG00000197415,3,157413880,157414090
ENSG00000197415,3,157470313,157470529
ENSG00000197415,3,157381113,157381265
ENSG00000197415,3,157493186,157493293
ENSG00000197415,3,157315810,157317885
ENSG00000197415,3,157381593,157381673
ENSG00000197415,3,157470451,157470529
ENSG00000197415,3,157409668,157409908
ENSG00000197415,3,157499394,157499675
ENSG00000197415,3,157459518,157460355
ENSG00000197415,3,157381155,157381376
ENSG00000197415,3,157282467,157282895
ENSG00000197415,3,157436849,157437063
ENSG00000197415,3,157533512,157533606
ENSG00000197415,3,157315810,157316278
ENSG00000197415,3,157533512,157533615
ENSG00000197415,3,157259745,157261370
ENSG00000197415,3,157315810,157315896
ENSG00000197415,3,157428321,157428427
ENSG00000197415,3,157283223,157283856
ENSG00000197415,3,157499394,157499554
ENSG00000197415,3,157363363,157363761
ENSG00000197415,3,157459621,157459926
ENSG00000197415,3,157533512,157533608
ENSG00000197415,3,157315810,157316280
ENSG00000197415,3,157460214,157460355
ENSG00000197415,3,157286556,157286674
ENSG00000197415,3,157271677,157271933
ENSG00000215305,20,2863370,2863398
ENSG00000215305,20,2860448,2860593
ENSG00000215305,20,2866211,2866315
ENSG00000215305,20,2863948,2864287
ENSG00000215305,20,2840688,2840827
ENSG00000215305,20,2840865,2841182
ENSG00000215305,20,2840865,2841127
ENSG00000215305,20,2840712,2840827
ENSG00000215305,20,2862053,2862130
ENSG00000215305,20,2839788,2840692
ENSG00000215305,20,2840736,2840827
ENSG00000215305,20,2866429,2866736
ENSG00000215305,20,2864977,2865038
ENSG00000215305,20,2864546,2864654
ENSG00000215305,20,2866429,2866742
ENSG00000215305,20,2866429,2866800
ENSG00000215305,20,2840716,2840827
ENSG00000215305,20,2862053,2862093
ENSG00000215305,20,2861614,2861704
ENSG00000215305,20,2861176,2861280
ENSG00000215305,20,2863948,2864082
ENSG00000215305,20,2864178,2864230
ENSG00000215305,20,2860452,2860593
ENSG00000215305,20,2865398,2865495
ENSG00000215305,20,2861224,2861280
ENSG00000215305,20,2840705,2840827
ENSG00000215305,20,2840738,2840827
ENSG00000215305,20,2840696,2840827
ENSG00000215305,20,2862806,2862934
ENSG00000215305,20,2840762,2840827
ENSG00000215305,20,2860053,2860151
ENSG00000215305,20,2862456,2862934
ENSG00000215305,20,2840744,2840827
ENSG00000215305,20,2840210,2840692
ENSG00000215305,20,2859718,2859807
ENSG00000215305,20,2840711,2840827
ENSG00000215305,20,2862578,2862710
ENSG00000215305,20,2866429,2866729
ENSG00000215305,20,2840865,2841190
ENSG00000215305,20,2840702,2840827
ENSG00000215305,20,2866429,2866732
ENSG00000215305,20,2862602,2862710
ENSG00000215305,20,2840865,2841138
ENSG00000215305,20,2860238,2860367
ENSG00000215305,20,2864178,2864287
ENSG00000215305,20,2864178,2864293
ENSG00000215305,20,2864977,2865055
ENSG00000215305,20,2865147,2865317
ENSG00000215305,20,2864364,2864462
ENSG00000215305,20,2861011,2861092
ENSG00000215305,20,2863064,2863100
ENSG00000215305,20,2860747,2860863
ENSG00000215305,20,2840865,2841116
ENSG00000215305,20,2860969,2861092
ENSG00000215305,20,2862053,2862064
ENSG00000215305,20,2866429,2866728
ENSG00000215305,20,2865910,2866315
ENSG00000215305,20,2840726,2840827
ENSG00000215305,20,2840759,2840827
ENSG00000215305,20,2866429,2866734
ENSG00000215305,20,2861227,2861280
ENSG00000215305,20,2861804,2861899
ENSG00000215305,20,2840708,2840827
ENSG00000215305,20,2861870,2861899
ENSG00000215305,20,2862060,2862130
ENSG00000215305,20,2863289,2863398
ENSG00000215305,20,2840754,2840827
ENSG00000215305,20,2840699,2840827
ENSG00000215305,20,2863948,2864083
ENSG00000215305,20,2840865,2841152
ENSG00000215305,20,2866154,2866315
ENSG00000136631,1,150110495,150111973
ENSG00000136631,1,150091936,150092095
ENSG00000136631,1,150068629,150068764
ENSG00000136631,1,150081406,150081476
ENSG00000136631,1,150082715,150082883
ENSG00000136631,1,150092301,150092409
ENSG00000136631,1,150067761,150067950
ENSG00000136631,1,150067278,150067606
ENSG00000136631,1,150144708,150145288
ENSG00000136631,1,150067789,150067950
ENSG00000136631,1,150067800,150067950
ENSG00000136631,1,150144708,150144925
ENSG00000136631,1,150067482,150067622
ENSG00000136631,1,150109174,150110627
ENSG00000136631,1,150098849,150099824
ENSG00000136631,1,150076232,150077779
ENSG00000136631,1,150144633,150145324
ENSG00000136631,1,150067495,150067606
ENSG00000136631,1,150076915,150076984
ENSG00000136631,1,150067834,150067950
ENSG00000136631,1,150076915,150077231
ENSG00000136631,1,150144708,150145320
ENSG00000136631,1,150144708,150145329
ENSG00000136631,1,150067832,150067950
ENSG00000136631,1,150077668,150077779
ENSG00000136631,1,150098849,150099819
ENSG00000136631,1,150110495,150112265
ENSG00000136631,1,150067482,150067665
ENSG00000136631,1,150067798,150067950
ENSG00000136631,1,150067482,150067619
ENSG00000136631,1,150066957,150067709
ENSG00000136631,1,150067482,150067701
ENSG00000136631,1,150081883,150081997
ENSG00000136631,1,150066969,150067692
ENSG00000136631,1,150077632,150077779
ENSG00000136631,1,150144708,150145324
ENSG00000136631,1,150067771,150067950
ENSG00000136631,1,150110495,150111974
ENSG00000136631,1,150066935,150067696
ENSG00000136631,1,150067775,150067950
ENSG00000136631,1,150081883,150081926
ENSG00000136631,1,150082715,150082951
ENSG00000136631,1,150085802,150085945
ENSG00000136631,1,150144708,150145253
ENSG00000136631,1,150068629,150068859
ENSG00000136631,1,150092004,150092095
ENSG00000136631,1,150118590,150118737
ENSG00000136631,1,150077093,150077231
ENSG00000136631,1,150082715,150083307
ENSG00000136631,1,150144708,150145292
ENSG00000136631,1,150067750,150067950
ENSG00000136631,1,150066957,150067722
ENSG00000136631,1,150142837,150145286
ENSG00000136631,1,150068609,150068764
ENSG00000136631,1,150067482,150067653
ENSG00000136631,1,150067750,150068764
ENSG00000136631,1,150077165,150077231
ENSG00000136631,1,150144708,150145285
ENSG00000136631,1,150098849,150099080
ENSG00000136631,1,150087547,150088433
ENSG00000136631,1,150098849,150099318
ENSG00000136631,1,150144708,150145312
ENSG00000136631,1,150081341,150081476
ENSG00000136631,1,150093526,150093648
ENSG00000136631,1,150067368,150067606
ENSG00000136631,1,150144708,150145321
ENSG00000136631,1,150067482,150067664
ENSG00000136631,1,150072165,150072226
ENSG00000136631,1,150067694,150067950
ENSG00000136631,1,150067795,150067950
ENSG00000136631,1,150081883,150082051
ENSG00000136631,1,150142837,150143066
ENSG00000136631,1,150067786,150067950
ENSG00000136631,1,150067801,150067950
ENSG00000136631,1,150066957,150067619
ENSG00000136631,1,150094540,150094749
ENSG00000136631,1,150067482,150067666
ENSG00000136631,1,150064993,150067757
ENSG00000136631,1,150142837,150142931
ENSG00000136631,1,150144708,150145289
ENSG00000136631,1,150067347,150067606
ENSG00000136631,1,150067735,150067950
ENSG00000136631,1,150067803,150067950
ENSG00000136631,1,150076232,150076264
ENSG00000136631,1,150072168,150072226
ENSG00000136631,1,150128927,150129202
ENSG00000136631,1,150090884,150090981
ENSG00000136631,1,150110495,150110627
ENSG00000136631,1,150076232,150077231
ENSG00000136631,1,150066969,150067595
ENSG00000136631,1,150068593,150068764
ENSG00000136631,1,150066957,150067694
ENSG00000136631,1,150093533,150093648
ENSG00000136631,1,150077189,150077231
ENSG00000136631,1,150076232,150076312
ENSG00000136631,1,150067846,150067950
ENSG00000136631,1,150077093,150077779
ENSG00000136631,1,150144708,150145309
ENSG00000136631,1,150067482,150067597
ENSG00000136631,1,150067381,150067606
ENSG00000136631,1,150127472,150127590
ENSG00000136631,1,150068028,150068356
ENSG00000136631,1,150067806,150067950
ENSG00000136631,1,150067482,150067654
ENSG00000136631,1,150066957,150067680
ENSG00000136631,1,150144708,150145323
ENSG00000136631,1,150092301,150092562
ENSG00000122574,7,29914492,29917061
ENSG00000122574,7,29914492,29916563
ENSG00000122574,7,29806485,29806678
ENSG00000122574,7,29883849,29884593
ENSG00000122574,7,29912527,29912632
ENSG00000122574,7,29875829,29875962
ENSG00000122574,7,29889305,29889407
ENSG00000122574,7,29879008,29879140
ENSG00000122574,7,29806507,29806678
ENSG00000122574,7,29834672,29834814
ENSG00000122574,7,29904285,29906175
ENSG00000122574,7,29834667,29834814
ENSG00000122574,7,29904285,29904362
ENSG00000122574,7,29888067,29888217
ENSG00000060237,12,881470,881789
ENSG00000060237,12,859244,859464
ENSG00000060237,12,907846,907956
ENSG00000060237,12,878214,878361
ENSG00000060237,12,900596,900670
ENSG00000060237,12,867082,867139
ENSG00000060237,12,908474,911451
ENSG00000060237,12,894561,894635
ENSG00000060237,12,752592,754324
ENSG00000060237,12,752596,754324
ENSG00000060237,12,865109,865364
ENSG00000060237,12,851423,851782
ENSG00000060237,12,896070,896732
ENSG00000060237,12,883394,883419
ENSG00000060237,12,908474,911300
ENSG00000060237,12,887220,887304
ENSG00000060237,12,827041,827262
ENSG00000060237,12,884648,885704
ENSG00000060237,12,861012,861343
ENSG00000060237,12,868525,871348
ENSG00000060237,12,857160,857249
ENSG00000060237,12,861012,861135
ENSG00000060237,12,753134,754324
ENSG00000060237,12,900475,900670
ENSG00000060237,12,878211,878361
ENSG00000060237,12,752535,754324
ENSG00000060237,12,752922,754324
ENSG00000060237,12,883773,883831
ENSG00000060237,12,861123,861343
ENSG00000060237,12,881910,881971
ENSG00000060237,12,830002,830160
ENSG00000060237,12,908474,911450
ENSG00000060237,12,911024,913452
ENSG00000060237,12,884120,884243
ENSG00000060237,12,908474,911242
ENSG00000060237,12,900475,901074
ENSG00000060237,12,911037,913452
ENSG00000060237,12,908474,908792
ENSG00000060237,12,829924,830160
ENSG00000060237,12,901560,901632
ENSG00000060237,12,865287,866391
ENSG00000060237,12,881910,882073
ENSG00000060237,12,882942,883059
ENSG00000060237,12,910869,913452
ENSG00000060237,12,867865,869104
ENSG00000060237,12,827041,827501
ENSG00000060237,12,868567,869104
ENSG00000060237,12,890452,890513
ENSG00000060237,12,862173,862270
ENSG00000060237,12,881691,881789
ENSG00000060237,12,907846,908201
ENSG00000060237,12,896622,896732
ENSG00000060237,12,752578,754324
ENSG00000060237,12,884648,884688
ENSG00000060237,12,881763,881789
ENSG00000060237,12,752593,754324
ENSG00000060237,12,753055,754324
ENSG00000060237,12,908474,911452
ENSG00000060237,12,908474,909420
ENSG00000060237,12,862082,862270
ENSG00000060237,12,813641,813814
ENSG00000060237,12,907719,908034
ENSG00000060237,12,884648,886084
ENSG00000060237,12,877093,878361
ENSG00000060237,12,878211,878312
ENSG00000060237,12,752757,754324
ENSG00000060237,12,907846,908034
ENSG00000060237,12,871264,871348
ENSG00000060237,12,880720,880814
ENSG00000060237,12,890452,890510
ENSG00000060237,12,884648,885131
ENSG00000060237,12,900472,900670
ENSG00000060237,12,879572,880031
ENSG00000060237,12,781132,781258
ENSG00000060237,12,897478,897681
ENSG00000060237,12,883394,883568
ENSG00000060237,12,880720,880917
ENSG00000060237,12,752589,754324
ENSG00000060237,12,908474,909033
ENSG00000060237,12,880720,880999
ENSG00000060237,12,862234,862270
ENSG00000060237,12,904452,904494
ENSG00000060237,12,889139,889223
ENSG00000060237,12,878014,878361
ENSG00000154767,3,14145417,14145683
ENSG00000154767,3,14158256,14158892
ENSG00000154767,3,14152678,14152971
ENSG00000154767,3,14152334,14152389
ENSG00000154767,3,14147466,14148001
ENSG00000154767,3,14172866,14173062
ENSG00000154767,3,14167168,14167253
ENSG00000154767,3,14164365,14164933
ENSG00000154767,3,14152379,14152442
ENSG00000154767,3,14147954,14148252
ENSG00000154767,3,14145372,14145964
ENSG00000154767,3,14152271,14152442
ENSG00000154767,3,14168256,14168380
ENSG00000154767,3,14151363,14151656
ENSG00000154767,3,14147289,14147379
ENSG00000154767,3,14147289,14148001
ENSG00000154767,3,14145728,14146159
ENSG00000154767,3,14159725,14159892
ENSG00000154767,3,14158010,14158886
ENSG00000154767,3,14145372,14145456
ENSG00000154767,3,14156334,14156495
ENSG00000154767,3,14148813,14148948
ENSG00000154767,3,14145321,14145456
ENSG00000154767,3,14151363,14151441
ENSG00000154767,3,14165427,14165585
ENSG00000154767,3,14178465,14178600
ENSG00000154767,3,14147950,14148423
ENSG00000154767,3,14147950,14148005
ENSG00000154767,3,14151363,14151660
ENSG00000154767,3,14170437,14170550
ENSG00000154767,3,14159740,14159830
ENSG00000154767,3,14145146,14146159
ENSG00000154767,3,14170437,14170614
ENSG00000154767,3,14164812,14164933
ENSG00000154767,3,14145295,14146159
ENSG00000154767,3,14152334,14152416
ENSG00000154767,3,14164906,14164933
ENSG00000154767,3,14148596,14148701
ENSG00000154767,3,14151363,14151827
ENSG00000154767,3,14149862,14149997
ENSG00000154767,3,14147950,14148162
ENSG00000154767,3,14152678,14152817
ENSG00000154767,3,14178465,14178595
ENSG00000154767,3,14156396,14156495
ENSG00000154767,3,14158010,14158892
ENSG00000154767,3,14159740,14159770
ENSG00000154767,3,14178465,14178579
ENSG00000154767,3,14145369,14145683
ENSG00000154767,3,14178465,14178643
ENSG00000154767,3,14178465,14178652
ENSG00000154767,3,14147950,14148048
ENSG00000154767,3,14149841,14149997
ENSG00000154767,3,14148401,14148701
ENSG00000154767,3,14158806,14158892
ENSG00000154767,3,14159725,14159891
ENSG00000154767,3,14147954,14148701
ENSG00000154767,3,14145144,14146159
ENSG00000154767,3,14145148,14146159
ENSG00000154767,3,14148561,14148731
ENSG00000154767,3,14147276,14147510
ENSG00000154767,3,14178465,14178638
ENSG00000154767,3,14152678,14152878
ENSG00000154767,3,14145377,14145456
ENSG00000154767,3,14148561,14148605
ENSG00000154767,3,14170437,14170460
ENSG00000154767,3,14153878,14154033
ENSG00000154767,3,14147907,14148001
ENSG00000154767,3,14145296,14146159
ENSG00000154767,3,14178465,14178606
ENSG00000154767,3,14178483,14178621
ENSG00000154767,3,14152678,14152800
ENSG00000154767,3,14168270,14168380
ENSG00000154767,3,14151363,14151657
ENSG00000154767,3,14145369,14145456
ENSG00000154767,3,14148813,14148928
ENSG00000154767,3,14152678,14153449
ENSG00000154767,3,14145372,14145683
ENSG00000154767,3,14165875,14165978
ENSG00000154767,3,14145321,14145683
ENSG00000154767,3,14149506,14149602
ENSG00000154767,3,14167168,14167267
ENSG00000154767,3,14148285,14148701
ENSG00000154767,3,14178465,14178601
ENSG00000154767,3,14147950,14148314
ENSG00000154767,3,14147954,14148531
ENSG00000143324,1,180834873,180835015
ENSG00000143324,1,180787758,180787854
ENSG00000143324,1,180787752,180787777
ENSG00000143324,1,180806061,180806211
ENSG00000143324,1,180632029,180632270
ENSG00000143324,1,180632084,180632270
ENSG00000143324,1,180880048,180880297
ENSG00000143324,1,180632031,180632270
ENSG00000143324,1,180803387,180803611
ENSG00000143324,1,180825164,180825344
ENSG00000143324,1,180834873,180835045
ENSG00000143324,1,180884005,180890279
ENSG00000143324,1,180877974,180878290
ENSG00000143324,1,180887571,180887911
ENSG00000143324,1,180863763,180863874
ENSG00000143324,1,180632015,180632270
ENSG00000143324,1,180884005,180885635
ENSG00000143324,1,180806473,180806557
ENSG00000143324,1,180884005,180887374
ENSG00000143324,1,180682359,180682411
ENSG00000143324,1,180859822,180860800
ENSG00000143324,1,180884005,180886126
ENSG00000143324,1,180836651,180836716
ENSG00000143324,1,180836521,180836716
ENSG00000143324,1,180884005,180886336
ENSG00000143324,1,180632032,180632270
ENSG00000143324,1,180884005,180886342
ENSG00000143324,1,180824752,180824943
ENSG00000143324,1,180863707,180863874
ENSG00000143324,1,180888052,180888448
ENSG00000143324,1,180884005,180887007
ENSG00000143324,1,180884005,180886351
ENSG00000143324,1,180884005,180884676
ENSG00000143324,1,180787752,180787854
ENSG00000143324,1,180632034,180632270
ENSG00000143324,1,180632021,180632270
ENSG00000143324,1,180632089,180632270
ENSG00000143324,1,180880075,180880297
ENSG00000143324,1,180758721,180758817
ENSG00000143324,1,180811406,180811488
ENSG00000143324,1,180873802,180874055
ENSG00000143324,1,180873802,180873942
ENSG00000143324,1,180863768,180863874
ENSG00000143324,1,180884005,180886344
ENSG00000090238,16,30092576,30092799
ENSG00000090238,16,30094384,30094475
ENSG00000090238,16,30096744,30096915
ENSG00000090238,16,30095251,30095335
ENSG00000090238,16,30096096,30096205
ENSG00000090238,16,30094852,30094897
ENSG00000090238,16,30096096,30096208
ENSG00000090238,16,30094788,30094897
ENSG00000090238,16,30092760,30092799
ENSG00000090238,16,30095995,30096195
ENSG00000090238,16,30095251,30095588
ENSG00000090238,16,30095251,30096012
ENSG00000090238,16,30096362,30097419
ENSG00000090238,16,30096096,30096241
ENSG00000090238,16,30094788,30094930
ENSG00000090238,16,30096096,30096244
ENSG00000090238,16,30095251,30096213
ENSG00000090238,16,30092313,30092793
ENSG00000090238,16,30092348,30092799
ENSG00000090238,16,30092313,30092799
ENSG00000090238,16,30092339,30092799
ENSG00000090238,16,30096615,30096912
ENSG00000090238,16,30092777,30092799
ENSG00000090238,16,30092636,30092799
ENSG00000090238,16,30094997,30095146
ENSG00000090238,16,30096096,30096170
ENSG00000090238,16,30095251,30095434
ENSG00000090238,16,30094788,30094880
ENSG00000090238,16,30095251,30095983
ENSG00000090238,16,30093761,30094897
ENSG00000090238,16,30095102,30095146
ENSG00000090238,16,30093744,30095146
ENSG00000169554,2,144429602,144430026
ENSG00000169554,2,144519410,144519475
ENSG00000169554,2,144518292,144518450
ENSG00000169554,2,144520351,144520364
ENSG00000169554,2,144478987,144479016
ENSG00000169554,2,144517977,144518575
ENSG00000169554,2,144518987,144519027
ENSG00000169554,2,144519938,144520332
ENSG00000169554,2,144520503,144520681
ENSG00000169554,2,144429910,144430026
ENSG00000169554,2,144516457,144516761
ENSG00000169554,2,144520351,144520394
ENSG00000169554,2,144519383,144519475
ENSG00000169554,2,144520151,144520369
ENSG00000169554,2,144519938,144520362
ENSG00000169554,2,144517611,144517825
ENSG00000169554,2,144449635,144449779
ENSG00000169554,2,144520555,144521057
ENSG00000169554,2,144518456,144518575
ENSG00000169554,2,144399350,144400270
ENSG00000169554,2,144518446,144518574
ENSG00000169554,2,144518292,144518406
ENSG00000169554,2,144429555,144430026
ENSG00000169554,2,144516457,144516553
ENSG00000169554,2,144384080,144390028
ENSG00000169554,2,144519070,144519100
ENSG00000169554,2,144404995,144405024
ENSG00000169554,2,144519938,144520398
ENSG00000169554,2,144520214,144521111
ENSG00000169554,2,144455051,144455173
ENSG00000169554,2,144519613,144519674
ENSG00000169554,2,144430537,144430934
ENSG00000169554,2,144404097,144404130
ENSG00000169554,2,144448746,144448869
ENSG00000169554,2,144520214,144520409
ENSG00000169554,2,144519510,144520085
ENSG00000169554,2,144450156,144450450
ENSG00000169554,2,144518405,144518575
ENSG00000169554,2,144429768,144430026
ENSG00000169554,2,144404835,144405373
ENSG00000169554,2,144388015,144390028
ENSG00000169554,2,144401198,144402662
ENSG00000169554,2,144424855,144424867
ENSG00000169554,2,144518235,144518575
ENSG00000169554,2,144426512,144430026
ENSG00000169554,2,144429981,144430026
ENSG00000169554,2,144430744,144430942
ENSG00000169554,2,144519938,144520119
ENSG00000169554,2,144401198,144401307
ENSG00000169554,2,144494264,144496878
ENSG00000169554,2,144388309,144390028
ENSG00000169554,2,144519117,144520110
ENSG00000169554,2,144403915,144404130
ENSG00000169554,2,144388340,144389753
ENSG00000169554,2,144520214,144520285
ENSG00000169554,2,144405002,144405024
ENSG00000169554,2,144461111,144464078
ENSG00000169554,2,144518199,144518575
ENSG00000169554,2,144520351,144520400
ENSG00000169554,2,144520214,144520477
ENSG00000169554,2,144445043,144445091
ENSG00000169554,2,144396411,144396592
ENSG00000169554,2,144519510,144520110
ENSG00000169554,2,144398300,144400270
ENSG00000169554,2,144388779,144390028
ENSG00000169554,2,144388022,144390028
ENSG00000169554,2,144517745,144518026
ENSG00000169554,2,144503661,144504633
ENSG00000169554,2,144521038,144521116
ENSG00000169554,2,144490972,144491302
ENSG00000169554,2,144501786,144501960
ENSG00000169554,2,144520753,144521477
ENSG00000169554,2,144518292,144518424
ENSG00000169554,2,144519835,144520367
ENSG00000169554,2,144511390,144514451
ENSG00000169554,2,144519938,144520361
ENSG00000169554,2,144518142,144518198
ENSG00000169554,2,144455051,144455200
ENSG00000169554,2,144429787,144430026
ENSG00000169554,2,144424795,144424953
ENSG00000169554,2,144520214,144520381
ENSG00000169554,2,144519938,144520208
ENSG00000169554,2,144517658,144517755
ENSG00000169554,2,144520351,144520386
ENSG00000169554,2,144519835,144519887
ENSG00000169554,2,144424795,144424864
ENSG00000169554,2,144517277,144517557
ENSG00000169554,2,144394392,144394480
ENSG00000169554,2,144518801,144518861
ENSG00000169554,2,144520214,144520383
ENSG00000169554,2,144507378,144507420
ENSG00000169554,2,144388133,144390028
ENSG00000169554,2,144389284,144390028
ENSG00000169554,2,144403994,144404130
ENSG00000169554,2,144464165,144464342
ENSG00000169554,2,144396411,144396562
ENSG00000169554,2,144497707,144497764
ENSG00000169554,2,144396411,144396461
ENSG00000169554,2,144398300,144398318
ENSG00000169554,2,144388015,144388882
ENSG00000169554,2,144389316,144390028
ENSG00000169554,2,144520351,144520381
ENSG00000169554,2,144519938,144520102
ENSG00000169554,2,144364363,144365626
ENSG00000169554,2,144399079,144400270
ENSG00000169554,2,144517611,144517632
ENSG00000169554,2,144520151,144520313
ENSG00000169554,2,144517277,144517506
ENSG00000169554,2,144518240,144518294
ENSG00000169554,2,144389212,144390028
ENSG00000169554,2,144390551,144390601
ENSG00000169554,2,144518187,144518575
ENSG00000169554,2,144520214,144520268
ENSG00000169554,2,144518202,144518575
ENSG00000169554,2,144482168,144482341
ENSG00000169554,2,144444847,144444882
ENSG00000169554,2,144519958,144520028
ENSG00000169554,2,144511388,144513797
ENSG00000169554,2,144398300,144400345
ENSG00000169554,2,144398300,144398850
ENSG00000169554,2,144517658,144517718
ENSG00000169554,2,144519938,144520006
ENSG00000169554,2,144519958,144520110
ENSG00000169554,2,144404835,144405024
ENSG00000169554,2,144516335,144516397
ENSG00000169554,2,144520753,144520905
ENSG00000169554,2,144389865,144390028
ENSG00000169554,2,144515174,144515721
ENSG00000169554,2,144517277,144517419
ENSG00000169554,2,144520455,144520555
ENSG00000169554,2,144518133,144518261
ENSG00000169554,2,144519348,144519475
ENSG00000169554,2,144388661,144390028
ENSG00000169554,2,144470418,144470498
ENSG00000169554,2,144518232,144518575
ENSG00000169554,2,144515948,144516164
ENSG00000169554,2,144518292,144518446
ENSG00000169554,2,144461832,144462337
ENSG00000169554,2,144520214,144520373
ENSG00000169554,2,144520753,144520907
ENSG00000169554,2,144430980,144431022
ENSG00000169554,2,144518813,144518861
ENSG00000169554,2,144517686,144518007
ENSG00000169554,2,144517686,144517897
ENSG00000169554,2,144398720,144400270
ENSG00000169554,2,144520151,144520374
ENSG00000169554,2,144399869,144400270
ENSG00000169554,2,144429825,144430026
ENSG00000169554,2,144388017,144390028
ENSG00000169554,2,144518751,144518861
ENSG00000169554,2,144518670,144518851
ENSG00000169554,2,144513422,144513797
ENSG00000169554,2,144519835,144520110
ENSG00000169554,2,144511384,144513797
ENSG00000169554,2,144517277,144517551
ENSG00000169554,2,144424795,144424867
ENSG00000169554,2,144517611,144517750
ENSG00000198315,6,28153055,28154111
ENSG00000198315,6,28148315,28148838
ENSG00000198315,6,28142210,28142263
ENSG00000198315,6,28149482,28149624
ENSG00000198315,6,28141936,28142029
ENSG00000198315,6,28148318,28148824
ENSG00000198315,6,28147982,28148485
ENSG00000198315,6,28151844,28151936
ENSG00000198315,6,28141731,28141767
ENSG00000198315,6,28153055,28153079
ENSG00000198315,6,28152260,28152384
ENSG00000198315,6,28141894,28142029
ENSG00000198315,6,28153055,28159458
ENSG00000198315,6,28153055,28159461
ENSG00000198315,6,28141909,28142029
ENSG00000198315,6,28144330,28144424
ENSG00000198315,6,28153055,28154073
ENSG00000198315,6,28153055,28154393
ENSG00000198315,6,28148315,28148824
ENSG00000198315,6,28153055,28155659
ENSG00000198315,6,28141937,28142029
ENSG00000198315,6,28141882,28142029
ENSG00000198315,6,28153055,28159460
ENSG00000198315,6,28142552,28142656
ENSG00000101040,20,47356379,47356414
ENSG00000101040,20,47209221,47210897
ENSG00000101040,20,47348016,47348072
ENSG00000101040,20,47208621,47209245
ENSG00000101040,20,47356656,47356725
ENSG00000101040,20,47356656,47356670
ENSG00000101040,20,47310156,47310204
ENSG00000101040,20,47210246,47210897
ENSG00000101040,20,47209348,47210897
ENSG00000101040,20,47238757,47239138
ENSG00000101040,20,47356656,47356727
ENSG00000101040,20,47276313,47276795
ENSG00000101040,20,47294665,47294779
ENSG00000101040,20,47282101,47282217
ENSG00000101040,20,47246007,47246517
ENSG00000101040,20,47356656,47356720
ENSG00000101040,20,47212641,47212725
ENSG00000101040,20,47298728,47298900
ENSG00000101040,20,47227202,47227281
ENSG00000101040,20,47210412,47210897
ENSG00000101040,20,47356656,47356729
ENSG00000101040,20,47209351,47210897
ENSG00000101040,20,47352416,47352740
ENSG00000101040,20,47236325,47236516
ENSG00000101040,20,47356656,47356704
ENSG00000101040,20,47356656,47356823
ENSG00000101040,20,47210440,47210897
ENSG00000101040,20,47347855,47347926
ENSG00000101040,20,47356656,47356713
ENSG00000101040,20,47246092,47246517
ENSG00000101040,20,47290186,47290274
ENSG00000101040,20,47357435,47359761
ENSG00000101040,20,47356656,47356697
ENSG00000101040,20,47356656,47356706
ENSG00000101040,20,47357662,47357981
ENSG00000101040,20,47356656,47356889
ENSG00000101040,20,47356656,47357609
ENSG00000101040,20,47318950,47319061
ENSG00000101040,20,47210459,47210897
ENSG00000101040,20,47210077,47210511
ENSG00000101040,20,47209213,47210897
ENSG00000101040,20,47356656,47356699
ENSG00000101040,20,47209215,47210897
ENSG00000101040,20,47352565,47352744
ENSG00000101040,20,47351709,47351877
ENSG00000101040,20,47210434,47210897
ENSG00000101040,20,47283570,47283648
ENSG00000101040,20,47298728,47298872
ENSG00000101040,20,47249286,47249439
ENSG00000101040,20,47287228,47287284
ENSG00000101040,20,47221313,47221474
ENSG00000101040,20,47353004,47354633
ENSG00000101040,20,47291795,47291888
ENSG00000101040,20,47237309,47239138
ENSG00000101040,20,47349860,47349988
ENSG00000101040,20,47210411,47210897
ENSG00000101040,20,47209350,47210897
ENSG00000101040,20,47356656,47356694
ENSG00000101040,20,47224316,47224556
ENSG00000101040,20,47357673,47358009
ENSG00000101040,20,47298728,47298947
ENSG00000101040,20,47357653,47357804
ENSG00000101040,20,47209222,47210897
ENSG00000101040,20,47355449,47355520
ENSG00000101040,20,47353004,47353561
ENSG00000101040,20,47238895,47239132
ENSG00000101040,20,47355449,47355657
ENSG00000101040,20,47356656,47357608
ENSG00000101040,20,47357699,47357977
ENSG00000101040,20,47229725,47229806
ENSG00000101040,20,47310055,47310204
ENSG00000101040,20,47209216,47210897
ENSG00000101040,20,47356656,47356728
ENSG00000101040,20,47356656,47356700
ENSG00000101040,20,47262287,47262428
ENSG00000101040,20,47356656,47356730
ENSG00000101040,20,47356656,47356684
ENSG00000101040,20,47318501,47320754
ENSG00000101040,20,47238895,47239138
ENSG00000101040,20,47220257,47220324
ENSG00000101040,20,47348136,47349142
ENSG00000101040,20,47310102,47310204
ENSG00000101040,20,47210760,47210897
ENSG00000101040,20,47217318,47217390
ENSG00000197961,19,9584185,9584348
ENSG00000197961,19,9569001,9569082
ENSG00000197961,19,9567647,9567743
ENSG00000197961,19,9560352,9567109
ENSG00000197961,19,9568094,9568175
ENSG00000197961,19,9584460,9584504
ENSG00000197961,19,9560328,9567109
ENSG00000197961,19,9566659,9567109
ENSG00000197961,19,9584460,9584497
ENSG00000197961,19,9567647,9567705
ENSG00000198039,7,64882512,64882785
ENSG00000198039,7,64870171,64870381
ENSG00000198039,7,64882492,64882785
ENSG00000198039,7,64889451,64890135
ENSG00000198039,7,64889065,64889962
ENSG00000198039,7,64893747,64893897
ENSG00000198039,7,64889810,64889973
ENSG00000198039,7,64877326,64877541
ENSG00000198039,7,64927653,64929124
ENSG00000198039,7,64889065,64889187
ENSG00000198039,7,64890717,64890894
ENSG00000198039,7,64888544,64888817
ENSG00000198039,7,64889451,64890217
ENSG00000198039,7,64879449,64880239
ENSG00000198039,7,64888572,64889855
ENSG00000198039,7,64888541,64888870
ENSG00000198039,7,64903272,64903419
ENSG00000198039,7,64888540,64888813
ENSG00000198039,7,64888544,64888835
ENSG00000198039,7,64889065,64889208
ENSG00000198039,7,64889451,64889872
ENSG00000198039,7,64893411,64893456
ENSG00000198039,7,64903252,64903419
ENSG00000198039,7,64889065,64890071
ENSG00000198039,7,64927653,64930966
ENSG00000198039,7,64888526,64888817
ENSG00000198039,7,64888537,64888817
ENSG00000198039,7,64918196,64918292
ENSG00000198039,7,64927653,64930981
ENSG00000198039,7,64889451,64889963
ENSG00000198039,7,64903287,64903419
ENSG00000198039,7,64917029,64917118
ENSG00000198039,7,64923385,64924431
ENSG00000198039,7,64927653,64929257
ENSG00000198039,7,64889451,64889560
ENSG00000198039,7,64878380,64878495
ENSG00000198039,7,64888541,64888817
ENSG00000198039,7,64889065,64889999
ENSG00000198039,7,64889451,64889868
ENSG00000198039,7,64888540,64889187
ENSG00000198039,7,64889451,64890051
ENSG00000198039,7,64889451,64889871
ENSG00000198039,7,64888537,64888813
ENSG00000198039,7,64877659,64877874
ENSG00000198039,7,64888572,64888868
ENSG00000198039,7,64879449,64879731
ENSG00000198039,7,64889940,64889962
ENSG00000198039,7,64889810,64889962
ENSG00000198039,7,64903252,64903366
ENSG00000198039,7,64889451,64889962
ENSG00000198039,7,64888541,64888914
ENSG00000198039,7,64888512,64888817
ENSG00000198039,7,64897347,64898054
ENSG00000198039,7,64889065,64889560
ENSG00000198039,7,64889840,64890234
ENSG00000198039,7,64889451,64889977
ENSG00000198039,7,64889840,64889999
ENSG00000198039,7,64888541,64888813
ENSG00000198039,7,64888541,64888929
ENSG00000198039,7,64889065,64889871
ENSG00000198039,7,64888540,64888817
ENSG00000198039,7,64888537,64888870
ENSG00000198039,7,64889794,64889962
ENSG00000198039,7,64917580,64917707
ENSG00000196705,19,21182622,21186565
ENSG00000196705,19,21175452,21175474
ENSG00000196705,19,21182622,21196053
ENSG00000196705,19,21166334,21166461
ENSG00000196705,19,21185943,21186287
ENSG00000196705,19,21169802,21169882
ENSG00000196705,19,21142004,21142186
ENSG00000196705,19,21182622,21184795
ENSG00000196705,19,21189864,21189998
ENSG00000196705,19,21143550,21143643
ENSG00000196705,19,21182622,21184346
ENSG00000196705,19,21142039,21142186
ENSG00000196705,19,21188597,21188953
ENSG00000196705,19,21189864,21190226
ENSG00000196705,19,21182622,21184797
ENSG00000196705,19,21167570,21167666
ENSG00000196705,19,21151078,21151198
ENSG00000196705,19,21182622,21184092
ENSG00000196705,19,21142076,21142186
ENSG00000196705,19,21142023,21142186
ENSG00000196705,19,21142034,21142186
ENSG00000196705,19,21142036,21142186
ENSG00000196705,19,21182622,21183158
ENSG00000196705,19,21149647,21150438
ENSG00000196705,19,21184491,21184597
ENSG00000196705,19,21167567,21167666
ENSG00000196705,19,21151150,21151198
ENSG00000196705,19,21189864,21190231
ENSG00000196705,19,21182622,21182660
ENSG00000178163,4,10441578,10446539
ENSG00000178163,4,10446101,10446539
ENSG00000178163,4,10439879,10446539
ENSG00000178163,4,10457316,10457398
ENSG00000178163,4,10461052,10461381
ENSG00000178163,4,10457316,10457407
ENSG00000178163,4,10457316,10457404
ENSG00000178163,4,10457316,10457410
ENSG00000178163,4,10452796,10453022
ENSG00000178163,4,10450781,10450857
ENSG00000178163,4,10442707,10446539
ENSG00000178163,4,10461052,10461338
ENSG00000178163,4,10457316,10457425
ENSG00000178163,4,10439872,10446539
ENSG00000178163,4,10457471,10457762
ENSG00000178163,4,10454593,10454988
ENSG00000178163,4,10457316,10457388
ENSG00000178163,4,10454804,10454988
ENSG00000178163,4,10442715,10446539
ENSG00000178163,4,10457316,10457412
ENSG00000178163,4,10442706,10446539
ENSG00000178163,4,10450886,10454988
ENSG00000178163,4,10442717,10446539
ENSG00000178163,4,10454718,10454988
ENSG00000178163,4,10461052,10461340
ENSG00000178163,4,10439882,10446539
ENSG00000178163,4,10457316,10457753
ENSG00000178163,4,10457316,10457405
ENSG00000178163,4,10457316,10457408
ENSG00000178163,4,10456744,10456840
ENSG00000178163,4,10457316,10457426
ENSG00000178163,4,10457133,10457176
ENSG00000178163,4,10450274,10450423
ENSG00000178163,4,10450274,10450728
ENSG00000178163,4,10450886,10453022
ENSG00000178163,4,10442703,10446539
ENSG00000018869,19,56382751,56385184
ENSG00000018869,19,56393236,56393430
ENSG00000018869,19,56376866,56377208
ENSG00000018869,19,56381751,56383924
ENSG00000018869,19,56384881,56385184
ENSG00000018869,19,56384872,56385184
ENSG00000018869,19,56390000,56390096
ENSG00000018869,19,56376118,56376121
ENSG00000018869,19,56393219,56393328
ENSG00000018869,19,56393441,56393478
ENSG00000018869,19,56382750,56385184
ENSG00000018869,19,56388259,56388424
ENSG00000018869,19,56391743,56391832
ENSG00000018869,19,56376866,56379828
ENSG00000018869,19,56376866,56377366
ENSG00000018869,19,56393236,56393533
ENSG00000018869,19,56375845,56376121
ENSG00000018869,19,56380229,56381390
ENSG00000018869,19,56390374,56390501
ENSG00000018869,19,56376866,56379553
ENSG00000018869,19,56393441,56393520
ENSG00000018869,19,56376866,56376929
ENSG00000018869,19,56382754,56385184
ENSG00000018869,19,56387411,56387698
ENSG00000018869,19,56393441,56393538
ENSG00000018869,19,56376866,56379528
ENSG00000018869,19,56376866,56377972
ENSG00000018869,19,56393219,56393534
ENSG00000018869,19,56386225,56386690
ENSG00000018869,19,56376866,56378350
ENSG00000018869,19,56376866,56376971
ENSG00000171161,1,248839092,248839451
ENSG00000171161,1,248847051,248847483
ENSG00000171161,1,248838209,248838551
ENSG00000171161,1,248847174,248847285
ENSG00000171161,1,248838330,248838551
ENSG00000171161,1,248847051,248847385
ENSG00000171161,1,248839005,248839144
ENSG00000171161,1,248845565,248845662
ENSG00000171161,1,248847051,248847208
ENSG00000171161,1,248847174,248849515
ENSG00000171161,1,248839088,248839230
ENSG00000171161,1,248844496,248844636
ENSG00000171161,1,248839086,248839230
ENSG00000171161,1,248847051,248847101
ENSG00000171161,1,248847051,248847220
ENSG00000171161,1,248845580,248845662
ENSG00000171161,1,248838246,248838274
ENSG00000171161,1,248839153,248839451
ENSG00000171161,1,248838800,248839074
ENSG00000171161,1,248838776,248839074
ENSG00000171161,1,248847051,248849517
ENSG00000171161,1,248838735,248838950
ENSG00000171161,1,248847051,248849038
ENSG00000171161,1,248847012,248849513
ENSG00000171161,1,248838788,248838950
ENSG00000171161,1,248838209,248838370
ENSG00000171161,1,248847174,248849514
ENSG00000171161,1,248844482,248844636
ENSG00000171161,1,248838327,248838551
ENSG00000171161,1,248845565,248849520
ENSG00000171161,1,248842722,248842780
ENSG00000171161,1,248847051,248849513
ENSG00000171161,1,248847051,248849516
ENSG00000171161,1,248839142,248839230
ENSG00000171161,1,248838752,248838950
ENSG00000171161,1,248847051,248849412
ENSG00000171161,1,248838223,248838551
ENSG00000171161,1,248847174,248849516
ENSG00000171161,1,248846844,248849516
ENSG00000171161,1,248847174,248849513
ENSG00000171161,1,248838335,248838551
ENSG00000171161,1,248838827,248839074
ENSG00000171161,1,248839089,248839230
ENSG00000171161,1,248845565,248845922
ENSG00000171161,1,248845774,248845922
ENSG00000171161,1,248847051,248849515
ENSG00000196757,19,11925119,11925273
ENSG00000196757,19,11947513,11947574
ENSG00000196757,19,11925110,11925273
ENSG00000196757,19,11948275,11950773
ENSG00000196757,19,11939958,11940026
ENSG00000196757,19,11925106,11925273
ENSG00000196757,19,11946753,11947307
ENSG00000196757,19,11948275,11950763
ENSG00000196757,19,11947171,11947307
ENSG00000196757,19,11950241,11950619
ENSG00000196757,19,11925067,11925273
ENSG00000196757,19,11947180,11947307
ENSG00000196757,19,11925074,11925273
